state_code,state_name,lga_code,lga_name,ward_code,ward_name,pu_code,pu_delimitation,pu_name,pu_status,inec_lga_id,inec_ward_id,inec_pu_id
27,OGUN,01,ABEOKUTA NORTH,01,IKEREKU,001,27/01/01/001,O.U.S PRY. SCHOOL IKEREKU I,EXISTING PU,562,17263,339575
27,OGUN,01,ABEOKUTA NORTH,01,IKEREKU,002,27/01/01/002,O.U.S PRY. SCHOOL IKEREKU  II,EXISTING PU,562,17263,339576
27,OGUN,01,ABEOKUTA NORTH,01,IKEREKU,003,27/01/01/003,NEAR HOLY TRINITY CHURCH I,EXISTING PU,562,17263,339577
27,OGUN,01,ABEOKUTA NORTH,01,IKEREKU,004,27/01/01/004,NEAR HOLY TRINITY CHURCH II,EXISTING PU,562,17263,339578
27,OGUN,01,ABEOKUTA NORTH,01,IKEREKU,005,27/01/01/005,NEAR ITA OGBONI IDOMAPA I,EXISTING PU,562,17263,339579
27,OGUN,01,ABEOKUTA NORTH,01,IKEREKU,006,27/01/01/006,NEAR ITA OGBONI IDOMAPA II,EXISTING PU,562,17263,339580
27,OGUN,01,ABEOKUTA NORTH,01,IKEREKU,007,27/01/01/007,OJUDE AGBURIN,EXISTING PU,562,17263,339581
27,OGUN,01,ABEOKUTA NORTH,01,IKEREKU,008,27/01/01/008,NEAR AROWOREHIN MOSQUE II,EXISTING PU,562,17263,339582
27,OGUN,01,ABEOKUTA NORTH,01,IKEREKU,009,27/01/01/009,NEAR OKE ERI MOSQUE,EXISTING PU,562,17263,339583
27,OGUN,01,ABEOKUTA NORTH,01,IKEREKU,010,27/01/01/010,NEAR LASODE HOUSE I,EXISTING PU,562,17263,339584
27,OGUN,01,ABEOKUTA NORTH,01,IKEREKU,011,27/01/01/011,NEAR LASODE HOUSE II,EXISTING PU,562,17263,339585
27,OGUN,01,ABEOKUTA NORTH,01,IKEREKU,012,27/01/01/012,OPEN SPACE CLOSE TO THE AJANAKU'S,EXISTING PU,562,17263,339586
27,OGUN,01,ABEOKUTA NORTH,01,IKEREKU,013,27/01/01/013,"OPEN SPACE NEAR ITA OGBONI, IKEREKU",NEW PU,562,17263,339587
27,OGUN,01,ABEOKUTA NORTH,01,IKEREKU,014,27/01/01/014,"OPEN SPACE NEAR ALARAN MOSQUE, IKEREKU",NEW PU,562,17263,339588
27,OGUN,01,ABEOKUTA NORTH,01,IKEREKU,015,27/01/01/015,"OJUFEREWA SQUARE, AGO ODO.",NEW PU,562,17263,339589
27,OGUN,01,ABEOKUTA NORTH,02,IKIJA,001,27/01/02/001,NUD IKIJA  I,EXISTING PU,562,17264,339590
27,OGUN,01,ABEOKUTA NORTH,02,IKIJA,002,27/01/02/002,NUD IKIJA  II,EXISTING PU,562,17264,339591
27,OGUN,01,ABEOKUTA NORTH,02,IKIJA,003,27/01/02/003,HOLY PROPHET ISALE OGUN  I,EXISTING PU,562,17264,339592
27,OGUN,01,ABEOKUTA NORTH,02,IKIJA,004,27/01/02/004,HOLY PROPHET ISALE OGUN  II,EXISTING PU,562,17264,339593
27,OGUN,01,ABEOKUTA NORTH,02,IKIJA,005,27/01/02/005,AHMADIYA PRY. SCHOOL,EXISTING PU,562,17264,339594
27,OGUN,01,ABEOKUTA NORTH,02,IKIJA,006,27/01/02/006,OPEN SPACE AT OSUNRINDE'S HOUSE I,EXISTING PU,562,17264,339595
27,OGUN,01,ABEOKUTA NORTH,02,IKIJA,007,27/01/02/007,"NEAR CENTRAL MOSQUE, IKIJA",NEW PU,562,17264,339596
27,OGUN,01,ABEOKUTA NORTH,02,IKIJA,008,27/01/02/008,"NEAR ADEDOTUN CENTRAL MOSQUE, OJUDE AGBURIN",NEW PU,562,17264,339597
27,OGUN,01,ABEOKUTA NORTH,02,IKIJA,009,27/01/02/009,"OPEN SPACE AT ABIYE JUNCTION, ADEDOTUN",NEW PU,562,17264,339598
27,OGUN,01,ABEOKUTA NORTH,02,IKIJA,010,27/01/02/010,OPEN SPACE AT OSUNRINDE'S HOUSE II,NEW PU,562,17264,339599
27,OGUN,01,ABEOKUTA NORTH,03,AGO OKO,001,27/01/03/001,SPACE AT ITAMORIN  I,EXISTING PU,562,17265,339600
27,OGUN,01,ABEOKUTA NORTH,03,AGO OKO,002,27/01/03/002,SPACE AT ITAMORIN  II,EXISTING PU,562,17265,339601
27,OGUN,01,ABEOKUTA NORTH,03,AGO OKO,003,27/01/03/003,SPACE AT KINOSHI HOUSE  I,EXISTING PU,562,17265,339602
27,OGUN,01,ABEOKUTA NORTH,03,AGO OKO,004,27/01/03/004,SPACE AT KINOSHI HOUSE  II,EXISTING PU,562,17265,339603
27,OGUN,01,ABEOKUTA NORTH,03,AGO OKO,005,27/01/03/005,MUSLIM PRY. SCHOOL AGO-OKO  I,EXISTING PU,562,17265,339604
27,OGUN,01,ABEOKUTA NORTH,03,AGO OKO,006,27/01/03/006,MUSLIM PRY. SCHOOL AGO-OKO  II,EXISTING PU,562,17265,339605
27,OGUN,01,ABEOKUTA NORTH,03,AGO OKO,007,27/01/03/007,MUSLIM PRY. SCHOOL AGO-OKO  III,EXISTING PU,562,17265,339606
27,OGUN,01,ABEOKUTA NORTH,03,AGO OKO,008,27/01/03/008,ITA BALOGUN MOSQUE  I,EXISTING PU,562,17265,339607
27,OGUN,01,ABEOKUTA NORTH,03,AGO OKO,009,27/01/03/009,ITA BALOGUN MOSQUE  II,EXISTING PU,562,17265,339608
27,OGUN,01,ABEOKUTA NORTH,03,AGO OKO,010,27/01/03/010,ITA BALOGUN MOSQUE  III,EXISTING PU,562,17265,339609
27,OGUN,01,ABEOKUTA NORTH,03,AGO OKO,011,27/01/03/011,ARAROMI MOSQUE,EXISTING PU,562,17265,339610
27,OGUN,01,ABEOKUTA NORTH,03,AGO OKO,012,27/01/03/012,"OPEN SPACE NEAR PUBLIC WATER, ITAMORIN",NEW PU,562,17265,339611
27,OGUN,01,ABEOKUTA NORTH,03,AGO OKO,013,27/01/03/013,OPEN SPACE AT OBA ADEDAMOLA STREET,NEW PU,562,17265,339612
27,OGUN,01,ABEOKUTA NORTH,03,AGO OKO,014,27/01/03/014,OPEN SPACE IN FRONT OF TAPO MOSQUE,NEW PU,562,17265,339613
27,OGUN,01,ABEOKUTA NORTH,03,AGO OKO,015,27/01/03/015,NEAR ALABUKUN HOUSE,NEW PU,562,17265,339614
27,OGUN,01,ABEOKUTA NORTH,03,AGO OKO,016,27/01/03/016,"OPEN SPACE NEAR TANTOLORUN MOSQUE, OKE-OKO",NEW PU,562,17265,339615
27,OGUN,01,ABEOKUTA NORTH,03,AGO OKO,017,27/01/03/017,"OPEN SPACE IN FRONT OF JEHOVAH WITNESS, KINGDOM HALL",NEW PU,562,17265,339616
27,OGUN,01,ABEOKUTA NORTH,04,ELEGA,001,27/01/04/001,MUSLIM PRY. SCHOOL ELEGA  I,EXISTING PU,562,17266,339617
27,OGUN,01,ABEOKUTA NORTH,04,ELEGA,002,27/01/04/002,MUSLIM PRY. SCHOOL ELEGA  II,EXISTING PU,562,17266,339618
27,OGUN,01,ABEOKUTA NORTH,04,ELEGA,003,27/01/04/003,MUSLIM PRY. SCHOOL ELEGA  III,EXISTING PU,562,17266,339619
27,OGUN,01,ABEOKUTA NORTH,04,ELEGA,004,27/01/04/004,MUSLIM PRY. SCHOOL ELEGA  IV,EXISTING PU,562,17266,339620
27,OGUN,01,ABEOKUTA NORTH,04,ELEGA,005,27/01/04/005,ILUGUN HIGH SCHOOL  I,EXISTING PU,562,17266,339621
27,OGUN,01,ABEOKUTA NORTH,04,ELEGA,006,27/01/04/006,ILUGUN HIGH SCHOOL  II,EXISTING PU,562,17266,339622
27,OGUN,01,ABEOKUTA NORTH,04,ELEGA,007,27/01/04/007,ILUGUN HIGH SCHOOL  III,EXISTING PU,562,17266,339623
27,OGUN,01,ABEOKUTA NORTH,04,ELEGA,008,27/01/04/008,SPACE AT LEPER COLONY  I,EXISTING PU,562,17266,339624
27,OGUN,01,ABEOKUTA NORTH,04,ELEGA,009,27/01/04/009,SPACE AT LEPER COLONY  II,EXISTING PU,562,17266,339625
27,OGUN,01,ABEOKUTA NORTH,04,ELEGA,010,27/01/04/010,OPELOYERU MOSQUE IMALA,EXISTING PU,562,17266,339626
27,OGUN,01,ABEOKUTA NORTH,04,ELEGA,011,27/01/04/011,O.U.S NUR/PRY SCHOOL ELEGA,NEW PU,562,17266,339627
27,OGUN,01,ABEOKUTA NORTH,04,ELEGA,012,27/01/04/012,OPEN SPACE AT IYANA OJA  IDOFIN,NEW PU,562,17266,339628
27,OGUN,01,ABEOKUTA NORTH,04,ELEGA,013,27/01/04/013,"OPEN SPACE BESIDE SEMBAD FILLING STATION, IDOFIN, ELEGA",NEW PU,562,17266,339629
27,OGUN,01,ABEOKUTA NORTH,04,ELEGA,014,27/01/04/014,SCHOOL PREMISES A.N.L.G NURSERY AND PRIMARY SCHOOL F.H.E. ELEGA.,NEW PU,562,17266,339630
27,OGUN,01,ABEOKUTA NORTH,04,ELEGA,015,27/01/04/015,"A2 FIELD  IN FRONT F.H.E   ROTARY CLUB, ELEGA",NEW PU,562,17266,339631
27,OGUN,01,ABEOKUTA NORTH,04,ELEGA,016,27/01/04/016,"1.OPEN SPACE BESIDE COMMUNITY MOSQUE, F.H.E. ELEGA.",NEW PU,562,17266,339632
27,OGUN,01,ABEOKUTA NORTH,04,ELEGA,017,27/01/04/017,"OPEN SPACE AT B1 JUNCTION BY GOLDEN SCHOOL, ELEGA",NEW PU,562,17266,339633
27,OGUN,01,ABEOKUTA NORTH,04,ELEGA,018,27/01/04/018,OPEN SPACE AT ODO-EJA ILUPEJU JUNCTION,NEW PU,562,17266,339634
27,OGUN,01,ABEOKUTA NORTH,04,ELEGA,019,27/01/04/019,OPEN SPACE NEAR KENNY OGUN LAB JUNCTION,NEW PU,562,17266,339635
27,OGUN,01,ABEOKUTA NORTH,04,ELEGA,020,27/01/04/020,"OPEN SPACE AT SIKEMI OLUWA JUNCTION, IMALA ELEGA",NEW PU,562,17266,339636
27,OGUN,01,ABEOKUTA NORTH,05,ILUGUN/IBEREKODO,001,27/01/05/001,ANLG SCHOOL ILUGUN ASALU  I,EXISTING PU,562,17267,339637
27,OGUN,01,ABEOKUTA NORTH,05,ILUGUN/IBEREKODO,002,27/01/05/002,ANLG SCHOOL ILUGUN ASALU  II,EXISTING PU,562,17267,339638
27,OGUN,01,ABEOKUTA NORTH,05,ILUGUN/IBEREKODO,003,27/01/05/003,ANLG SCHOOL ILUGUN ASALU  III,EXISTING PU,562,17267,339639
27,OGUN,01,ABEOKUTA NORTH,05,ILUGUN/IBEREKODO,004,27/01/05/004,NEAR GBEMISOLA'S HOUSE   I,EXISTING PU,562,17267,339640
27,OGUN,01,ABEOKUTA NORTH,05,ILUGUN/IBEREKODO,005,27/01/05/005,NEAR GBEMISOLA'S HOUSE   II,EXISTING PU,562,17267,339641
27,OGUN,01,ABEOKUTA NORTH,05,ILUGUN/IBEREKODO,006,27/01/05/006,ILE EJA  I,EXISTING PU,562,17267,339642
27,OGUN,01,ABEOKUTA NORTH,05,ILUGUN/IBEREKODO,007,27/01/05/007,ILE EJA  II,EXISTING PU,562,17267,339643
27,OGUN,01,ABEOKUTA NORTH,05,ILUGUN/IBEREKODO,008,27/01/05/008,"ISOTAKUN MOSQUE, IBEREKODO",EXISTING PU,562,17267,339644
27,OGUN,01,ABEOKUTA NORTH,05,ILUGUN/IBEREKODO,009,27/01/05/009,BOOTH OPP. THE ISOLA'S (CLOSE TO EJIALAMALA),EXISTING PU,562,17267,339645
27,OGUN,01,ABEOKUTA NORTH,05,ILUGUN/IBEREKODO,010,27/01/05/010,NEAR CHIEF TAIRU'S HOUSE  I,EXISTING PU,562,17267,339646
27,OGUN,01,ABEOKUTA NORTH,05,ILUGUN/IBEREKODO,011,27/01/05/011,NEAR CHIEF TAIRU'S HOUSE  II,EXISTING PU,562,17267,339647
27,OGUN,01,ABEOKUTA NORTH,05,ILUGUN/IBEREKODO,012,27/01/05/012,AYO BUS STOP ALONG OKE-ONA ROAD,EXISTING PU,562,17267,339648
27,OGUN,01,ABEOKUTA NORTH,05,ILUGUN/IBEREKODO,013,27/01/05/013,O.U.S. SCHOOL IKIJA  I,EXISTING PU,562,17267,339649
27,OGUN,01,ABEOKUTA NORTH,05,ILUGUN/IBEREKODO,014,27/01/05/014,O.U.S. SCHOOL IKIJA  II,EXISTING PU,562,17267,339650
27,OGUN,01,ABEOKUTA NORTH,05,ILUGUN/IBEREKODO,015,27/01/05/015,ANLG SCHOOL AKOMOJE I,EXISTING PU,562,17267,339651
27,OGUN,01,ABEOKUTA NORTH,05,ILUGUN/IBEREKODO,016,27/01/05/016,ANLG SCHOOL AKOMOJE II,EXISTING PU,562,17267,339652
27,OGUN,01,ABEOKUTA NORTH,05,ILUGUN/IBEREKODO,017,27/01/05/017,EBENEZER GRAMMAR SCHOOL,EXISTING PU,562,17267,339653
27,OGUN,01,ABEOKUTA NORTH,05,ILUGUN/IBEREKODO,018,27/01/05/018,FRONT OF ATAMBALA'S HOUSE,EXISTING PU,562,17267,339654
27,OGUN,01,ABEOKUTA NORTH,05,ILUGUN/IBEREKODO,019,27/01/05/019,"MATERNITY CENTRE,IBEREKODO",EXISTING PU,562,17267,339655
27,OGUN,01,ABEOKUTA NORTH,05,ILUGUN/IBEREKODO,020,27/01/05/020,"OPEN SPACE AT IREPODUN STREET, ILE OGBONI,ILUGUN ASALU",NEW PU,562,17267,339656
27,OGUN,01,ABEOKUTA NORTH,05,ILUGUN/IBEREKODO,021,27/01/05/021,"OPEN SPACE AT LASODE JUNCTION, ILUGUN",NEW PU,562,17267,339657
27,OGUN,01,ABEOKUTA NORTH,05,ILUGUN/IBEREKODO,022,27/01/05/022,"OPEN SPACE AT KOKUMO JUNCTION, ILUGUN",NEW PU,562,17267,339658
27,OGUN,01,ABEOKUTA NORTH,05,ILUGUN/IBEREKODO,023,27/01/05/023,"FRONT OF CENTRAL MOSQUE, IBEREKODO",NEW PU,562,17267,339659
27,OGUN,01,ABEOKUTA NORTH,05,ILUGUN/IBEREKODO,024,27/01/05/024,"OPEN SPACE OPP. MIKENID PETROL STATION, IBEREKODO",NEW PU,562,17267,339660
27,OGUN,01,ABEOKUTA NORTH,05,ILUGUN/IBEREKODO,025,27/01/05/025,"OPEN SPACE AT AROGUNDADE JUNCTION, NEAR MOKOLA BRIDGE",NEW PU,562,17267,339661
27,OGUN,01,ABEOKUTA NORTH,05,ILUGUN/IBEREKODO,026,27/01/05/026,"OPEN SPACE AT ELEWA FAAJI DE, MOKOLA",NEW PU,562,17267,339662
27,OGUN,01,ABEOKUTA NORTH,05,ILUGUN/IBEREKODO,027,27/01/05/027,"OPEN SPACE IN FRONT OF OGUN STATE WATER CORPORATION, ARAKANGA.",NEW PU,562,17267,339663
27,OGUN,01,ABEOKUTA NORTH,05,ILUGUN/IBEREKODO,028,27/01/05/028,"OPEN SPACE AT TEMIDIRE AREA, OKE ARAKANGA",NEW PU,562,17267,339664
27,OGUN,01,ABEOKUTA NORTH,05,ILUGUN/IBEREKODO,029,27/01/05/029,"OPEN SPACE BEHIND TOTAL PETROL STATION, IBEREKODO",NEW PU,562,17267,339665
27,OGUN,01,ABEOKUTA NORTH,05,ILUGUN/IBEREKODO,030,27/01/05/030,"FRONT OF OGUNBONA HOUSE, AKOMOJE",NEW PU,562,17267,339666
27,OGUN,01,ABEOKUTA NORTH,05,ILUGUN/IBEREKODO,031,27/01/05/031,"OPEN SPACE AT ALAGBODE JUNCTION,  AKOMOJE",NEW PU,562,17267,339667
27,OGUN,01,ABEOKUTA NORTH,05,ILUGUN/IBEREKODO,032,27/01/05/032,"OPEN SPACE AT IDOFIN JUNCTION, IYAN RESERVOIRE",NEW PU,562,17267,339668
27,OGUN,01,ABEOKUTA NORTH,05,ILUGUN/IBEREKODO,033,27/01/05/033,FRONT OF ATAMBALA'S HOUSE II,NEW PU,562,17267,339669
27,OGUN,01,ABEOKUTA NORTH,05,ILUGUN/IBEREKODO,034,27/01/05/034,"FRONT OF OKE OMO HOUSE, IBEREKODO",NEW PU,562,17267,339670
27,OGUN,01,ABEOKUTA NORTH,06,GBAGURA,001,27/01/06/001,SPACE AT CUSTOMARY COURT AGURA  I,EXISTING PU,562,17268,339671
27,OGUN,01,ABEOKUTA NORTH,06,GBAGURA,002,27/01/06/002,SPACE AT CUSTOMARY COURT AGURA  II,EXISTING PU,562,17268,339672
27,OGUN,01,ABEOKUTA NORTH,06,GBAGURA,003,27/01/06/003,A.U.D. KEMTA ILAWO  I,EXISTING PU,562,17268,339673
27,OGUN,01,ABEOKUTA NORTH,06,GBAGURA,004,27/01/06/004,A.U.D. KEMTA ILAWO  II,EXISTING PU,562,17268,339674
27,OGUN,01,ABEOKUTA NORTH,06,GBAGURA,005,27/01/06/005,NEAR ASUNARA MOSQUE  I,EXISTING PU,562,17268,339675
27,OGUN,01,ABEOKUTA NORTH,06,GBAGURA,006,27/01/06/006,NEAR ASUNARA MOSQUE  II,EXISTING PU,562,17268,339676
27,OGUN,01,ABEOKUTA NORTH,06,GBAGURA,007,27/01/06/007,SPACE AT OJU ODUMAKA,EXISTING PU,562,17268,339677
27,OGUN,01,ABEOKUTA NORTH,06,GBAGURA,008,27/01/06/008,NEAR ISALE AGO MOSQUE,EXISTING PU,562,17268,339678
27,OGUN,01,ABEOKUTA NORTH,06,GBAGURA,009,27/01/06/009,HOLY TRINITY OJESIMI,EXISTING PU,562,17268,339679
27,OGUN,01,ABEOKUTA NORTH,06,GBAGURA,010,27/01/06/010,OPEN SPACE NEAR BOBAGUNWA'S HOUSE,EXISTING PU,562,17268,339680
27,OGUN,01,ABEOKUTA NORTH,06,GBAGURA,011,27/01/06/011,OPEN SPACE NEAR AGURA PALACE,EXISTING PU,562,17268,339681
27,OGUN,01,ABEOKUTA NORTH,06,GBAGURA,012,27/01/06/012,"AUD PRY. SCHOOL 1, ONA-GBOORO",NEW PU,562,17268,339682
27,OGUN,01,ABEOKUTA NORTH,06,GBAGURA,013,27/01/06/013,"OPEN SPACE AT IKEREKU IWERE, GBAGURA",NEW PU,562,17268,339683
27,OGUN,01,ABEOKUTA NORTH,07,IKA,001,27/01/07/001,NEAR OLD SLAUGHTER'S SLAB  I,EXISTING PU,562,17269,339684
27,OGUN,01,ABEOKUTA NORTH,07,IKA,002,27/01/07/002,APATA MOSQUE IJAYE OBIRINTI,EXISTING PU,562,17269,339685
27,OGUN,01,ABEOKUTA NORTH,07,IKA,003,27/01/07/003,UNITY HIGH SCHOOL AGO-IKA  I,EXISTING PU,562,17269,339686
27,OGUN,01,ABEOKUTA NORTH,07,IKA,004,27/01/07/004,UNITY HIGH SCHOOL AGO-IKA  II,EXISTING PU,562,17269,339687
27,OGUN,01,ABEOKUTA NORTH,07,IKA,005,27/01/07/005,SPACE AT AGO-IKA JUNCTION  I,EXISTING PU,562,17269,339688
27,OGUN,01,ABEOKUTA NORTH,07,IKA,006,27/01/07/006,SPACE AT AGO-IKA JUNCTION  II,EXISTING PU,562,17269,339689
27,OGUN,01,ABEOKUTA NORTH,07,IKA,007,27/01/07/007,NEAR ITA NLA MOSQUE/JAYE KUKUDI   I,EXISTING PU,562,17269,339690
27,OGUN,01,ABEOKUTA NORTH,07,IKA,008,27/01/07/008,NEAR ITA NLA MOSQUE/JAYE KUKUDI   II,EXISTING PU,562,17269,339691
27,OGUN,01,ABEOKUTA NORTH,07,IKA,009,27/01/07/009,NEAR REFUSE DEPORT AGO-IKA,EXISTING PU,562,17269,339692
27,OGUN,01,ABEOKUTA NORTH,07,IKA,010,27/01/07/010,ALASALATU PRY. SCHOOL,EXISTING PU,562,17269,339693
27,OGUN,01,ABEOKUTA NORTH,07,IKA,011,27/01/07/011,OPPOSITE ODOLE'S COMP,EXISTING PU,562,17269,339694
27,OGUN,01,ABEOKUTA NORTH,07,IKA,012,27/01/07/012,"OPEN SPACE IN FRONT OF ADEGBENRO'S MOSQUE, IKEREKU-IDAN",NEW PU,562,17269,339695
27,OGUN,01,ABEOKUTA NORTH,07,IKA,013,27/01/07/013,"NEAR OLOHUN-SUNMIBARE MOSQUE, IJAYE-OBIRITIN",NEW PU,562,17269,339696
27,OGUN,01,ABEOKUTA NORTH,07,IKA,014,27/01/07/014,"OPEN SPACE AT IJOFA JUNCTION, IJOFA",NEW PU,562,17269,339697
27,OGUN,01,ABEOKUTA NORTH,07,IKA,015,27/01/07/015,N.U.D PRIMARY SCHOOL AGO IKA,NEW PU,562,17269,339698
27,OGUN,01,ABEOKUTA NORTH,07,IKA,016,27/01/07/016,"NEAR AIGORO COMPOUND,IDI OPARUN, AGO-IKA,",NEW PU,562,17269,339699
27,OGUN,01,ABEOKUTA NORTH,07,IKA,017,27/01/07/017,"NEAR ADENEKAN HALL, AGO-IKA",NEW PU,562,17269,339700
27,OGUN,01,ABEOKUTA NORTH,07,IKA,018,27/01/07/018,OPEN SPACE AT IDI-AGBON AGO IKA,NEW PU,562,17269,339701
27,OGUN,01,ABEOKUTA NORTH,07,IKA,019,27/01/07/019,"ALASALATU PRIMARY SCHOOL II, OJOKODO.",NEW PU,562,17269,339702
27,OGUN,01,ABEOKUTA NORTH,07,IKA,020,27/01/07/020,"OPEN SPACE AT ENUGADA, AGO-IKA",NEW PU,562,17269,339703
27,OGUN,01,ABEOKUTA NORTH,08,LAFENWA,001,27/01/08/001,ST. JOHN'S SCHOOL LAFENWA   I,EXISTING PU,562,17270,339704
27,OGUN,01,ABEOKUTA NORTH,08,LAFENWA,002,27/01/08/002,ST. JOHN'S SCHOOL LAFENWA   II,EXISTING PU,562,17270,339705
27,OGUN,01,ABEOKUTA NORTH,08,LAFENWA,003,27/01/08/003,APOSTOLIC CHURCH AFUNTA I,EXISTING PU,562,17270,339706
27,OGUN,01,ABEOKUTA NORTH,08,LAFENWA,004,27/01/08/004,APOSTOLIC CHURCH AFUNTA II,EXISTING PU,562,17270,339707
27,OGUN,01,ABEOKUTA NORTH,08,LAFENWA,005,27/01/08/005,NEAR YUSUFU'S HOUSE I,EXISTING PU,562,17270,339708
27,OGUN,01,ABEOKUTA NORTH,08,LAFENWA,006,27/01/08/006,NEAR YUSUFU'S HOUSE II,EXISTING PU,562,17270,339709
27,OGUN,01,ABEOKUTA NORTH,08,LAFENWA,007,27/01/08/007,FRONT OF ALH. ADEGBENRO'S HOUSE,EXISTING PU,562,17270,339710
27,OGUN,01,ABEOKUTA NORTH,08,LAFENWA,008,27/01/08/008,NEAR BAALE'S HOUSE   I,EXISTING PU,562,17270,339711
27,OGUN,01,ABEOKUTA NORTH,08,LAFENWA,009,27/01/08/009,NEAR BAALE'S HOUSE   II,EXISTING PU,562,17270,339712
27,OGUN,01,ABEOKUTA NORTH,08,LAFENWA,010,27/01/08/010,"NEAR BIOBAKU HOUSE, LAFENWA",NEW PU,562,17270,339713
27,OGUN,01,ABEOKUTA NORTH,08,LAFENWA,011,27/01/08/011,"OPEN SPACE AT RAILWAY QUARTERS, LAFENWA",NEW PU,562,17270,339714
27,OGUN,01,ABEOKUTA NORTH,08,LAFENWA,012,27/01/08/012,"OPEN SPACE IN FRONT OF TITILOPE MOSQUE, ABULE-OTUN",NEW PU,562,17270,339715
27,OGUN,01,ABEOKUTA NORTH,08,LAFENWA,013,27/01/08/013,"OPEN SPACE IN FRONT OF TRANSFORMER, GAA SABO",NEW PU,562,17270,339716
27,OGUN,01,ABEOKUTA NORTH,08,LAFENWA,014,27/01/08/014,"OPEN SPACE AT AKINDELE JUNCTION, GAA SABO",NEW PU,562,17270,339717
27,OGUN,01,ABEOKUTA NORTH,09,SABO,001,27/01/09/001,LAFENWA HIGH SCHOOL   I,EXISTING PU,562,17271,339718
27,OGUN,01,ABEOKUTA NORTH,09,SABO,002,27/01/09/002,LAFENWA HIGH SCHOOL   II,EXISTING PU,562,17271,339719
27,OGUN,01,ABEOKUTA NORTH,09,SABO,003,27/01/09/003,LAFENWA HIGH SCHOOL   III,EXISTING PU,562,17271,339720
27,OGUN,01,ABEOKUTA NORTH,09,SABO,004,27/01/09/004,FRONT OF SERIKI HOUSE  I,EXISTING PU,562,17271,339721
27,OGUN,01,ABEOKUTA NORTH,09,SABO,005,27/01/09/005,FRONT OF SERIKI HOUSE  II,EXISTING PU,562,17271,339722
27,OGUN,01,ABEOKUTA NORTH,09,SABO,006,27/01/09/006,HOLY TRINITY SABO  I,EXISTING PU,562,17271,339723
27,OGUN,01,ABEOKUTA NORTH,09,SABO,007,27/01/09/007,HOLY TRINITY SABO  II,EXISTING PU,562,17271,339724
27,OGUN,01,ABEOKUTA NORTH,09,SABO,008,27/01/09/008,BAALE' HOUSE ABULE-OKE  I,EXISTING PU,562,17271,339725
27,OGUN,01,ABEOKUTA NORTH,09,SABO,009,27/01/09/009,BAALE' HOUSE ABULE-OKE  II,EXISTING PU,562,17271,339726
27,OGUN,01,ABEOKUTA NORTH,09,SABO,010,27/01/09/010,OPEN SPACE AT APENA'S PAPA MARU (NEAR APENA'S HOUSE PAPA MARU),EXISTING PU,562,17271,339727
27,OGUN,01,ABEOKUTA NORTH,09,SABO,011,27/01/09/011,OLUMO PRY. SCHOOL,EXISTING PU,562,17271,339728
27,OGUN,01,ABEOKUTA NORTH,09,SABO,012,27/01/09/012,NEAR OLALOMI MOSQUE,EXISTING PU,562,17271,339729
27,OGUN,01,ABEOKUTA NORTH,09,SABO,013,27/01/09/013,NEAR KORODO BLOCKS,EXISTING PU,562,17271,339730
27,OGUN,01,ABEOKUTA NORTH,09,SABO,014,27/01/09/014,"OPEN SPACE AT IFESOWAPO JUNCTION, BESDIDE OGUN RADIO",NEW PU,562,17271,339731
27,OGUN,01,ABEOKUTA NORTH,09,SABO,015,27/01/09/015,OPEN SPACE IN FRONT OF PROPOSED COMM. HEALTH CENTRE OLATEJU OLOSUN,NEW PU,562,17271,339732
27,OGUN,01,ABEOKUTA NORTH,09,SABO,016,27/01/09/016,"OPEN SPACE AT AJIBANDE JUNCTION, AIYETORO  GARAGE",NEW PU,562,17271,339733
27,OGUN,01,ABEOKUTA NORTH,09,SABO,017,27/01/09/017,"OPEN SPACE AT METIE GUEST HOUSE, OGUN RADIO",NEW PU,562,17271,339734
27,OGUN,01,ABEOKUTA NORTH,09,SABO,018,27/01/09/018,"SCHOOL PREMISES PREMIER GRAMMAR SCHOOL, LAFENWA.",NEW PU,562,17271,339735
27,OGUN,01,ABEOKUTA NORTH,09,SABO,019,27/01/09/019,"SCHOOL PREMISES COMMUNITY PRIMARY SCHOOL, SODEKE TITUN",NEW PU,562,17271,339736
27,OGUN,01,ABEOKUTA NORTH,09,SABO,020,27/01/09/020,"OPEN SPACE AT LURO ESTATE GATE, LURO",NEW PU,562,17271,339737
27,OGUN,01,ABEOKUTA NORTH,09,SABO,021,27/01/09/021,"BASHORUN MOSHOOD ABIOLA SCHOOL, SABO",NEW PU,562,17271,339738
27,OGUN,01,ABEOKUTA NORTH,09,SABO,022,27/01/09/022,OPEN SPACE AT BOLUDAYO JUNCTION SABO.,NEW PU,562,17271,339739
27,OGUN,01,ABEOKUTA NORTH,09,SABO,023,27/01/09/023,"OPEN SPACE AT OLORUNWA JUNCTION, PAPA MARUN",NEW PU,562,17271,339740
27,OGUN,01,ABEOKUTA NORTH,09,SABO,024,27/01/09/024,OPEN SPACE AT KINITO ALAFIA JUNCTION SABO,NEW PU,562,17271,339741
27,OGUN,01,ABEOKUTA NORTH,09,SABO,025,27/01/09/025,"OPEN SPACE IN FRONT OF COMMUNITY CENTRAL MOSQUE, ABULE OKE SABO.",NEW PU,562,17271,339742
27,OGUN,01,ABEOKUTA NORTH,09,SABO,026,27/01/09/026,"OPEN SPACE NEAR TEMIDIRE CENTRAL MOSQUE, SABO",NEW PU,562,17271,339743
27,OGUN,01,ABEOKUTA NORTH,09,SABO,027,27/01/09/027,"COMMUNITY PRIMARY SCHOOL, OBASA",NEW PU,562,17271,339744
27,OGUN,01,ABEOKUTA NORTH,09,SABO,028,27/01/09/028,OLUMO PRY SCHOOL II SABO,NEW PU,562,17271,339745
27,OGUN,01,ABEOKUTA NORTH,09,SABO,029,27/01/09/029,"OPEBIYI JUNCTION, AGBO ERAN",NEW PU,562,17271,339746
27,OGUN,01,ABEOKUTA NORTH,09,SABO,030,27/01/09/030,COMMUNITY HALL IFEOLUWA ODUNJO ARAROMI,NEW PU,562,17271,339747
27,OGUN,01,ABEOKUTA NORTH,09,SABO,031,27/01/09/031,"OPEN SPACE AT MABINU ORI AVENUE, SABO",NEW PU,562,17271,339748
27,OGUN,01,ABEOKUTA NORTH,09,SABO,032,27/01/09/032,"OPEN SPACE AT BAJOMO STREET, AYETORO GARAGE",NEW PU,562,17271,339749
27,OGUN,01,ABEOKUTA NORTH,10,OKE-AGO OWU,001,27/01/10/001,ANLG SCHOOL AGO-OWU   I,EXISTING PU,562,17272,339750
27,OGUN,01,ABEOKUTA NORTH,10,OKE-AGO OWU,002,27/01/10/002,ANLG SCHOOL AGO-OWU   II,EXISTING PU,562,17272,339751
27,OGUN,01,ABEOKUTA NORTH,10,OKE-AGO OWU,003,27/01/10/003,OLOWU'S PALACE  I,EXISTING PU,562,17272,339752
27,OGUN,01,ABEOKUTA NORTH,10,OKE-AGO OWU,004,27/01/10/004,OLOWU'S PALACE  II,EXISTING PU,562,17272,339753
27,OGUN,01,ABEOKUTA NORTH,10,OKE-AGO OWU,005,27/01/10/005,NEAR AGBOGUNLERI'S MOSQUE,EXISTING PU,562,17272,339754
27,OGUN,01,ABEOKUTA NORTH,10,OKE-AGO OWU,006,27/01/10/006,JEBODA'S MOSQUE,EXISTING PU,562,17272,339755
27,OGUN,01,ABEOKUTA NORTH,10,OKE-AGO OWU,007,27/01/10/007,AMUKANKAN  I,EXISTING PU,562,17272,339756
27,OGUN,01,ABEOKUTA NORTH,10,OKE-AGO OWU,008,27/01/10/008,AMUKANKAN  II,EXISTING PU,562,17272,339757
27,OGUN,01,ABEOKUTA NORTH,10,OKE-AGO OWU,009,27/01/10/009,OPEN SPACE OPP. OGUNSEBI EREPAJA'S HOUSE,EXISTING PU,562,17272,339758
27,OGUN,01,ABEOKUTA NORTH,10,OKE-AGO OWU,010,27/01/10/010,OPP. SPACE OPP. ORUKAN'S COMPOUND,EXISTING PU,562,17272,339759
27,OGUN,01,ABEOKUTA NORTH,10,OKE-AGO OWU,011,27/01/10/011,OPP. SPACE BEHIND EGBEYEMI'S HOUSE,EXISTING PU,562,17272,339760
27,OGUN,01,ABEOKUTA NORTH,10,OKE-AGO OWU,012,27/01/10/012,OLUFAKUN COMPOUND (OPEN SPACE),EXISTING PU,562,17272,339761
27,OGUN,01,ABEOKUTA NORTH,10,OKE-AGO OWU,013,27/01/10/013,OPEN SPACE AT LARA'S COMPOUND,EXISTING PU,562,17272,339762
27,OGUN,01,ABEOKUTA NORTH,10,OKE-AGO OWU,014,27/01/10/014,JEBODA'S COURT II,EXISTING PU,562,17272,339763
27,OGUN,01,ABEOKUTA NORTH,10,OKE-AGO OWU,015,27/01/10/015,FRONT OF AKINTOBI'S HOUSE,EXISTING PU,562,17272,339764
27,OGUN,01,ABEOKUTA NORTH,10,OKE-AGO OWU,016,27/01/10/016,"OPEN SPACE BESIDE AKINSIDE HOUSE , AMUKANKAN",NEW PU,562,17272,339765
27,OGUN,01,ABEOKUTA NORTH,10,OKE-AGO OWU,017,27/01/10/017,"OPEN SPACE OPPOSITE OBALASAKO COMPOUND, AMUKANKAN",NEW PU,562,17272,339766
27,OGUN,01,ABEOKUTA NORTH,11,TOTORO/SOKORI,001,27/01/11/001,TOTORO POST OFFICE  I,EXISTING PU,562,17273,339767
27,OGUN,01,ABEOKUTA NORTH,11,TOTORO/SOKORI,002,27/01/11/002,TOTORO POST OFFICE  II,EXISTING PU,562,17273,339768
27,OGUN,01,ABEOKUTA NORTH,11,TOTORO/SOKORI,003,27/01/11/003,TOTORO POST OFFICE  III,EXISTING PU,562,17273,339769
27,OGUN,01,ABEOKUTA NORTH,11,TOTORO/SOKORI,004,27/01/11/004,OWU BAPTIST CHURCH,EXISTING PU,562,17273,339770
27,OGUN,01,ABEOKUTA NORTH,11,TOTORO/SOKORI,005,27/01/11/005,FRONT OF AFRICAN CHURCH/TA-OLORI  I,EXISTING PU,562,17273,339771
27,OGUN,01,ABEOKUTA NORTH,11,TOTORO/SOKORI,006,27/01/11/006,FRONT OF AFRICAN CHURCH/TA-OLORI  II,EXISTING PU,562,17273,339772
27,OGUN,01,ABEOKUTA NORTH,11,TOTORO/SOKORI,007,27/01/11/007,FRONT OF AFRICAN CHURCH/TA-OLORI  III,EXISTING PU,562,17273,339773
27,OGUN,01,ABEOKUTA NORTH,11,TOTORO/SOKORI,008,27/01/11/008,A.L.G. MATERNITY TOTORO  I,EXISTING PU,562,17273,339774
27,OGUN,01,ABEOKUTA NORTH,11,TOTORO/SOKORI,009,27/01/11/009,A.L.G. MATERNITY TOTORO  II,EXISTING PU,562,17273,339775
27,OGUN,01,ABEOKUTA NORTH,11,TOTORO/SOKORI,010,27/01/11/010,SOKORI MARKET SQUARE  I,EXISTING PU,562,17273,339776
27,OGUN,01,ABEOKUTA NORTH,11,TOTORO/SOKORI,011,27/01/11/011,SOKORI MARKET SQUARE  II,EXISTING PU,562,17273,339777
27,OGUN,01,ABEOKUTA NORTH,11,TOTORO/SOKORI,012,27/01/11/012,AFRICAN CHURCH CENTRAL PRI SCH ITA IYALODE,EXISTING PU,562,17273,339778
27,OGUN,01,ABEOKUTA NORTH,11,TOTORO/SOKORI,013,27/01/11/013,METHODIST PRY. SCHOOL SOKORI  I,EXISTING PU,562,17273,339779
27,OGUN,01,ABEOKUTA NORTH,11,TOTORO/SOKORI,014,27/01/11/014,OKE-SOKORI MOSQUE,EXISTING PU,562,17273,339780
27,OGUN,01,ABEOKUTA NORTH,11,TOTORO/SOKORI,015,27/01/11/015,ASASIN'S COMPOUND  I,EXISTING PU,562,17273,339781
27,OGUN,01,ABEOKUTA NORTH,11,TOTORO/SOKORI,016,27/01/11/016,ASASIN'S COMPOUND  II,EXISTING PU,562,17273,339782
27,OGUN,01,ABEOKUTA NORTH,11,TOTORO/SOKORI,017,27/01/11/017,OLOKUN'S COMPOUND,EXISTING PU,562,17273,339783
27,OGUN,01,ABEOKUTA NORTH,11,TOTORO/SOKORI,018,27/01/11/018,SPACE AT ORIYANRIN  I,EXISTING PU,562,17273,339784
27,OGUN,01,ABEOKUTA NORTH,11,TOTORO/SOKORI,019,27/01/11/019,SPACE AT ORIYANRIN  II,EXISTING PU,562,17273,339785
27,OGUN,01,ABEOKUTA NORTH,11,TOTORO/SOKORI,020,27/01/11/020,A.L.G. EBU ALAPARO,EXISTING PU,562,17273,339786
27,OGUN,01,ABEOKUTA NORTH,11,TOTORO/SOKORI,021,27/01/11/021,OLOSI'S COMPOUND  I,EXISTING PU,562,17273,339787
27,OGUN,01,ABEOKUTA NORTH,11,TOTORO/SOKORI,022,27/01/11/022,OLOSOMI'S COMPOUND,EXISTING PU,562,17273,339788
27,OGUN,01,ABEOKUTA NORTH,11,TOTORO/SOKORI,023,27/01/11/023,BUS STOP AT PEPSI,EXISTING PU,562,17273,339789
27,OGUN,01,ABEOKUTA NORTH,11,TOTORO/SOKORI,024,27/01/11/024,A.L.G. EBU ALA PARO,EXISTING PU,562,17273,339790
27,OGUN,01,ABEOKUTA NORTH,11,TOTORO/SOKORI,025,27/01/11/025,GATEWAY SECONDARY SCHOOL   I,EXISTING PU,562,17273,339791
27,OGUN,01,ABEOKUTA NORTH,11,TOTORO/SOKORI,026,27/01/11/026,GATEWAY SECONDARY SCHOOL   II,EXISTING PU,562,17273,339792
27,OGUN,01,ABEOKUTA NORTH,11,TOTORO/SOKORI,027,27/01/11/027,AKINOLUGBADE SOCIAL CENTRE,EXISTING PU,562,17273,339793
27,OGUN,01,ABEOKUTA NORTH,11,TOTORO/SOKORI,028,27/01/11/028,"OPEN SPACE BESIDE ADISA ONIFUNERAN HOUSE, SOKORI",NEW PU,562,17273,339794
27,OGUN,01,ABEOKUTA NORTH,11,TOTORO/SOKORI,029,27/01/11/029,"OPEN SPACE AT ADEWALE ABOABA JUNCTION, SOKORI",NEW PU,562,17273,339795
27,OGUN,01,ABEOKUTA NORTH,11,TOTORO/SOKORI,030,27/01/11/030,"AFRICAN CHURCHCENTRAL PRY SCHOOL II, ITA IYALODE",NEW PU,562,17273,339796
27,OGUN,01,ABEOKUTA NORTH,11,TOTORO/SOKORI,031,27/01/11/031,"METHODIST PRY. SCHOOL, SOKORI  II",NEW PU,562,17273,339797
27,OGUN,01,ABEOKUTA NORTH,11,TOTORO/SOKORI,032,27/01/11/032,OPEN SPACE BESIDE OLORUNTOBI MOSQUE OJE ILE SOKORI,NEW PU,562,17273,339798
27,OGUN,01,ABEOKUTA NORTH,11,TOTORO/SOKORI,033,27/01/11/033,"ONIJAYE JUNCTION, SOKORI",NEW PU,562,17273,339799
27,OGUN,01,ABEOKUTA NORTH,11,TOTORO/SOKORI,034,27/01/11/034,"SPACE IN FRONT OF OGUN STATE VETINARY COMPLEX, OBASANJO WAY",NEW PU,562,17273,339800
27,OGUN,01,ABEOKUTA NORTH,11,TOTORO/SOKORI,035,27/01/11/035,OPEN SPACE BESIDE PENCE FOUNDATION INT'L COLLEGE,NEW PU,562,17273,339801
27,OGUN,01,ABEOKUTA NORTH,11,TOTORO/SOKORI,036,27/01/11/036,"OPEN SPACE BESIDE FEMI SHORINOLA JUNCTION, ORIYANRIN",NEW PU,562,17273,339802
27,OGUN,01,ABEOKUTA NORTH,11,TOTORO/SOKORI,037,27/01/11/037,"OPEN SPACE AT OLORUNSOGO COMMUNITY APO JUNCTION, PEPSI",NEW PU,562,17273,339803
27,OGUN,01,ABEOKUTA NORTH,11,TOTORO/SOKORI,038,27/01/11/038,"OPEN SPACE AT OGUN STATE SCOUT COUNCIL HQ,ITA-IYALODE",NEW PU,562,17273,339804
27,OGUN,01,ABEOKUTA NORTH,11,TOTORO/SOKORI,039,27/01/11/039,"OPEN SPACE AT OBASANJO WAY JUNCTION, AKINOLUGBADE",NEW PU,562,17273,339805
27,OGUN,01,ABEOKUTA NORTH,12,ITA-OSHIN/OLOMORE,001,27/01/12/001,OLOMORE HOUSING ESTATE  I,EXISTING PU,562,17274,339806
27,OGUN,01,ABEOKUTA NORTH,12,ITA-OSHIN/OLOMORE,002,27/01/12/002,OLOMORE HOUSING ESTATE  II,EXISTING PU,562,17274,339807
27,OGUN,01,ABEOKUTA NORTH,12,ITA-OSHIN/OLOMORE,003,27/01/12/003,OLOMORE HOUSING ESTATE  III,EXISTING PU,562,17274,339808
27,OGUN,01,ABEOKUTA NORTH,12,ITA-OSHIN/OLOMORE,004,27/01/12/004,NEAR FRESH FISH MARKET  I,EXISTING PU,562,17274,339809
27,OGUN,01,ABEOKUTA NORTH,12,ITA-OSHIN/OLOMORE,005,27/01/12/005,NEAR FRESH FISH MARKET  II,EXISTING PU,562,17274,339810
27,OGUN,01,ABEOKUTA NORTH,12,ITA-OSHIN/OLOMORE,006,27/01/12/006,E.A.C. /TA OSHIN  I,EXISTING PU,562,17274,339811
27,OGUN,01,ABEOKUTA NORTH,12,ITA-OSHIN/OLOMORE,007,27/01/12/007,E.A.C. /TA OSHIN  II,EXISTING PU,562,17274,339812
27,OGUN,01,ABEOKUTA NORTH,12,ITA-OSHIN/OLOMORE,008,27/01/12/008,E.A.C. /TA OSHIN  III,EXISTING PU,562,17274,339813
27,OGUN,01,ABEOKUTA NORTH,12,ITA-OSHIN/OLOMORE,009,27/01/12/009,OLOSUN VILLAGE,EXISTING PU,562,17274,339814
27,OGUN,01,ABEOKUTA NORTH,12,ITA-OSHIN/OLOMORE,010,27/01/12/010,PSYCHIATRIC HOSPITAL  I,EXISTING PU,562,17274,339815
27,OGUN,01,ABEOKUTA NORTH,12,ITA-OSHIN/OLOMORE,011,27/01/12/011,PSYCHIATRIC HOSPITAL  II,EXISTING PU,562,17274,339816
27,OGUN,01,ABEOKUTA NORTH,12,ITA-OSHIN/OLOMORE,012,27/01/12/012,SURULERE OLOMORE,EXISTING PU,562,17274,339817
27,OGUN,01,ABEOKUTA NORTH,12,ITA-OSHIN/OLOMORE,013,27/01/12/013,"OPEN SPACE AT BABA OIL JUNCTION, OLOMORE",NEW PU,562,17274,339818
27,OGUN,01,ABEOKUTA NORTH,12,ITA-OSHIN/OLOMORE,014,27/01/12/014,"OPEN SPACE ALONG SPEAKER ROAD, OLD FOURSQUARE, OLOMORE",NEW PU,562,17274,339819
27,OGUN,01,ABEOKUTA NORTH,12,ITA-OSHIN/OLOMORE,015,27/01/12/015,"OPEN SPACE AT IRE-AKARI JUNCTION, OLOMORE",NEW PU,562,17274,339820
27,OGUN,01,ABEOKUTA NORTH,12,ITA-OSHIN/OLOMORE,016,27/01/12/016,"OPEN SPACE AT OLORUNJOBI OSUOLALE JUNCTION, OLOMORE",NEW PU,562,17274,339821
27,OGUN,01,ABEOKUTA NORTH,12,ITA-OSHIN/OLOMORE,017,27/01/12/017,"OPEN SPACE AT OPEOLUWA COMMUNITY JUCTION, ITA-OSHIN",NEW PU,562,17274,339822
27,OGUN,01,ABEOKUTA NORTH,12,ITA-OSHIN/OLOMORE,018,27/01/12/018,"OPEN SPACE IN FRONT WATER CORPORATION, ITA-OSHIN",NEW PU,562,17274,339823
27,OGUN,01,ABEOKUTA NORTH,12,ITA-OSHIN/OLOMORE,019,27/01/12/019,"OPEN SPACE AT TAORID AKIODE JUNCTION, ITA-OSHIN",NEW PU,562,17274,339824
27,OGUN,01,ABEOKUTA NORTH,12,ITA-OSHIN/OLOMORE,020,27/01/12/020,"OPEN SPACE IN FRONT OF PROPOSED TOWN HALL, HARMONY ESTATE ,ITA-OSHIN",NEW PU,562,17274,339825
27,OGUN,01,ABEOKUTA NORTH,12,ITA-OSHIN/OLOMORE,021,27/01/12/021,"OPEN SPACE BISIDE SURULERE MOSQUE, SURULERE OLOMORE",NEW PU,562,17274,339826
27,OGUN,01,ABEOKUTA NORTH,13,OLORUNDA IJALE,001,27/01/13/001,A.U.D. IJALE PAPA  I,EXISTING PU,562,17275,339827
27,OGUN,01,ABEOKUTA NORTH,13,OLORUNDA IJALE,002,27/01/13/002,A.U.D. IJALE PAPA  II,EXISTING PU,562,17275,339828
27,OGUN,01,ABEOKUTA NORTH,13,OLORUNDA IJALE,003,27/01/13/003,"ANLG PRY SCH, IJOLE ORILE",EXISTING PU,562,17275,339829
27,OGUN,01,ABEOKUTA NORTH,13,OLORUNDA IJALE,004,27/01/13/004,SERIKI VILLAGE,EXISTING PU,562,17275,339830
27,OGUN,01,ABEOKUTA NORTH,13,OLORUNDA IJALE,005,27/01/13/005,BAPTIST PRY. SCHOOL TIBO  I,EXISTING PU,562,17275,339831
27,OGUN,01,ABEOKUTA NORTH,13,OLORUNDA IJALE,006,27/01/13/006,BAPTIST PRY. SCHOOL TIBO  II,EXISTING PU,562,17275,339832
27,OGUN,01,ABEOKUTA NORTH,13,OLORUNDA IJALE,007,27/01/13/007,"MATERNITY CENTRE, OLORUNDA",EXISTING PU,562,17275,339833
27,OGUN,01,ABEOKUTA NORTH,13,OLORUNDA IJALE,008,27/01/13/008,BAPTIST SCHOOL OLORUNDA  II,EXISTING PU,562,17275,339834
27,OGUN,01,ABEOKUTA NORTH,13,OLORUNDA IJALE,009,27/01/13/009,A.L.G. BEGBINLAWO  I,EXISTING PU,562,17275,339835
27,OGUN,01,ABEOKUTA NORTH,13,OLORUNDA IJALE,010,27/01/13/010,A.L.G. BEGBINLAWO  II,EXISTING PU,562,17275,339836
27,OGUN,01,ABEOKUTA NORTH,13,OLORUNDA IJALE,011,27/01/13/011,ILOGUN ORILE VILLAGE,EXISTING PU,562,17275,339837
27,OGUN,01,ABEOKUTA NORTH,13,OLORUNDA IJALE,012,27/01/13/012,A.N.G. IDI-ORI,EXISTING PU,562,17275,339838
27,OGUN,01,ABEOKUTA NORTH,13,OLORUNDA IJALE,013,27/01/13/013,R.C.M. KEESAN ORILE  I,EXISTING PU,562,17275,339839
27,OGUN,01,ABEOKUTA NORTH,13,OLORUNDA IJALE,014,27/01/13/014,R.C.M. KEESAN ORILE  II,EXISTING PU,562,17275,339840
27,OGUN,01,ABEOKUTA NORTH,13,OLORUNDA IJALE,015,27/01/13/015,A.N.G. AKILIYI,EXISTING PU,562,17275,339841
27,OGUN,01,ABEOKUTA NORTH,13,OLORUNDA IJALE,016,27/01/13/016,AKIEGUN JUNCTION,EXISTING PU,562,17275,339842
27,OGUN,01,ABEOKUTA NORTH,13,OLORUNDA IJALE,017,27/01/13/017,A.L.G. SCHOOL FAPOTE,EXISTING PU,562,17275,339843
27,OGUN,01,ABEOKUTA NORTH,14,IMALA - IDIEMI,001,27/01/14/001,A.L.G. SCHOOL IMALA  I,EXISTING PU,562,17276,339844
27,OGUN,01,ABEOKUTA NORTH,14,IMALA - IDIEMI,002,27/01/14/002,A.L.G. SCHOOL IMALA  II,EXISTING PU,562,17276,339845
27,OGUN,01,ABEOKUTA NORTH,14,IMALA - IDIEMI,003,27/01/14/003,A.L.G. SCHOOL IMALA  III,EXISTING PU,562,17276,339846
27,OGUN,01,ABEOKUTA NORTH,14,IMALA - IDIEMI,004,27/01/14/004,A.L.G. SCHOOL IMALA  IV,EXISTING PU,562,17276,339847
27,OGUN,01,ABEOKUTA NORTH,14,IMALA - IDIEMI,005,27/01/14/005,A.L.G. SCHOOL IMALA  V,EXISTING PU,562,17276,339848
27,OGUN,01,ABEOKUTA NORTH,14,IMALA - IDIEMI,006,27/01/14/006,OYAN FARM SETTLEMENT  I,EXISTING PU,562,17276,339849
27,OGUN,01,ABEOKUTA NORTH,14,IMALA - IDIEMI,007,27/01/14/007,OYAN FARM SETTLEMENT  II,EXISTING PU,562,17276,339850
27,OGUN,01,ABEOKUTA NORTH,14,IMALA - IDIEMI,008,27/01/14/008,F.S.P IDI-EMI   I,EXISTING PU,562,17276,339851
27,OGUN,01,ABEOKUTA NORTH,14,IMALA - IDIEMI,009,27/01/14/009,F.S.P IDI-EMI   II,EXISTING PU,562,17276,339852
27,OGUN,01,ABEOKUTA NORTH,14,IMALA - IDIEMI,010,27/01/14/010,F.S.P IDI-EMI   III,EXISTING PU,562,17276,339853
27,OGUN,01,ABEOKUTA NORTH,14,IMALA - IDIEMI,011,27/01/14/011,F.S.P IDI-EMI   IV,EXISTING PU,562,17276,339854
27,OGUN,01,ABEOKUTA NORTH,14,IMALA - IDIEMI,012,27/01/14/012,A.L.G. ANIGBADO,EXISTING PU,562,17276,339855
27,OGUN,01,ABEOKUTA NORTH,14,IMALA - IDIEMI,013,27/01/14/013,ST. MATHEW IDI-EMI  I,EXISTING PU,562,17276,339856
27,OGUN,01,ABEOKUTA NORTH,14,IMALA - IDIEMI,014,27/01/14/014,ST. MATHEW IDI-EMI  II,EXISTING PU,562,17276,339857
27,OGUN,01,ABEOKUTA NORTH,14,IMALA - IDIEMI,015,27/01/14/015,ST. MATHEW IDI-EMI  III,EXISTING PU,562,17276,339858
27,OGUN,01,ABEOKUTA NORTH,14,IMALA - IDIEMI,016,27/01/14/016,"ANLG SCH, OLODO",EXISTING PU,562,17276,339859
27,OGUN,01,ABEOKUTA NORTH,14,IMALA - IDIEMI,017,27/01/14/017,A.N.G. AKAPA  I,EXISTING PU,562,17276,339860
27,OGUN,01,ABEOKUTA NORTH,14,IMALA - IDIEMI,018,27/01/14/018,"ANLG PRY SCH, MOLOMO",EXISTING PU,562,17276,339861
27,OGUN,01,ABEOKUTA NORTH,14,IMALA - IDIEMI,019,27/01/14/019,IPAYA  AKINTUNDE,EXISTING PU,562,17276,339862
27,OGUN,01,ABEOKUTA NORTH,14,IMALA - IDIEMI,020,27/01/14/020,A.N.L.G. SCHOOL OLUKOSI,EXISTING PU,562,17276,339863
27,OGUN,01,ABEOKUTA NORTH,14,IMALA - IDIEMI,021,27/01/14/021,ST. PATRICK ILENIKU,EXISTING PU,562,17276,339864
27,OGUN,01,ABEOKUTA NORTH,14,IMALA - IDIEMI,022,27/01/14/022,OBALAKUN  I,EXISTING PU,562,17276,339865
27,OGUN,01,ABEOKUTA NORTH,14,IMALA - IDIEMI,023,27/01/14/023,OBALAKUN  II,EXISTING PU,562,17276,339866
27,OGUN,01,ABEOKUTA NORTH,14,IMALA - IDIEMI,024,27/01/14/024,"OPEN SPACE AT AGO IBARA, IDIEMI",NEW PU,562,17276,339867
27,OGUN,01,ABEOKUTA NORTH,15,ISAGA ILEWO,001,27/01/15/001,ST. PAUL-ILEWO ORILE,EXISTING PU,562,17277,339868
27,OGUN,01,ABEOKUTA NORTH,15,ISAGA ILEWO,002,27/01/15/002,ST. PAUL-ILEWO ORILE,EXISTING PU,562,17277,339869
27,OGUN,01,ABEOKUTA NORTH,15,ISAGA ILEWO,003,27/01/15/003,L.G. SCHOOL ABESE OGONGO,EXISTING PU,562,17277,339870
27,OGUN,01,ABEOKUTA NORTH,15,ISAGA ILEWO,004,27/01/15/004,LOKI VILLAGE,EXISTING PU,562,17277,339871
27,OGUN,01,ABEOKUTA NORTH,15,ISAGA ILEWO,005,27/01/15/005,ANG PRY. SCHOOL ISAGA  I,EXISTING PU,562,17277,339872
27,OGUN,01,ABEOKUTA NORTH,15,ISAGA ILEWO,006,27/01/15/006,ANG PRY. SCHOOL ISAGA  II,EXISTING PU,562,17277,339873
27,OGUN,01,ABEOKUTA NORTH,15,ISAGA ILEWO,007,27/01/15/007,KOOSA VILLAGE,EXISTING PU,562,17277,339874
27,OGUN,01,ABEOKUTA NORTH,15,ISAGA ILEWO,008,27/01/15/008,S.A.A. PRY. SCHOOL KUTA  I,EXISTING PU,562,17277,339875
27,OGUN,01,ABEOKUTA NORTH,15,ISAGA ILEWO,009,27/01/15/009,S.A.A. PRY. SCHOOL KUTA  II,EXISTING PU,562,17277,339876
27,OGUN,01,ABEOKUTA NORTH,15,ISAGA ILEWO,010,27/01/15/010,ANG. SCHOOL IKEREKU  I,EXISTING PU,562,17277,339877
27,OGUN,01,ABEOKUTA NORTH,15,ISAGA ILEWO,011,27/01/15/011,ANG. SCHOOL IKEREKU  II,EXISTING PU,562,17277,339878
27,OGUN,01,ABEOKUTA NORTH,15,ISAGA ILEWO,012,27/01/15/012,A.C. SCHOOL ATAPA IKOYI,EXISTING PU,562,17277,339879
27,OGUN,01,ABEOKUTA NORTH,15,ISAGA ILEWO,013,27/01/15/013,KUKUDI VILLAGE,EXISTING PU,562,17277,339880
27,OGUN,01,ABEOKUTA NORTH,15,ISAGA ILEWO,014,27/01/15/014,FAGBENRO VILLAGE,EXISTING PU,562,17277,339881
27,OGUN,01,ABEOKUTA NORTH,15,ISAGA ILEWO,015,27/01/15/015,ALG. SCHOOL SAWGOTE,EXISTING PU,562,17277,339882
27,OGUN,01,ABEOKUTA NORTH,15,ISAGA ILEWO,016,27/01/15/016,OLUWO VILLAGE,EXISTING PU,562,17277,339883
27,OGUN,01,ABEOKUTA NORTH,15,ISAGA ILEWO,017,27/01/15/017,"OPEN SPACE IN FRONT OF COMMUNITY TOWN HALL, ISAGA ORILE",NEW PU,562,17277,339884
27,OGUN,01,ABEOKUTA NORTH,16,IBARA ORILE/ONISASA,001,27/01/16/001,OKE ATA HOUSING EST  I,EXISTING PU,562,17278,339885
27,OGUN,01,ABEOKUTA NORTH,16,IBARA ORILE/ONISASA,002,27/01/16/002,OKE ATA HOUSING EST  II,EXISTING PU,562,17278,339886
27,OGUN,01,ABEOKUTA NORTH,16,IBARA ORILE/ONISASA,003,27/01/16/003,ST. LUKES IBARA ORILE I,EXISTING PU,562,17278,339887
27,OGUN,01,ABEOKUTA NORTH,16,IBARA ORILE/ONISASA,004,27/01/16/004,ST. LUKES IBARA ORILE II,EXISTING PU,562,17278,339888
27,OGUN,01,ABEOKUTA NORTH,16,IBARA ORILE/ONISASA,005,27/01/16/005,NEAR SURAKAT MOSQUE,EXISTING PU,562,17278,339889
27,OGUN,01,ABEOKUTA NORTH,16,IBARA ORILE/ONISASA,006,27/01/16/006,NEAR MAMMY MARKET ALAMALA,EXISTING PU,562,17278,339890
27,OGUN,01,ABEOKUTA NORTH,16,IBARA ORILE/ONISASA,007,27/01/16/007,A.N.L.G. IDIYA,EXISTING PU,562,17278,339891
27,OGUN,01,ABEOKUTA NORTH,16,IBARA ORILE/ONISASA,008,27/01/16/008,ONISASA VILLAGE,EXISTING PU,562,17278,339892
27,OGUN,01,ABEOKUTA NORTH,16,IBARA ORILE/ONISASA,009,27/01/16/009,ST. JOHN'S SCHOOL IDI-ORI,EXISTING PU,562,17278,339893
27,OGUN,01,ABEOKUTA NORTH,16,IBARA ORILE/ONISASA,010,27/01/16/010,ILUGUN VILLAGE,EXISTING PU,562,17278,339894
27,OGUN,01,ABEOKUTA NORTH,16,IBARA ORILE/ONISASA,011,27/01/16/011,COMMUNITY PRI.SCH. IBARO,EXISTING PU,562,17278,339895
27,OGUN,01,ABEOKUTA NORTH,16,IBARA ORILE/ONISASA,012,27/01/16/012,ADELEYE VILLAGE,EXISTING PU,562,17278,339896
27,OGUN,01,ABEOKUTA NORTH,16,IBARA ORILE/ONISASA,013,27/01/16/013,ISALE ISOLO,EXISTING PU,562,17278,339897
27,OGUN,01,ABEOKUTA NORTH,16,IBARA ORILE/ONISASA,014,27/01/16/014,ISALE BAALE,EXISTING PU,562,17278,339898
27,OGUN,01,ABEOKUTA NORTH,16,IBARA ORILE/ONISASA,015,27/01/16/015,IDI-IGBA VILLAGE,EXISTING PU,562,17278,339899
27,OGUN,01,ABEOKUTA NORTH,16,IBARA ORILE/ONISASA,016,27/01/16/016,AFRICAN SCH. ELEFUN OSILE,EXISTING PU,562,17278,339900
27,OGUN,01,ABEOKUTA NORTH,16,IBARA ORILE/ONISASA,017,27/01/16/017,ST. JOSEPH RCM NUR/PRY SCHOOL OLUWO VILLAGE,NEW PU,562,17278,339901
27,OGUN,01,ABEOKUTA NORTH,16,IBARA ORILE/ONISASA,018,27/01/16/018,OPEN SPACE IN FRONT OF PROPOSED HEALTH CENTER ILE-ISE AWO,NEW PU,562,17278,339902
27,OGUN,01,ABEOKUTA NORTH,16,IBARA ORILE/ONISASA,019,27/01/16/019,"OPEN SPACE AT OLORUNSOGO ADIO , SOYOYE",NEW PU,562,17278,339903
27,OGUN,01,ABEOKUTA NORTH,16,IBARA ORILE/ONISASA,020,27/01/16/020,"OPEN SPACE AT ILUPEJU IDIYA JUNCTION, IDIYA",NEW PU,562,17278,339904
27,OGUN,01,ABEOKUTA NORTH,16,IBARA ORILE/ONISASA,021,27/01/16/021,".A.N.L.G NURSERY AND PRIMARY SCHOOL, ADIO AJEGUNLE SOYOYE.",NEW PU,562,17278,339905
27,OGUN,01,ABEOKUTA NORTH,16,IBARA ORILE/ONISASA,022,27/01/16/022,"OPEN SPACE AT TRANSFORMER JUNCTION, TUNDE SODIPO ESTATE, GREENFIELD ROUND",NEW PU,562,17278,339906
27,OGUN,01,ABEOKUTA NORTH,16,IBARA ORILE/ONISASA,023,27/01/16/023,"NEAR ISALE OLA COMMINITY HALL, SOYOYE",NEW PU,562,17278,339907
27,OGUN,01,ABEOKUTA NORTH,16,IBARA ORILE/ONISASA,024,27/01/16/024,"OPEN SPACE IN FRONT OF ORIOLA COMMINITY HALL, SOYOYE",NEW PU,562,17278,339908
27,OGUN,01,ABEOKUTA NORTH,16,IBARA ORILE/ONISASA,025,27/01/16/025,"OPEN SPACE IN FRONT OF COMMUNITY HALL, IDI-ORI",NEW PU,562,17278,339909
27,OGUN,01,ABEOKUTA NORTH,16,IBARA ORILE/ONISASA,026,27/01/16/026,"OPEN SPACE IN FRONT OF COMMUNITY HEALTH CENTRE, ADEUN",NEW PU,562,17278,339910
27,OGUN,01,ABEOKUTA NORTH,16,IBARA ORILE/ONISASA,027,27/01/16/027,"OPEN SPACE AT MERCY LAND ESTATE, ADEUN",NEW PU,562,17278,339911
27,OGUN,01,ABEOKUTA NORTH,16,IBARA ORILE/ONISASA,028,27/01/16/028,"A.N.L.G NURSERY AND PRIMARY SCHOOL, MANGO OKE ATA.",NEW PU,562,17278,339912
27,OGUN,02,ABEOKUTA SOUTH,01,AKE  I,001,27/02/01/001,ST. PETERS SCHOOL AKE,EXISTING PU,563,17279,339913
27,OGUN,02,ABEOKUTA SOUTH,01,AKE  I,002,27/02/01/002,CENTENARY HALL AKE  I,EXISTING PU,563,17279,339914
27,OGUN,02,ABEOKUTA SOUTH,01,AKE  I,003,27/02/01/003,CENTENARY HALL AKE  II,EXISTING PU,563,17279,339915
27,OGUN,02,ABEOKUTA SOUTH,01,AKE  I,004,27/02/01/004,BUS STOP OPP. C.A.C. ISALE-AKE,EXISTING PU,563,17279,339916
27,OGUN,02,ABEOKUTA SOUTH,01,AKE  I,005,27/02/01/005,"BUS STOP NEAR PETROL STATION, SALE-AKE I",EXISTING PU,563,17279,339917
27,OGUN,02,ABEOKUTA SOUTH,01,AKE  I,006,27/02/01/006,"BUS STOP NEAR PETROL STATION, SALE-AKE II",EXISTING PU,563,17279,339918
27,OGUN,02,ABEOKUTA SOUTH,01,AKE  I,007,27/02/01/007,OPEN SPACE MOLETE MKT. ERUNWON  I,EXISTING PU,563,17279,339919
27,OGUN,02,ABEOKUTA SOUTH,01,AKE  I,008,27/02/01/008,OPEN SPACE IBARAPA AKE MKT.,EXISTING PU,563,17279,339920
27,OGUN,02,ABEOKUTA SOUTH,01,AKE  I,009,27/02/01/009,"OPP. OGBONI, HOUSE ERUNWON  I",EXISTING PU,563,17279,339921
27,OGUN,02,ABEOKUTA SOUTH,01,AKE  I,010,27/02/01/010,"OPP. OGBONI, HOUSE ERUNWON  II",EXISTING PU,563,17279,339922
27,OGUN,02,ABEOKUTA SOUTH,01,AKE  I,011,27/02/01/011,INT. OSO BALOGUN HS ERUNWON,EXISTING PU,563,17279,339923
27,OGUN,02,ABEOKUTA SOUTH,01,AKE  I,012,27/02/01/012,ST. PETERS CLAVER SCHOOL ITESI  I,EXISTING PU,563,17279,339924
27,OGUN,02,ABEOKUTA SOUTH,01,AKE  I,013,27/02/01/013,CHRIST ANG SCHOOL IPORO-AKE  I,EXISTING PU,563,17279,339925
27,OGUN,02,ABEOKUTA SOUTH,01,AKE  I,014,27/02/01/014,CHRIST ANG SCHOOL IPORO-AKE  II,EXISTING PU,563,17279,339926
27,OGUN,02,ABEOKUTA SOUTH,01,AKE  I,015,27/02/01/015,OPEN SPACE AT AGO-OWE,EXISTING PU,563,17279,339927
27,OGUN,02,ABEOKUTA SOUTH,01,AKE  I,016,27/02/01/016,OPEN SPACE INFRONT OF AKE'S MOSQUE,EXISTING PU,563,17279,339928
27,OGUN,02,ABEOKUTA SOUTH,01,AKE  I,017,27/02/01/017,"OPEN SPACE BESIDE AUGUSTINE CLINIC, AKE",NEW PU,563,17279,339929
27,OGUN,02,ABEOKUTA SOUTH,01,AKE  I,018,27/02/01/018,"CUSTOMARY COURT, AKE",NEW PU,563,17279,339930
27,OGUN,02,ABEOKUTA SOUTH,01,AKE  I,019,27/02/01/019,"T-JUNCTION BESIDE TRANSFORMER, LIGEGERE",NEW PU,563,17279,339931
27,OGUN,02,ABEOKUTA SOUTH,01,AKE  I,020,27/02/01/020,OPEN SPACE BEHIND C.A.C ISALE AKE (IDI ERO),NEW PU,563,17279,339932
27,OGUN,02,ABEOKUTA SOUTH,01,AKE  I,021,27/02/01/021,"OPEN SPACE BEHIND OGUNMOKUN, ISALE AKE",NEW PU,563,17279,339933
27,OGUN,02,ABEOKUTA SOUTH,01,AKE  I,022,27/02/01/022,"OPEN SPACE, IPORO AKE SAWMILL,IPORO AKE",NEW PU,563,17279,339934
27,OGUN,02,ABEOKUTA SOUTH,01,AKE  I,023,27/02/01/023,ITA ADILA ERUNWON,NEW PU,563,17279,339935
27,OGUN,02,ABEOKUTA SOUTH,01,AKE  I,024,27/02/01/024,OPEN SPACE OPP. ERUNWON CENTRAL MOSQ.,NEW PU,563,17279,339936
27,OGUN,02,ABEOKUTA SOUTH,01,AKE  I,025,27/02/01/025,ITESI OROKI COMMUNITY HALL,NEW PU,563,17279,339937
27,OGUN,02,ABEOKUTA SOUTH,01,AKE  I,026,27/02/01/026,"OPEN SPACE BESIDE ANGLICAN CHURCH, IPORO AKE",NEW PU,563,17279,339938
27,OGUN,02,ABEOKUTA SOUTH,02,AKE II,001,27/02/02/001,NEW AREGBA,EXISTING PU,563,17280,339939
27,OGUN,02,ABEOKUTA SOUTH,02,AKE II,002,27/02/02/002,AREGBA DISPENSARY I,EXISTING PU,563,17280,339940
27,OGUN,02,ABEOKUTA SOUTH,02,AKE II,003,27/02/02/003,AREGBA DISPENSARY II,EXISTING PU,563,17280,339941
27,OGUN,02,ABEOKUTA SOUTH,02,AKE II,004,27/02/02/004,NEAR ESE-OKUTA AREGBA,EXISTING PU,563,17280,339942
27,OGUN,02,ABEOKUTA SOUTH,02,AKE II,005,27/02/02/005,"OPP. AGO-ORA MOSQUE, AREGBA",EXISTING PU,563,17280,339943
27,OGUN,02,ABEOKUTA SOUTH,02,AKE II,006,27/02/02/006,A.L.G SCHOOL ADATAN,EXISTING PU,563,17280,339944
27,OGUN,02,ABEOKUTA SOUTH,02,AKE II,007,27/02/02/007,OPEN SPACE AT SINECO I,EXISTING PU,563,17280,339945
27,OGUN,02,ABEOKUTA SOUTH,02,AKE II,008,27/02/02/008,OKE-OLA MOSQUES CAR WASH,EXISTING PU,563,17280,339946
27,OGUN,02,ABEOKUTA SOUTH,02,AKE II,009,27/02/02/009,"NEAR C. C. C, ASERO I",EXISTING PU,563,17280,339947
27,OGUN,02,ABEOKUTA SOUTH,02,AKE II,010,27/02/02/010,ASERO HIGH SCHOOL,EXISTING PU,563,17280,339948
27,OGUN,02,ABEOKUTA SOUTH,02,AKE II,011,27/02/02/011,SPACE NEAR FAJOL HOTEL,EXISTING PU,563,17280,339949
27,OGUN,02,ABEOKUTA SOUTH,02,AKE II,012,27/02/02/012,BELLO BAJOMO'S HOUSE,EXISTING PU,563,17280,339950
27,OGUN,02,ABEOKUTA SOUTH,02,AKE II,013,27/02/02/013,OPEN SPACE NEAR OLORUNKEMI'S HOUSE,EXISTING PU,563,17280,339951
27,OGUN,02,ABEOKUTA SOUTH,02,AKE II,014,27/02/02/014,"OPEN SPACE NEAR PARAGON N/P SCH, AREGBA",EXISTING PU,563,17280,339952
27,OGUN,02,ABEOKUTA SOUTH,02,AKE II,015,27/02/02/015,ALH OLOWOGBOLA MOSQ. AREGBA,EXISTING PU,563,17280,339953
27,OGUN,02,ABEOKUTA SOUTH,02,AKE II,016,27/02/02/016,OPEN SPACE OPP. SOMOYE'S HOUSE,EXISTING PU,563,17280,339954
27,OGUN,02,ABEOKUTA SOUTH,02,AKE II,017,27/02/02/017,OPEN SPACE NEAR FOURSQUARE NURSERY SCH OPP. STADIUM,EXISTING PU,563,17280,339955
27,OGUN,02,ABEOKUTA SOUTH,02,AKE II,018,27/02/02/018,"IFELERE COMMUNITY TOWN HALL, AROKOJE",NEW PU,563,17280,339956
27,OGUN,02,ABEOKUTA SOUTH,02,AKE II,019,27/02/02/019,OPEN SPACE NEAR EBENEZER CHURCH BEHIND CROWN ROYAL,NEW PU,563,17280,339957
27,OGUN,02,ABEOKUTA SOUTH,02,AKE II,020,27/02/02/020,OLASUNKANMI COMMUNITY HALLL,NEW PU,563,17280,339958
27,OGUN,02,ABEOKUTA SOUTH,02,AKE II,021,27/02/02/021,"EBENERZER BAPT. SCH. ANNEX, ISOKAN, ASERO",NEW PU,563,17280,339959
27,OGUN,02,ABEOKUTA SOUTH,02,AKE II,022,27/02/02/022,"OPEN SPACE BESIDE TRANSFORMER, KOTOGBO, ASERO",NEW PU,563,17280,339960
27,OGUN,02,ABEOKUTA SOUTH,02,AKE II,023,27/02/02/023,ILUPEJU LABAIWA COMMUNITY TOWN HALL,NEW PU,563,17280,339961
27,OGUN,02,ABEOKUTA SOUTH,02,AKE II,024,27/02/02/024,"EID GROUND, OKE ODO, LABAIWA",NEW PU,563,17280,339962
27,OGUN,02,ABEOKUTA SOUTH,02,AKE II,025,27/02/02/025,"ILE PAKO JUNCTION, OKE AREGBA",NEW PU,563,17280,339963
27,OGUN,02,ABEOKUTA SOUTH,02,AKE II,026,27/02/02/026,"COMPLEX JUNCTION, ALADESANMI",NEW PU,563,17280,339964
27,OGUN,02,ABEOKUTA SOUTH,02,AKE II,027,27/02/02/027,"OPEN SPACE OPP. EBENEZER VILLA, OBANTOKO",NEW PU,563,17280,339965
27,OGUN,02,ABEOKUTA SOUTH,02,AKE II,028,27/02/02/028,"MOSHOOD ABIOLA MODEL SCH III, FAJOL",NEW PU,563,17280,339966
27,OGUN,02,ABEOKUTA SOUTH,02,AKE II,029,27/02/02/029,INFRONT OF GOSHEN ESTATE,NEW PU,563,17280,339967
27,OGUN,02,ABEOKUTA SOUTH,02,AKE II,030,27/02/02/030,"NEAR ANUOLUWAPO COMM. HALL, OLOSE",NEW PU,563,17280,339968
27,OGUN,02,ABEOKUTA SOUTH,02,AKE II,031,27/02/02/031,"AROKOJE JUNCTION, BESIDE TRANSFORMER, AROKOJE",NEW PU,563,17280,339969
27,OGUN,02,ABEOKUTA SOUTH,02,AKE II,032,27/02/02/032,"ORI OKE JUDAH JUNCTION, AROKOJE",NEW PU,563,17280,339970
27,OGUN,02,ABEOKUTA SOUTH,02,AKE II,033,27/02/02/033,"OPEN SPACE NEAR DAWAH HOUSE MOSQ. AJEGUNLE TITUN, FAJOL",NEW PU,563,17280,339971
27,OGUN,02,ABEOKUTA SOUTH,02,AKE II,034,27/02/02/034,"IRE AKARI COMM., BEHIND KAMPALA MARKET, ASERO",NEW PU,563,17280,339972
27,OGUN,02,ABEOKUTA SOUTH,02,AKE II,035,27/02/02/035,"OKE TEMIDIRE JUNCTION, BESIDE MOSQUE",NEW PU,563,17280,339973
27,OGUN,02,ABEOKUTA SOUTH,03,AKE  III,001,27/02/03/001,ST. AUGUSTINE PRY. SCH. ADATAN,EXISTING PU,563,17281,339974
27,OGUN,02,ABEOKUTA SOUTH,03,AKE  III,002,27/02/03/002,ST. AUGUSTINE PRY. SCH. ADATAN  II,EXISTING PU,563,17281,339975
27,OGUN,02,ABEOKUTA SOUTH,03,AKE  III,003,27/02/03/003,OPP. ADATAN MOSQUE,EXISTING PU,563,17281,339976
27,OGUN,02,ABEOKUTA SOUTH,03,AKE  III,004,27/02/03/004,METH PRY. SCH. ADATAN  I,EXISTING PU,563,17281,339977
27,OGUN,02,ABEOKUTA SOUTH,03,AKE  III,005,27/02/03/005,IN FRONT OF OGBONI'S HS OKE-ERO,EXISTING PU,563,17281,339978
27,OGUN,02,ABEOKUTA SOUTH,03,AKE  III,006,27/02/03/006,NEAR ODUTAYO'S COMP. ISALE ABETU,EXISTING PU,563,17281,339979
27,OGUN,02,ABEOKUTA SOUTH,03,AKE  III,007,27/02/03/007,"C.A.C. LANTORO, ABEOKUTA  I",EXISTING PU,563,17281,339980
27,OGUN,02,ABEOKUTA SOUTH,03,AKE  III,008,27/02/03/008,OPP. LANTORO (S.H.H.) I,EXISTING PU,563,17281,339981
27,OGUN,02,ABEOKUTA SOUTH,03,AKE  III,009,27/02/03/009,LANTORO HIGH SCH. ABEOKUTA  I,EXISTING PU,563,17281,339982
27,OGUN,02,ABEOKUTA SOUTH,03,AKE  III,010,27/02/03/010,LANTORO HIGH SCH. ABEOKUTA  II,EXISTING PU,563,17281,339983
27,OGUN,02,ABEOKUTA SOUTH,03,AKE  III,011,27/02/03/011,OPEN SPACE NEAR OGUNBONA'S HS  I,EXISTING PU,563,17281,339984
27,OGUN,02,ABEOKUTA SOUTH,03,AKE  III,012,27/02/03/012,OPEN SPACE NEAR OGUNBONA'S HS  II,EXISTING PU,563,17281,339985
27,OGUN,02,ABEOKUTA SOUTH,03,AKE  III,013,27/02/03/013,OPEN SPACE NEAR ABULE-OLONI  I,EXISTING PU,563,17281,339986
27,OGUN,02,ABEOKUTA SOUTH,03,AKE  III,014,27/02/03/014,"NEAR BUS-STOP JUNCTION OKE-LANTORO, AB",EXISTING PU,563,17281,339987
27,OGUN,02,ABEOKUTA SOUTH,03,AKE  III,015,27/02/03/015,"NEAR BUS-STOP JUNCTION OKE-LANTORO, AB",EXISTING PU,563,17281,339988
27,OGUN,02,ABEOKUTA SOUTH,03,AKE  III,016,27/02/03/016,OPEN SPACE AT ABATA JUNCTION OLUWO,NEW PU,563,17281,339989
27,OGUN,02,ABEOKUTA SOUTH,03,AKE  III,017,27/02/03/017,"OPEN SPACE AT OLUWO IFA ITOKO TOWN HALL, OLUWO",NEW PU,563,17281,339990
27,OGUN,02,ABEOKUTA SOUTH,03,AKE  III,018,27/02/03/018,"OPEN SPACE OPP. IMA MOSQUE, ILAGBE",NEW PU,563,17281,339991
27,OGUN,02,ABEOKUTA SOUTH,03,AKE  III,019,27/02/03/019,"OPEN SPACE NEAR CHRIST GOSPEL WITNESS CHURCH, ABIOLA WAY",NEW PU,563,17281,339992
27,OGUN,02,ABEOKUTA SOUTH,03,AKE  III,020,27/02/03/020,TRANSFORMER JUNCTION OKE ABETU,NEW PU,563,17281,339993
27,OGUN,02,ABEOKUTA SOUTH,03,AKE  III,021,27/02/03/021,OPEN SPACE NEAR OKE ERO MOSQUE,NEW PU,563,17281,339994
27,OGUN,02,ABEOKUTA SOUTH,03,AKE  III,022,27/02/03/022,"OPEN SPACE NEAR, ADATAN SAWMILL ADATAN",NEW PU,563,17281,339995
27,OGUN,02,ABEOKUTA SOUTH,03,AKE  III,023,27/02/03/023,"OPEN SPACE BESIDE ILUPEJU MOSQUE, OKE LANTORO",NEW PU,563,17281,339996
27,OGUN,02,ABEOKUTA SOUTH,03,AKE  III,024,27/02/03/024,OGD NUR & PRY SCH. OLUWO OLOGBE,NEW PU,563,17281,339997
27,OGUN,02,ABEOKUTA SOUTH,03,AKE  III,025,27/02/03/025,ABULE OLUWO JUNCTION OPP. ODO ERAN,NEW PU,563,17281,339998
27,OGUN,02,ABEOKUTA SOUTH,03,AKE  III,026,27/02/03/026,"OPEN SPACE INFRONT OF PECULIAR BAPTIST CHURCH, BAASALA",NEW PU,563,17281,339999
27,OGUN,02,ABEOKUTA SOUTH,03,AKE  III,027,27/02/03/027,OKE BOREHOLE ILAGBE JUNCTION,NEW PU,563,17281,340000
27,OGUN,02,ABEOKUTA SOUTH,03,AKE  III,028,27/02/03/028,ISALE ABETU JUNCTION BESIDE ONTEC HALL,NEW PU,563,17281,340001
27,OGUN,02,ABEOKUTA SOUTH,03,AKE  III,029,27/02/03/029,"OPEN SPACE BESIDE OMOTARA CENTERAL MOSQUE, ABULE OLONI",NEW PU,563,17281,340002
27,OGUN,02,ABEOKUTA SOUTH,04,KEESI/EMERE,001,27/02/04/001,ST. MARY A/C SCH. OKE-EFON I,EXISTING PU,563,17282,340003
27,OGUN,02,ABEOKUTA SOUTH,04,KEESI/EMERE,002,27/02/04/002,ST. MARY A/C SCH. OKE-EFON II,EXISTING PU,563,17282,340004
27,OGUN,02,ABEOKUTA SOUTH,04,KEESI/EMERE,003,27/02/04/003,OPEN SPACE INF OGBONI'S HS OKE-EFON I,EXISTING PU,563,17282,340005
27,OGUN,02,ABEOKUTA SOUTH,04,KEESI/EMERE,004,27/02/04/004,OPEN SPACE INF OGBONI'S HS OKE-EFON II,EXISTING PU,563,17282,340006
27,OGUN,02,ABEOKUTA SOUTH,04,KEESI/EMERE,005,27/02/04/005,OPEN SPACE NEAR CHIEF Y.M. ABUDU'S HOUSE I,EXISTING PU,563,17282,340007
27,OGUN,02,ABEOKUTA SOUTH,04,KEESI/EMERE,006,27/02/04/006,OPEN SPACE NEAR CHIEF Y.M. ABUDU'S HOUSE  II,EXISTING PU,563,17282,340008
27,OGUN,02,ABEOKUTA SOUTH,04,KEESI/EMERE,007,27/02/04/007,EBEN BAPT. SCH. OKE-SAJE  I,EXISTING PU,563,17282,340009
27,OGUN,02,ABEOKUTA SOUTH,04,KEESI/EMERE,008,27/02/04/008,ST. PETERS CLAVER'S SCH. OKE-EFON  II,EXISTING PU,563,17282,340010
27,OGUN,02,ABEOKUTA SOUTH,04,KEESI/EMERE,009,27/02/04/009,BAPT. BOYS HIGH SCH. SAJE  I,EXISTING PU,563,17282,340011
27,OGUN,02,ABEOKUTA SOUTH,04,KEESI/EMERE,010,27/02/04/010,BAPT. BOYS HIGH SCH. SAJE  II,EXISTING PU,563,17282,340012
27,OGUN,02,ABEOKUTA SOUTH,04,KEESI/EMERE,011,27/02/04/011,OPEN SPACE AT QUARRY JUNCTION  I,EXISTING PU,563,17282,340013
27,OGUN,02,ABEOKUTA SOUTH,04,KEESI/EMERE,012,27/02/04/012,EMMANUEL ANG. PRY. SCH. KEESI  I,EXISTING PU,563,17282,340014
27,OGUN,02,ABEOKUTA SOUTH,04,KEESI/EMERE,013,27/02/04/013,OPEN SPACE AT OJULAKIJENA KEESI   I,EXISTING PU,563,17282,340015
27,OGUN,02,ABEOKUTA SOUTH,04,KEESI/EMERE,014,27/02/04/014,OPEN SPACE AT OJULAKIJENA KEESI   II,EXISTING PU,563,17282,340016
27,OGUN,02,ABEOKUTA SOUTH,04,KEESI/EMERE,015,27/02/04/015,R.C.M. SCH. EMERE  I,EXISTING PU,563,17282,340017
27,OGUN,02,ABEOKUTA SOUTH,04,KEESI/EMERE,016,27/02/04/016,OPEN SPACE AT ISOKA  I,EXISTING PU,563,17282,340018
27,OGUN,02,ABEOKUTA SOUTH,04,KEESI/EMERE,017,27/02/04/017,OPEN SPACE AT ISOKA  II,EXISTING PU,563,17282,340019
27,OGUN,02,ABEOKUTA SOUTH,04,KEESI/EMERE,018,27/02/04/018,INF OF OGBONI HOUSE EMERE,EXISTING PU,563,17282,340020
27,OGUN,02,ABEOKUTA SOUTH,04,KEESI/EMERE,019,27/02/04/019,OPEN SPACE NEAR A.L.G. AREGBA I,EXISTING PU,563,17282,340021
27,OGUN,02,ABEOKUTA SOUTH,04,KEESI/EMERE,020,27/02/04/020,NEAR A.L.G. CLINIC KEESI  I,EXISTING PU,563,17282,340022
27,OGUN,02,ABEOKUTA SOUTH,04,KEESI/EMERE,021,27/02/04/021,NEAR A.L.G. CLINIC KEESI  II,EXISTING PU,563,17282,340023
27,OGUN,02,ABEOKUTA SOUTH,04,KEESI/EMERE,022,27/02/04/022,OPEN SPACE IKOPA MOSQUE,EXISTING PU,563,17282,340024
27,OGUN,02,ABEOKUTA SOUTH,04,KEESI/EMERE,023,27/02/04/023,INF OF OGBONI HS IKOPA,EXISTING PU,563,17282,340025
27,OGUN,02,ABEOKUTA SOUTH,04,KEESI/EMERE,024,27/02/04/024,OPEN SPACE NEAR OJO OKE-IRO,EXISTING PU,563,17282,340026
27,OGUN,02,ABEOKUTA SOUTH,04,KEESI/EMERE,025,27/02/04/025,A.L.G. SCH. KUGBA,EXISTING PU,563,17282,340027
27,OGUN,02,ABEOKUTA SOUTH,04,KEESI/EMERE,026,27/02/04/026,"OPEN SPACE NEAR OKO OLOYUN, ECO GAS",NEW PU,563,17282,340028
27,OGUN,02,ABEOKUTA SOUTH,04,KEESI/EMERE,027,27/02/04/027,"OPEN SPACE NEAR MECHANICS VILLAGE, OLOBI",NEW PU,563,17282,340029
27,OGUN,02,ABEOKUTA SOUTH,04,KEESI/EMERE,028,27/02/04/028,OPEN SPACE NEAR HADJI TANKO PETROL STATION,NEW PU,563,17282,340030
27,OGUN,02,ABEOKUTA SOUTH,04,KEESI/EMERE,029,27/02/04/029,"OPEN SPACE NEAR SHOFOLUKE'S HOUSE, ITOKO TITUN, OKE EFON",NEW PU,563,17282,340031
27,OGUN,02,ABEOKUTA SOUTH,04,KEESI/EMERE,030,27/02/04/030,ARINLESE JUNCTION,NEW PU,563,17282,340032
27,OGUN,02,ABEOKUTA SOUTH,04,KEESI/EMERE,031,27/02/04/031,OPEN SPACE NEAR ILUPEJU COMM. CENTRAL MOSQ.,NEW PU,563,17282,340033
27,OGUN,02,ABEOKUTA SOUTH,05,IJEMO,001,27/02/05/001,U.A.M.C. PRY SCH. ELEJA,EXISTING PU,563,17283,340034
27,OGUN,02,ABEOKUTA SOUTH,05,IJEMO,002,27/02/05/002,U.A.M.C. PRY SCH. ELEJA  II,EXISTING PU,563,17283,340035
27,OGUN,02,ABEOKUTA SOUTH,05,IJEMO,003,27/02/05/003,OBA ADEMOLA HOSPITAL  I,EXISTING PU,563,17283,340036
27,OGUN,02,ABEOKUTA SOUTH,05,IJEMO,004,27/02/05/004,OBA ADEMOLA HOSPITAL  II,EXISTING PU,563,17283,340037
27,OGUN,02,ABEOKUTA SOUTH,05,IJEMO,005,27/02/05/005,R.C.M. SCH. OKE-PADRE  I,EXISTING PU,563,17283,340038
27,OGUN,02,ABEOKUTA SOUTH,05,IJEMO,006,27/02/05/006,BAYEWUNMI MOSQUE  I,EXISTING PU,563,17283,340039
27,OGUN,02,ABEOKUTA SOUTH,05,IJEMO,007,27/02/05/007,BAYEWUNMI MOSQUE  II,EXISTING PU,563,17283,340040
27,OGUN,02,ABEOKUTA SOUTH,05,IJEMO,008,27/02/05/008,A.L.G. DISPENSARY,EXISTING PU,563,17283,340041
27,OGUN,02,ABEOKUTA SOUTH,05,IJEMO,009,27/02/05/009,OGBONI IJAKO HOUSE  I,EXISTING PU,563,17283,340042
27,OGUN,02,ABEOKUTA SOUTH,05,IJEMO,010,27/02/05/010,ILE OGBONI IJAKO  II,EXISTING PU,563,17283,340043
27,OGUN,02,ABEOKUTA SOUTH,05,IJEMO,011,27/02/05/011,SAWYER'S HALL,EXISTING PU,563,17283,340044
27,OGUN,02,ABEOKUTA SOUTH,05,IJEMO,012,27/02/05/012,SAWYER'S HALL  II,EXISTING PU,563,17283,340045
27,OGUN,02,ABEOKUTA SOUTH,05,IJEMO,013,27/02/05/013,OPEN SPACE NEAR OGBONI IBON HOUSE,EXISTING PU,563,17283,340046
27,OGUN,02,ABEOKUTA SOUTH,05,IJEMO,014,27/02/05/014,OPEN SPACE APOSTOLIC IJEMO AGBADU I,EXISTING PU,563,17283,340047
27,OGUN,02,ABEOKUTA SOUTH,05,IJEMO,015,27/02/05/015,OPEN SPACE NEAR ODO-OJA BOOTH,EXISTING PU,563,17283,340048
27,OGUN,02,ABEOKUTA SOUTH,05,IJEMO,016,27/02/05/016,A.L.G. PRY. SCH. IJEMO,EXISTING PU,563,17283,340049
27,OGUN,02,ABEOKUTA SOUTH,05,IJEMO,017,27/02/05/017,OPEN SPACE NEAR OGUNSOLA'S HOUSE,EXISTING PU,563,17283,340050
27,OGUN,02,ABEOKUTA SOUTH,05,IJEMO,018,27/02/05/018,"OPEN SPACE, ILOGBO JUNCTION, IJEMO AGBADU",NEW PU,563,17283,340051
27,OGUN,02,ABEOKUTA SOUTH,05,IJEMO,019,27/02/05/019,"OJU IGUNUKO JUNCTION, OKE IJEMO",NEW PU,563,17283,340052
27,OGUN,02,ABEOKUTA SOUTH,05,IJEMO,020,27/02/05/020,"OPEN SPACE IDI ERO, IJAKO",NEW PU,563,17283,340053
27,OGUN,02,ABEOKUTA SOUTH,05,IJEMO,021,27/02/05/021,"OPEN SPACE OPP.IDI OSHE MOSQUE, IJEMO",NEW PU,563,17283,340054
27,OGUN,02,ABEOKUTA SOUTH,05,IJEMO,022,27/02/05/022,"OPEN SPACE AT OJU AGEMO, IJEMO",NEW PU,563,17283,340055
27,OGUN,02,ABEOKUTA SOUTH,05,IJEMO,023,27/02/05/023,OPEN SPACE NEAR ADENEKAN'S HOUSE,NEW PU,563,17283,340056
27,OGUN,02,ABEOKUTA SOUTH,06,ITOKO,001,27/02/06/001,OPEN SPACE-INF OF PETERS HS ITOKO,EXISTING PU,563,17284,340057
27,OGUN,02,ABEOKUTA SOUTH,06,ITOKO,002,27/02/06/002,E..A.C. PRY. SCH  ITOKO,EXISTING PU,563,17284,340058
27,OGUN,02,ABEOKUTA SOUTH,06,ITOKO,003,27/02/06/003,OPEN SPACE OJU-AGEMO  I,EXISTING PU,563,17284,340059
27,OGUN,02,ABEOKUTA SOUTH,06,ITOKO,004,27/02/06/004,OPEN SPACE OJU-AGEMO  II,EXISTING PU,563,17284,340060
27,OGUN,02,ABEOKUTA SOUTH,06,ITOKO,005,27/02/06/005,OPEN SPACE SHONLU COMP.,EXISTING PU,563,17284,340061
27,OGUN,02,ABEOKUTA SOUTH,06,ITOKO,006,27/02/06/006,OPEN SPACE NEAR APITIPITI COMP.,EXISTING PU,563,17284,340062
27,OGUN,02,ABEOKUTA SOUTH,06,ITOKO,007,27/02/06/007,N.U.D. PRY. SCHOOL. OKE-ALEJI,EXISTING PU,563,17284,340063
27,OGUN,02,ABEOKUTA SOUTH,06,ITOKO,008,27/02/06/008,OPEN SPACE ITA-GBANGBA,EXISTING PU,563,17284,340064
27,OGUN,02,ABEOKUTA SOUTH,06,ITOKO,009,27/02/06/009,OPEN SPACE ILE-EJA,EXISTING PU,563,17284,340065
27,OGUN,02,ABEOKUTA SOUTH,06,ITOKO,010,27/02/06/010,OPEN SPACE BEHIND EMI-ABATA  I,EXISTING PU,563,17284,340066
27,OGUN,02,ABEOKUTA SOUTH,06,ITOKO,011,27/02/06/011,MOSQUE NEAR HOSPITAL ISALE-ITOKO,EXISTING PU,563,17284,340067
27,OGUN,02,ABEOKUTA SOUTH,06,ITOKO,012,27/02/06/012,NEAR OKE ITOKO MOSQUE,EXISTING PU,563,17284,340068
27,OGUN,02,ABEOKUTA SOUTH,06,ITOKO,013,27/02/06/013,OPEN SPACE OPP. AGO IBADAN MOSQUE,NEW PU,563,17284,340069
27,OGUN,02,ABEOKUTA SOUTH,06,ITOKO,014,27/02/06/014,OPEN SPACE OPP. ADENIJI'S HOUSE,NEW PU,563,17284,340070
27,OGUN,02,ABEOKUTA SOUTH,06,ITOKO,015,27/02/06/015,OPEN SPACE BY COMMUNITY DEV. AGENCY BOREHOLE,NEW PU,563,17284,340071
27,OGUN,02,ABEOKUTA SOUTH,06,ITOKO,016,27/02/06/016,"OPEN SPACE NEAR APOSTILIC CHURCH, AGBEGILERE, ITOKO",NEW PU,563,17284,340072
27,OGUN,02,ABEOKUTA SOUTH,07,IJAYE/IDI-ABA,001,27/02/07/001,OPEN SPACE AT IJAYE GARAGE  I,EXISTING PU,563,17285,340073
27,OGUN,02,ABEOKUTA SOUTH,07,IJAYE/IDI-ABA,002,27/02/07/002,OPEN SPACE AT IJAYE GARAGE  II,EXISTING PU,563,17285,340074
27,OGUN,02,ABEOKUTA SOUTH,07,IJAYE/IDI-ABA,003,27/02/07/003,OJA ALE IJAIYE I,EXISTING PU,563,17285,340075
27,OGUN,02,ABEOKUTA SOUTH,07,IJAYE/IDI-ABA,004,27/02/07/004,OJA ALE IJAIYE II,EXISTING PU,563,17285,340076
27,OGUN,02,ABEOKUTA SOUTH,07,IJAYE/IDI-ABA,005,27/02/07/005,IST BAPT. PRY. SCH. IJAYE  I,EXISTING PU,563,17285,340077
27,OGUN,02,ABEOKUTA SOUTH,07,IJAYE/IDI-ABA,006,27/02/07/006,IST BAPT. PRY. SCH. IJAYE II,EXISTING PU,563,17285,340078
27,OGUN,02,ABEOKUTA SOUTH,07,IJAYE/IDI-ABA,007,27/02/07/007,OPEN SPACE NEAR ALH. SEYE HOUSE,EXISTING PU,563,17285,340079
27,OGUN,02,ABEOKUTA SOUTH,07,IJAYE/IDI-ABA,008,27/02/07/008,IJAYE COMM. PRY SCH.  I,EXISTING PU,563,17285,340080
27,OGUN,02,ABEOKUTA SOUTH,07,IJAYE/IDI-ABA,009,27/02/07/009,OPEN SPACE OLADOSU MOSQUE,EXISTING PU,563,17285,340081
27,OGUN,02,ABEOKUTA SOUTH,07,IJAYE/IDI-ABA,010,27/02/07/010,OPEN SPACE NEAR FOLARANMI HS  I,EXISTING PU,563,17285,340082
27,OGUN,02,ABEOKUTA SOUTH,07,IJAYE/IDI-ABA,011,27/02/07/011,OPEN SPACE NEAR FOLARANMI HS II,EXISTING PU,563,17285,340083
27,OGUN,02,ABEOKUTA SOUTH,07,IJAYE/IDI-ABA,012,27/02/07/012,BUS-STOP AT IJAYE  I,EXISTING PU,563,17285,340084
27,OGUN,02,ABEOKUTA SOUTH,07,IJAYE/IDI-ABA,013,27/02/07/013,OPEN SPACE NEAR ALH. AKANNI IROKO HS I,EXISTING PU,563,17285,340085
27,OGUN,02,ABEOKUTA SOUTH,07,IJAYE/IDI-ABA,014,27/02/07/014,OPEN SPACE NEAR ALH. AKANNI IROKO HS II,EXISTING PU,563,17285,340086
27,OGUN,02,ABEOKUTA SOUTH,07,IJAYE/IDI-ABA,015,27/02/07/015,BODE IJAYE PRY SCHOOL,EXISTING PU,563,17285,340087
27,OGUN,02,ABEOKUTA SOUTH,07,IJAYE/IDI-ABA,016,27/02/07/016,ST.JAMES PRY SCHOOL IDI-ABA  I,EXISTING PU,563,17285,340088
27,OGUN,02,ABEOKUTA SOUTH,07,IJAYE/IDI-ABA,017,27/02/07/017,ST.JAMES PRY SCHOOL IDI-ABA  II,EXISTING PU,563,17285,340089
27,OGUN,02,ABEOKUTA SOUTH,07,IJAYE/IDI-ABA,018,27/02/07/018,BAPT PRY SCH IDI-ABA  I,EXISTING PU,563,17285,340090
27,OGUN,02,ABEOKUTA SOUTH,07,IJAYE/IDI-ABA,019,27/02/07/019,BAPT PRY SCH IDI-ABA  II,EXISTING PU,563,17285,340091
27,OGUN,02,ABEOKUTA SOUTH,07,IJAYE/IDI-ABA,020,27/02/07/020,OPEN SPACE AT KENTA H/ESTATE,EXISTING PU,563,17285,340092
27,OGUN,02,ABEOKUTA SOUTH,07,IJAYE/IDI-ABA,021,27/02/07/021,SPACE NEAR ELECTRIM,EXISTING PU,563,17285,340093
27,OGUN,02,ABEOKUTA SOUTH,07,IJAYE/IDI-ABA,022,27/02/07/022,OPEN SPACE NEAR IYANA ODEGBAMI,EXISTING PU,563,17285,340094
27,OGUN,02,ABEOKUTA SOUTH,07,IJAYE/IDI-ABA,023,27/02/07/023,OPEN SPACE NEAR OYEGUNLE HOUSE,EXISTING PU,563,17285,340095
27,OGUN,02,ABEOKUTA SOUTH,07,IJAYE/IDI-ABA,024,27/02/07/024,OPP. TEKOBO BAKERY,EXISTING PU,563,17285,340096
27,OGUN,02,ABEOKUTA SOUTH,07,IJAYE/IDI-ABA,025,27/02/07/025,OPEN SPACE NEAR KUSIMO'S HOUSE KEMTA,EXISTING PU,563,17285,340097
27,OGUN,02,ABEOKUTA SOUTH,07,IJAYE/IDI-ABA,026,27/02/07/026,OPEN SPACE NEAR ALHAJI AYANWOLE'S HOUSE,EXISTING PU,563,17285,340098
27,OGUN,02,ABEOKUTA SOUTH,07,IJAYE/IDI-ABA,027,27/02/07/027,PRINCE COURT ESTATE KEMTA HOUSING IDI-ABA,NEW PU,563,17285,340099
27,OGUN,02,ABEOKUTA SOUTH,07,IJAYE/IDI-ABA,028,27/02/07/028,OPEN SPACE  BESIDE FMC IDI ABA,NEW PU,563,17285,340100
27,OGUN,02,ABEOKUTA SOUTH,07,IJAYE/IDI-ABA,029,27/02/07/029,OPEN SPACE AT OGO OLUWA BUS STOP ELITE ROAD,NEW PU,563,17285,340101
27,OGUN,02,ABEOKUTA SOUTH,07,IJAYE/IDI-ABA,030,27/02/07/030,OPEN SPACE NEAR C C C OLORUNSOGO AREA,NEW PU,563,17285,340102
27,OGUN,02,ABEOKUTA SOUTH,07,IJAYE/IDI-ABA,031,27/02/07/031,OPEN SPACE RATQUB MOSQ. OLORUNSOGO (ARAMIS),NEW PU,563,17285,340103
27,OGUN,02,ABEOKUTA SOUTH,07,IJAYE/IDI-ABA,032,27/02/07/032,LISABI GRAMMAR SCHOOL IDI-ABA,NEW PU,563,17285,340104
27,OGUN,02,ABEOKUTA SOUTH,07,IJAYE/IDI-ABA,033,27/02/07/033,OPEN SPACE AT BAYO ALI STREET TEKOBO IDI-ABA,NEW PU,563,17285,340105
27,OGUN,02,ABEOKUTA SOUTH,07,IJAYE/IDI-ABA,034,27/02/07/034,KONGA PAKO JUNCTION OLORUNSOGO,NEW PU,563,17285,340106
27,OGUN,02,ABEOKUTA SOUTH,07,IJAYE/IDI-ABA,035,27/02/07/035,OPEN SPACE AT OLOKUTA HOUSING GATE,NEW PU,563,17285,340107
27,OGUN,02,ABEOKUTA SOUTH,07,IJAYE/IDI-ABA,036,27/02/07/036,OPEN SPACE AT ABULE KEMTA OYA NEAR BAALE'S HOUSE,NEW PU,563,17285,340108
27,OGUN,02,ABEOKUTA SOUTH,07,IJAYE/IDI-ABA,037,27/02/07/037,"OPEN SPACE AT OKE ODO BESIDE POWER LINE, KEMTA",NEW PU,563,17285,340109
27,OGUN,02,ABEOKUTA SOUTH,07,IJAYE/IDI-ABA,038,27/02/07/038,UNDER POWER LINE OPEN FIELD ABULE OJO,NEW PU,563,17285,340110
27,OGUN,02,ABEOKUTA SOUTH,07,IJAYE/IDI-ABA,039,27/02/07/039,OPEN SPACE NEAR BAALE'S HOUSE ABULE  AKE,NEW PU,563,17285,340111
27,OGUN,02,ABEOKUTA SOUTH,07,IJAYE/IDI-ABA,040,27/02/07/040,OPEN FIELD UNDER POWER LINE ABULE AKE,NEW PU,563,17285,340112
27,OGUN,02,ABEOKUTA SOUTH,07,IJAYE/IDI-ABA,041,27/02/07/041,OPEN FIELD AT OLOKUTA ESTATE,NEW PU,563,17285,340113
27,OGUN,02,ABEOKUTA SOUTH,07,IJAYE/IDI-ABA,042,27/02/07/042,"BEHIND EMUPAE MOSQUE AJEGUNLE, ELITE",NEW PU,563,17285,340114
27,OGUN,02,ABEOKUTA SOUTH,07,IJAYE/IDI-ABA,043,27/02/07/043,"POWER LINE  ABULE NLA, IDI-ABA",NEW PU,563,17285,340115
27,OGUN,02,ABEOKUTA SOUTH,07,IJAYE/IDI-ABA,044,27/02/07/044,OPEN SPACE AT ELITE JUNCTION IDI-ABA,NEW PU,563,17285,340116
27,OGUN,02,ABEOKUTA SOUTH,07,IJAYE/IDI-ABA,045,27/02/07/045,OPEN SPACE BESIDE OSOBO BRIDGE OKE JIGBO,NEW PU,563,17285,340117
27,OGUN,02,ABEOKUTA SOUTH,08,ERUNBE/OKE IJEUN,001,27/02/08/001,"OPEN SPACE NEAR OGBONI HS, OKE IJEUN I",EXISTING PU,563,17286,340118
27,OGUN,02,ABEOKUTA SOUTH,08,ERUNBE/OKE IJEUN,002,27/02/08/002,"OPEN SPACE NEAR OGBONI HS, OKE IJEUN II",EXISTING PU,563,17286,340119
27,OGUN,02,ABEOKUTA SOUTH,08,ERUNBE/OKE IJEUN,003,27/02/08/003,NEAR OLORUNLUGO FISH DEPOT,EXISTING PU,563,17286,340120
27,OGUN,02,ABEOKUTA SOUTH,08,ERUNBE/OKE IJEUN,004,27/02/08/004,SALVATION ARMY PRY SCH.,EXISTING PU,563,17286,340121
27,OGUN,02,ABEOKUTA SOUTH,08,ERUNBE/OKE IJEUN,005,27/02/08/005,LISABI PRY. SCHOOL,EXISTING PU,563,17286,340122
27,OGUN,02,ABEOKUTA SOUTH,08,ERUNBE/OKE IJEUN,006,27/02/08/006,OPEN SPACE NEAR ILOGBO JUNCTION I,EXISTING PU,563,17286,340123
27,OGUN,02,ABEOKUTA SOUTH,08,ERUNBE/OKE IJEUN,007,27/02/08/007,OPEN SPACE NEAR ILOGBO JUNCTION II,EXISTING PU,563,17286,340124
27,OGUN,02,ABEOKUTA SOUTH,08,ERUNBE/OKE IJEUN,008,27/02/08/008,OPEN SPACE NEAR OKE-JIGBO BUS-STOP I,EXISTING PU,563,17286,340125
27,OGUN,02,ABEOKUTA SOUTH,08,ERUNBE/OKE IJEUN,009,27/02/08/009,OPEN SPACE NEAR OKE-JIGBO BUS-STOP II,EXISTING PU,563,17286,340126
27,OGUN,02,ABEOKUTA SOUTH,08,ERUNBE/OKE IJEUN,010,27/02/08/010,OPEN SPACE NEAR APESIN'S H/S,EXISTING PU,563,17286,340127
27,OGUN,02,ABEOKUTA SOUTH,08,ERUNBE/OKE IJEUN,011,27/02/08/011,OPEN SPACE NEAR SODIPE'S COMP OKE-IJEUN,EXISTING PU,563,17286,340128
27,OGUN,02,ABEOKUTA SOUTH,08,ERUNBE/OKE IJEUN,012,27/02/08/012,OPEN SPACE INF OF OMOYAYI'S HOUSE,EXISTING PU,563,17286,340129
27,OGUN,02,ABEOKUTA SOUTH,08,ERUNBE/OKE IJEUN,013,27/02/08/013,OPEN SPACE INF OF STATE HOSPITAL  I,EXISTING PU,563,17286,340130
27,OGUN,02,ABEOKUTA SOUTH,08,ERUNBE/OKE IJEUN,014,27/02/08/014,OPEN SPACE INF OF STATE HOSPITAL  II,EXISTING PU,563,17286,340131
27,OGUN,02,ABEOKUTA SOUTH,08,ERUNBE/OKE IJEUN,015,27/02/08/015,KUTI PRY. SCHOOL  I,EXISTING PU,563,17286,340132
27,OGUN,02,ABEOKUTA SOUTH,08,ERUNBE/OKE IJEUN,016,27/02/08/016,ITA AGEMO ERUNBE  I,EXISTING PU,563,17286,340133
27,OGUN,02,ABEOKUTA SOUTH,08,ERUNBE/OKE IJEUN,017,27/02/08/017,ITA AGEMO ERUNBE  II,EXISTING PU,563,17286,340134
27,OGUN,02,ABEOKUTA SOUTH,08,ERUNBE/OKE IJEUN,018,27/02/08/018,OPEN SPACE NEAR CHIEF AKANDE'S HOUSE,EXISTING PU,563,17286,340135
27,OGUN,02,ABEOKUTA SOUTH,08,ERUNBE/OKE IJEUN,019,27/02/08/019,OPEN SPACE NEAR CHIEF AKANDE'S HOUSE,EXISTING PU,563,17286,340136
27,OGUN,02,ABEOKUTA SOUTH,08,ERUNBE/OKE IJEUN,020,27/02/08/020,N.U.D.PRY SCH,EXISTING PU,563,17286,340137
27,OGUN,02,ABEOKUTA SOUTH,08,ERUNBE/OKE IJEUN,021,27/02/08/021,OPEN SPACE NEAR SOJOBI'S HOUSE,EXISTING PU,563,17286,340138
27,OGUN,02,ABEOKUTA SOUTH,08,ERUNBE/OKE IJEUN,022,27/02/08/022,OPEN SPACE NEAR LOWO HOUSE OPP.,EXISTING PU,563,17286,340139
27,OGUN,02,ABEOKUTA SOUTH,08,ERUNBE/OKE IJEUN,023,27/02/08/023,"OPP. METHODIST, ILOGBO",NEW PU,563,17286,340140
27,OGUN,02,ABEOKUTA SOUTH,08,ERUNBE/OKE IJEUN,024,27/02/08/024,"OPEN SPACE NEAR WHITE HOUSE, OKE IJEUN",NEW PU,563,17286,340141
27,OGUN,02,ABEOKUTA SOUTH,08,ERUNBE/OKE IJEUN,025,27/02/08/025,OPEN SPACE ARAWA COMPOUND,NEW PU,563,17286,340142
27,OGUN,02,ABEOKUTA SOUTH,08,ERUNBE/OKE IJEUN,026,27/02/08/026,OPEN SPACE NEAR  ROSIJI JUNCTION,NEW PU,563,17286,340143
27,OGUN,02,ABEOKUTA SOUTH,09,AGO-EGUN/IJESA,001,27/02/09/001,OPEN SPACE NEAR CELESTIAL CHURCH IJEUN TITUN,EXISTING PU,563,17287,340144
27,OGUN,02,ABEOKUTA SOUTH,09,AGO-EGUN/IJESA,002,27/02/09/002,OPP. IJEUN TITUN MOSQUE I,EXISTING PU,563,17287,340145
27,OGUN,02,ABEOKUTA SOUTH,09,AGO-EGUN/IJESA,003,27/02/09/003,OPEN SPACE NEAR IJEUN TITUN MOSQUE II,EXISTING PU,563,17287,340146
27,OGUN,02,ABEOKUTA SOUTH,09,AGO-EGUN/IJESA,004,27/02/09/004,OPEN SPACE INF EKUNDAYO'S HOUSE  I,EXISTING PU,563,17287,340147
27,OGUN,02,ABEOKUTA SOUTH,09,AGO-EGUN/IJESA,005,27/02/09/005,OPEN SPACE INF EKUNDAYO'S HOUSE  II,EXISTING PU,563,17287,340148
27,OGUN,02,ABEOKUTA SOUTH,09,AGO-EGUN/IJESA,006,27/02/09/006,OPEN SPACE NEAR BALE'S HOUSE IJEUN-TITUN  I,EXISTING PU,563,17287,340149
27,OGUN,02,ABEOKUTA SOUTH,09,AGO-EGUN/IJESA,007,27/02/09/007,OPEN SPACE NEAR BALE'S HOUSE IJEUN-TITUN  II,EXISTING PU,563,17287,340150
27,OGUN,02,ABEOKUTA SOUTH,09,AGO-EGUN/IJESA,008,27/02/09/008,OPEN SPACE NEAR IJEUN TITUN LODGE  I,EXISTING PU,563,17287,340151
27,OGUN,02,ABEOKUTA SOUTH,09,AGO-EGUN/IJESA,009,27/02/09/009,OPEN SPACE NEAR AGUNBIADE'S HOUSE II (OPP. OGBONI HOUSE ERUWON I),EXISTING PU,563,17287,340152
27,OGUN,02,ABEOKUTA SOUTH,09,AGO-EGUN/IJESA,010,27/02/09/010,OPEN SPACE NEAR AGUNBIADE'S HOUSE II (OPP. OGBONI HOUSE ERUWON II),EXISTING PU,563,17287,340153
27,OGUN,02,ABEOKUTA SOUTH,09,AGO-EGUN/IJESA,011,27/02/09/011,OPEN SPACE NEAR OLUGBEMI ST. IDI-ERO,EXISTING PU,563,17287,340154
27,OGUN,02,ABEOKUTA SOUTH,09,AGO-EGUN/IJESA,012,27/02/09/012,OPEN SPACE NEAR ARANSE OLUWA  OLOROMBO  I,EXISTING PU,563,17287,340155
27,OGUN,02,ABEOKUTA SOUTH,09,AGO-EGUN/IJESA,013,27/02/09/013,OPEN SPACE NEAR ARANSE OLUWA  OLOROMBO  II,EXISTING PU,563,17287,340156
27,OGUN,02,ABEOKUTA SOUTH,09,AGO-EGUN/IJESA,014,27/02/09/014,OPEN SPACE NEAR ODUNTAN'S HOUSE AGO-EGUN I,EXISTING PU,563,17287,340157
27,OGUN,02,ABEOKUTA SOUTH,09,AGO-EGUN/IJESA,015,27/02/09/015,OPEN SPACE NEAR BAALE LEME'S HOUSE,EXISTING PU,563,17287,340158
27,OGUN,02,ABEOKUTA SOUTH,09,AGO-EGUN/IJESA,016,27/02/09/016,OPEN SPACE NEAR CHIEF DERIN'S HOUSE [IFESOWAPO],EXISTING PU,563,17287,340159
27,OGUN,02,ABEOKUTA SOUTH,09,AGO-EGUN/IJESA,017,27/02/09/017,OPEN SPACE IN FRONT OWOTUTU'S  HOUSE,EXISTING PU,563,17287,340160
27,OGUN,02,ABEOKUTA SOUTH,09,AGO-EGUN/IJESA,018,27/02/09/018,OPEN SPACE IN FRONT LEME CENTRAL MOSQUE,EXISTING PU,563,17287,340161
27,OGUN,02,ABEOKUTA SOUTH,09,AGO-EGUN/IJESA,019,27/02/09/019,OPEN SPACE IN FRONT EWANG HOUSING ESTATE,EXISTING PU,563,17287,340162
27,OGUN,02,ABEOKUTA SOUTH,09,AGO-EGUN/IJESA,020,27/02/09/020,OPP. IFELODUN CO-OPERATIVE C.E.S (ABIOLA WAY)[IFESOWAPO],EXISTING PU,563,17287,340163
27,OGUN,02,ABEOKUTA SOUTH,09,AGO-EGUN/IJESA,021,27/02/09/021,BOOTH OPP. BABA ONIFA'S HOUSE LEME,EXISTING PU,563,17287,340164
27,OGUN,02,ABEOKUTA SOUTH,09,AGO-EGUN/IJESA,022,27/02/09/022,OPEN SPACE OPP. ABEOKUTA SOUTH HEALTH CENTER,NEW PU,563,17287,340165
27,OGUN,02,ABEOKUTA SOUTH,09,AGO-EGUN/IJESA,023,27/02/09/023,OPEN SPACE OBASANJO HILL TOP GATE OKE- MOSAN,NEW PU,563,17287,340166
27,OGUN,02,ABEOKUTA SOUTH,09,AGO-EGUN/IJESA,024,27/02/09/024,OPEN SPACE OPP. GOD OF ISREAL SCH. LUKOSI,NEW PU,563,17287,340167
27,OGUN,02,ABEOKUTA SOUTH,09,AGO-EGUN/IJESA,025,27/02/09/025,OPEN SPACE FOLARIN JUNCTION BESIDE TRANSFORMER IJEUN LUKOSI,NEW PU,563,17287,340168
27,OGUN,02,ABEOKUTA SOUTH,09,AGO-EGUN/IJESA,026,27/02/09/026,SOCIAL CENTER LUD SITE V HOUSING ESTATE EWANG,NEW PU,563,17287,340169
27,OGUN,02,ABEOKUTA SOUTH,09,AGO-EGUN/IJESA,027,27/02/09/027,OPEN SPACE NEAR KHALIFA ADENEKAN HOUSE IJEUN TITUN,NEW PU,563,17287,340170
27,OGUN,02,ABEOKUTA SOUTH,09,AGO-EGUN/IJESA,028,27/02/09/028,OPEN SPACE BESIDE BURIAL GROUND AGO-EGUN,NEW PU,563,17287,340171
27,OGUN,02,ABEOKUTA SOUTH,09,AGO-EGUN/IJESA,029,27/02/09/029,OPEN SPACE OPP. MAGNUS SMITH NUR/PRY SCH. IJEUN TITUN,NEW PU,563,17287,340172
27,OGUN,02,ABEOKUTA SOUTH,09,AGO-EGUN/IJESA,030,27/02/09/030,OPEN SPACE OREMEJI STREET NEAR EGBEYEMI HOUSE,NEW PU,563,17287,340173
27,OGUN,02,ABEOKUTA SOUTH,09,AGO-EGUN/IJESA,031,27/02/09/031,OPEN SPACE BEHIND BAALE'S HOUSE OLOROMBO,NEW PU,563,17287,340174
27,OGUN,02,ABEOKUTA SOUTH,09,AGO-EGUN/IJESA,032,27/02/09/032,OPEN SPACE JAGUN STREET,NEW PU,563,17287,340175
27,OGUN,02,ABEOKUTA SOUTH,09,AGO-EGUN/IJESA,033,27/02/09/033,UBE PRY SCHOOL,NEW PU,563,17287,340176
27,OGUN,02,ABEOKUTA SOUTH,09,AGO-EGUN/IJESA,034,27/02/09/034,OPEN SPACE BESIDE INEC IJEUN TITUN,NEW PU,563,17287,340177
27,OGUN,02,ABEOKUTA SOUTH,09,AGO-EGUN/IJESA,035,27/02/09/035,OPEN SPACE SOMEFUN INSIDE,NEW PU,563,17287,340178
27,OGUN,02,ABEOKUTA SOUTH,09,AGO-EGUN/IJESA,036,27/02/09/036,OPEN SPACE LABULE STREET AGO IJESHA,NEW PU,563,17287,340179
27,OGUN,02,ABEOKUTA SOUTH,09,AGO-EGUN/IJESA,037,27/02/09/037,"OPEN SPACE SUBULOLA STREET,IJEUN TITUN",NEW PU,563,17287,340180
27,OGUN,02,ABEOKUTA SOUTH,09,AGO-EGUN/IJESA,038,27/02/09/038,T-JUNCTION OYEROGBA STREET EWANG JUNCTION LEME,NEW PU,563,17287,340181
27,OGUN,02,ABEOKUTA SOUTH,10,SODEKE/SALE-IJEUN  I,001,27/02/10/001,OPP. SEKON'S MOSQ. ISALE-IJEUN,EXISTING PU,563,17288,340182
27,OGUN,02,ABEOKUTA SOUTH,10,SODEKE/SALE-IJEUN  I,002,27/02/10/002,OPEN SPACE NEAR ADEOGUN HOUSE ISALE-IJEUN I,EXISTING PU,563,17288,340183
27,OGUN,02,ABEOKUTA SOUTH,10,SODEKE/SALE-IJEUN  I,003,27/02/10/003,OPEN SPACE NEAR ADEOGUN HOUSE ISALE-IJEUN II,EXISTING PU,563,17288,340184
27,OGUN,02,ABEOKUTA SOUTH,10,SODEKE/SALE-IJEUN  I,004,27/02/10/004,NEAR CHIEF DASAOLU'S HOUSE ISALE IJEUN,EXISTING PU,563,17288,340185
27,OGUN,02,ABEOKUTA SOUTH,10,SODEKE/SALE-IJEUN  I,005,27/02/10/005,OPEN SPACE NEAR ITANLEA IDIERO SODEKE I,EXISTING PU,563,17288,340186
27,OGUN,02,ABEOKUTA SOUTH,10,SODEKE/SALE-IJEUN  I,006,27/02/10/006,OPEN SPACE NEAR IBI-EGUN-NJO IPORO,EXISTING PU,563,17288,340187
27,OGUN,02,ABEOKUTA SOUTH,10,SODEKE/SALE-IJEUN  I,007,27/02/10/007,OPEN SPACE NEAR CENTRAL MOSQ. KOBITI I,EXISTING PU,563,17288,340188
27,OGUN,02,ABEOKUTA SOUTH,10,SODEKE/SALE-IJEUN  I,008,27/02/10/008,OPEN SPACE NEAR CENTRAL MOSQ. KOBITI II,EXISTING PU,563,17288,340189
27,OGUN,02,ABEOKUTA SOUTH,10,SODEKE/SALE-IJEUN  I,009,27/02/10/009,N.U.D. PRY SCHOOL ISALE-IJEUN  I,EXISTING PU,563,17288,340190
27,OGUN,02,ABEOKUTA SOUTH,10,SODEKE/SALE-IJEUN  I,010,27/02/10/010,N.U.D. PRY SCHOOL ISALE-IJEUN  II,EXISTING PU,563,17288,340191
27,OGUN,02,ABEOKUTA SOUTH,11,SODEKE/SALE-IJEUN  II,001,27/02/11/001,OPEN SPACE NEAR ONJOKO MOSQ OKE-BODE  II,EXISTING PU,563,17289,340192
27,OGUN,02,ABEOKUTA SOUTH,11,SODEKE/SALE-IJEUN  II,002,27/02/11/002,OPEN SPACE NEAR OKE-ITOKU MOSQ. I,EXISTING PU,563,17289,340193
27,OGUN,02,ABEOKUTA SOUTH,11,SODEKE/SALE-IJEUN  II,003,27/02/11/003,OPEN SPACE NEAR OKE-ITOKU MOSQ. II,EXISTING PU,563,17289,340194
27,OGUN,02,ABEOKUTA SOUTH,11,SODEKE/SALE-IJEUN  II,004,27/02/11/004,NEAR ILE-OGBONI OKE-ITOKU,EXISTING PU,563,17289,340195
27,OGUN,02,ABEOKUTA SOUTH,11,SODEKE/SALE-IJEUN  II,005,27/02/11/005,OPEN SPACE NEAR ILE-OGBONI OKE-ITOKU  II,EXISTING PU,563,17289,340196
27,OGUN,02,ABEOKUTA SOUTH,11,SODEKE/SALE-IJEUN  II,006,27/02/11/006,OPEN SPACE NEAR TOWN PLANNING  - I,EXISTING PU,563,17289,340197
27,OGUN,02,ABEOKUTA SOUTH,11,SODEKE/SALE-IJEUN  II,007,27/02/11/007,OPEN SPACE NEAR TOWN PLANNING - II,EXISTING PU,563,17289,340198
27,OGUN,02,ABEOKUTA SOUTH,11,SODEKE/SALE-IJEUN  II,008,27/02/11/008,OPEN SPACE OJULAKIJENA  I,EXISTING PU,563,17289,340199
27,OGUN,02,ABEOKUTA SOUTH,11,SODEKE/SALE-IJEUN  II,009,27/02/11/009,OPEN SPACE OJULAKIJENA  II,EXISTING PU,563,17289,340200
27,OGUN,02,ABEOKUTA SOUTH,11,SODEKE/SALE-IJEUN  II,010,27/02/11/010,INF. OF O.G.B.C. IMO I,EXISTING PU,563,17289,340201
27,OGUN,02,ABEOKUTA SOUTH,11,SODEKE/SALE-IJEUN  II,011,27/02/11/011,OPEN SPACE NEAR OBAMEWA'S HOUSE I,EXISTING PU,563,17289,340202
27,OGUN,02,ABEOKUTA SOUTH,11,SODEKE/SALE-IJEUN  II,012,27/02/11/012,OPEN SPACE NEAR KEHINDE'S HOUSE,EXISTING PU,563,17289,340203
27,OGUN,02,ABEOKUTA SOUTH,11,SODEKE/SALE-IJEUN  II,013,27/02/11/013,ST. JOSEPH R.C.M. OKE-BODE  I,EXISTING PU,563,17289,340204
27,OGUN,02,ABEOKUTA SOUTH,11,SODEKE/SALE-IJEUN  II,014,27/02/11/014,ST. JOSEPH R.C.M. OKE-BODE  II,EXISTING PU,563,17289,340205
27,OGUN,02,ABEOKUTA SOUTH,11,SODEKE/SALE-IJEUN  II,015,27/02/11/015,OPEN SPACE NEAR AGO-OTUN I,EXISTING PU,563,17289,340206
27,OGUN,02,ABEOKUTA SOUTH,11,SODEKE/SALE-IJEUN  II,016,27/02/11/016,OPEN SPACE NEAR AGO-OTUN II,EXISTING PU,563,17289,340207
27,OGUN,02,ABEOKUTA SOUTH,11,SODEKE/SALE-IJEUN  II,017,27/02/11/017,ALL SAINT SCHOOL KOBITI,EXISTING PU,563,17289,340208
27,OGUN,02,ABEOKUTA SOUTH,11,SODEKE/SALE-IJEUN  II,018,27/02/11/018,OPEN SPACE KEMTA ODUTOLU MOSQ,EXISTING PU,563,17289,340209
27,OGUN,02,ABEOKUTA SOUTH,11,SODEKE/SALE-IJEUN  II,019,27/02/11/019,"OPEN SPACE BUS STOP, BATA ITOKU I",EXISTING PU,563,17289,340210
27,OGUN,02,ABEOKUTA SOUTH,11,SODEKE/SALE-IJEUN  II,020,27/02/11/020,"OPEN SPACE BUS STOP, BATA ITOKU II",EXISTING PU,563,17289,340211
27,OGUN,02,ABEOKUTA SOUTH,11,SODEKE/SALE-IJEUN  II,021,27/02/11/021,OPEN SPACE AT ODUNBAKU CLOSE,EXISTING PU,563,17289,340212
27,OGUN,02,ABEOKUTA SOUTH,11,SODEKE/SALE-IJEUN  II,022,27/02/11/022,OPEN SPACE NEAR AKINSOLA'S HOUSE,EXISTING PU,563,17289,340213
27,OGUN,02,ABEOKUTA SOUTH,11,SODEKE/SALE-IJEUN  II,023,27/02/11/023,OPEN SPACE BESIDE ITOKU MOSQUE I,EXISTING PU,563,17289,340214
27,OGUN,02,ABEOKUTA SOUTH,11,SODEKE/SALE-IJEUN  II,024,27/02/11/024,OPEN SPACE BESIDE ITOKU MOSQUE II,EXISTING PU,563,17289,340215
27,OGUN,02,ABEOKUTA SOUTH,11,SODEKE/SALE-IJEUN  II,025,27/02/11/025,PRY SCH IDI-APE I,EXISTING PU,563,17289,340216
27,OGUN,02,ABEOKUTA SOUTH,11,SODEKE/SALE-IJEUN  II,026,27/02/11/026,"OLD ILE EJA, OKEBODE",NEW PU,563,17289,340217
27,OGUN,02,ABEOKUTA SOUTH,11,SODEKE/SALE-IJEUN  II,027,27/02/11/027,"OPEN SPACE AT OLUGA STREET, OKEBODE",NEW PU,563,17289,340218
27,OGUN,02,ABEOKUTA SOUTH,12,IMO/ISABO,001,27/02/12/001,OPEN SPACE NEAR MRS. KUTI'S HOUSE,EXISTING PU,563,17290,340219
27,OGUN,02,ABEOKUTA SOUTH,12,IMO/ISABO,002,27/02/12/002,OPEN SPACE NEAR NEPA ROAD,EXISTING PU,563,17290,340220
27,OGUN,02,ABEOKUTA SOUTH,12,IMO/ISABO,003,27/02/12/003,NEAR ORUNSOLU'S HOUSE,EXISTING PU,563,17290,340221
27,OGUN,02,ABEOKUTA SOUTH,12,IMO/ISABO,004,27/02/12/004,OPEN SPACE ITA-AGEMO I,EXISTING PU,563,17290,340222
27,OGUN,02,ABEOKUTA SOUTH,12,IMO/ISABO,005,27/02/12/005,OPEN SPACE ITA-AGEMO II [ARO'S HOUSE],EXISTING PU,563,17290,340223
27,OGUN,02,ABEOKUTA SOUTH,12,IMO/ISABO,006,27/02/12/006,ITA OGBONI IGBEIN,EXISTING PU,563,17290,340224
27,OGUN,02,ABEOKUTA SOUTH,12,IMO/ISABO,007,27/02/12/007,OPEN SPACE NEAR ISALE IGBEIN MOSQUE,EXISTING PU,563,17290,340225
27,OGUN,02,ABEOKUTA SOUTH,12,IMO/ISABO,008,27/02/12/008,OPEN SPACE ISALE IGBEIN MOSQUE II,EXISTING PU,563,17290,340226
27,OGUN,02,ABEOKUTA SOUTH,12,IMO/ISABO,009,27/02/12/009,CONT. EDUCATION CENTRE [ZENITH BANK],EXISTING PU,563,17290,340227
27,OGUN,02,ABEOKUTA SOUTH,12,IMO/ISABO,010,27/02/12/010,CONT. EDUCATION CENTRE  II [IMO METH],EXISTING PU,563,17290,340228
27,OGUN,02,ABEOKUTA SOUTH,12,IMO/ISABO,011,27/02/12/011,OPEN SPACE NEAR GOVERNMENT HOUSE I,EXISTING PU,563,17290,340229
27,OGUN,02,ABEOKUTA SOUTH,12,IMO/ISABO,012,27/02/12/012,OPEN SPACE NEAR GOVERNMENT HOUSE II [MAGISTRATE C],EXISTING PU,563,17290,340230
27,OGUN,02,ABEOKUTA SOUTH,12,IMO/ISABO,013,27/02/12/013,OPP. METH CHURCH  IMO  I,EXISTING PU,563,17290,340231
27,OGUN,02,ABEOKUTA SOUTH,12,IMO/ISABO,014,27/02/12/014,NEAR ITA-OGBONI IMO,EXISTING PU,563,17290,340232
27,OGUN,02,ABEOKUTA SOUTH,12,IMO/ISABO,015,27/02/12/015,OPEN SPACE NEAR IMO MOSQUE,EXISTING PU,563,17290,340233
27,OGUN,02,ABEOKUTA SOUTH,12,IMO/ISABO,016,27/02/12/016,METH PRY SCHOOL OKE-YEKE,EXISTING PU,563,17290,340234
27,OGUN,02,ABEOKUTA SOUTH,12,IMO/ISABO,017,27/02/12/017,METH PRY SCHOOL OKE-YEKE  II,EXISTING PU,563,17290,340235
27,OGUN,02,ABEOKUTA SOUTH,12,IMO/ISABO,018,27/02/12/018,OPEN SPACE NEAR AROWOSAFE'S HOUSE,EXISTING PU,563,17290,340236
27,OGUN,02,ABEOKUTA SOUTH,12,IMO/ISABO,019,27/02/12/019,OPP. MAGISTRATE COURT  I,EXISTING PU,563,17290,340237
27,OGUN,02,ABEOKUTA SOUTH,12,IMO/ISABO,020,27/02/12/020,OPEN SPACE NEAR KUTO BUS-STOP I,EXISTING PU,563,17290,340238
27,OGUN,02,ABEOKUTA SOUTH,12,IMO/ISABO,021,27/02/12/021,OPEN SPACE NEAR KUTO BUS-STOP II,EXISTING PU,563,17290,340239
27,OGUN,02,ABEOKUTA SOUTH,12,IMO/ISABO,022,27/02/12/022,ST. JOHN'S PRY. SCHOOL I,EXISTING PU,563,17290,340240
27,OGUN,02,ABEOKUTA SOUTH,12,IMO/ISABO,023,27/02/12/023,OPEN SPACE ISALE OJA I,EXISTING PU,563,17290,340241
27,OGUN,02,ABEOKUTA SOUTH,12,IMO/ISABO,024,27/02/12/024,OPEN SPACE ISALE OJA  II,EXISTING PU,563,17290,340242
27,OGUN,02,ABEOKUTA SOUTH,12,IMO/ISABO,025,27/02/12/025,OPEN SPACE INFRONT OF OKE-ERI CHURCH,EXISTING PU,563,17290,340243
27,OGUN,02,ABEOKUTA SOUTH,12,IMO/ISABO,026,27/02/12/026,OPEN SPACE BESIDE FAN MILK KUTO,NEW PU,563,17290,340244
27,OGUN,02,ABEOKUTA SOUTH,12,IMO/ISABO,027,27/02/12/027,OPEN SPACE AT OWODE GARAGE,NEW PU,563,17290,340245
27,OGUN,02,ABEOKUTA SOUTH,12,IMO/ISABO,028,27/02/12/028,OPPOSITE POLICE POST ISALE OJA KUTO,NEW PU,563,17290,340246
27,OGUN,02,ABEOKUTA SOUTH,12,IMO/ISABO,029,27/02/12/029,OPEN SPACE  AT OLD NATIONAL BANK,NEW PU,563,17290,340247
27,OGUN,02,ABEOKUTA SOUTH,12,IMO/ISABO,030,27/02/12/030,OPEN SPACE AT OJUOLAPE STREET AMOLASO JUNCTION KUTO,NEW PU,563,17290,340248
27,OGUN,02,ABEOKUTA SOUTH,12,IMO/ISABO,031,27/02/12/031,OPEN SPACE BEHIND  MAGISTRATE  COURT,NEW PU,563,17290,340249
27,OGUN,02,ABEOKUTA SOUTH,12,IMO/ISABO,032,27/02/12/032,OPEN SPACE BEHIND ST JOHN SCH. SURULERE ISALE OJA KUTO,NEW PU,563,17290,340250
27,OGUN,02,ABEOKUTA SOUTH,12,IMO/ISABO,033,27/02/12/033,"OPEN SPACE AT KUDORO JUNCTION, LAFARU",NEW PU,563,17290,340251
27,OGUN,02,ABEOKUTA SOUTH,12,IMO/ISABO,034,27/02/12/034,OPEN SPACE AT CHURCH STREET,NEW PU,563,17290,340252
27,OGUN,02,ABEOKUTA SOUTH,12,IMO/ISABO,035,27/02/12/035,OPEN SPACE ODOFIN COMPUND ISABO,NEW PU,563,17290,340253
27,OGUN,02,ABEOKUTA SOUTH,12,IMO/ISABO,036,27/02/12/036,OPEN SPACE BESIDE MINARET SCHOOL FAITO CLOSE,NEW PU,563,17290,340254
27,OGUN,02,ABEOKUTA SOUTH,12,IMO/ISABO,037,27/02/12/037,OPEN SPACE BESIDE MRS FILLING STATION,NEW PU,563,17290,340255
27,OGUN,02,ABEOKUTA SOUTH,12,IMO/ISABO,038,27/02/12/038,INFRONT OF MATERNITY CENTER AJEGUNLE STREET KUTO,NEW PU,563,17290,340256
27,OGUN,02,ABEOKUTA SOUTH,12,IMO/ISABO,039,27/02/12/039,"OPPOSITE MARIA GUEST HOUSE, AMOLASO",NEW PU,563,17290,340257
27,OGUN,02,ABEOKUTA SOUTH,12,IMO/ISABO,040,27/02/12/040,INFRONT OF ALH ALADIYE'S MOSQUE ARAROMI,NEW PU,563,17290,340258
27,OGUN,02,ABEOKUTA SOUTH,12,IMO/ISABO,041,27/02/12/041,"OPEN SPACE , OKE SARI'S GATE PRESIDENTIAL HILL TOP",NEW PU,563,17290,340259
27,OGUN,02,ABEOKUTA SOUTH,12,IMO/ISABO,042,27/02/12/042,INFRONT OF OPEN UNIVERSITY NNPC,NEW PU,563,17290,340260
27,OGUN,02,ABEOKUTA SOUTH,13,IGBORE/AGO OBA,001,27/02/13/001,ST. PAULS SCHOOL IGBORE,EXISTING PU,563,17291,340261
27,OGUN,02,ABEOKUTA SOUTH,13,IGBORE/AGO OBA,002,27/02/13/002,IGBORE TOWN HALL   I,EXISTING PU,563,17291,340262
27,OGUN,02,ABEOKUTA SOUTH,13,IGBORE/AGO OBA,003,27/02/13/003,IGBORE TOWN HALL   II,EXISTING PU,563,17291,340263
27,OGUN,02,ABEOKUTA SOUTH,13,IGBORE/AGO OBA,004,27/02/13/004,OPEN SPACE NEAR LALOKO COMPOUND I,EXISTING PU,563,17291,340264
27,OGUN,02,ABEOKUTA SOUTH,13,IGBORE/AGO OBA,005,27/02/13/005,OPEN SPACE NEAR LALOKO COMPOUND II,EXISTING PU,563,17291,340265
27,OGUN,02,ABEOKUTA SOUTH,13,IGBORE/AGO OBA,006,27/02/13/006,OPEN SPACE NEAR CHRIST AFRICAN CHURCH I,EXISTING PU,563,17291,340266
27,OGUN,02,ABEOKUTA SOUTH,13,IGBORE/AGO OBA,007,27/02/13/007,OPEN SPACE NEAR CHRIST AFRICAN CHURCH II,EXISTING PU,563,17291,340267
27,OGUN,02,ABEOKUTA SOUTH,13,IGBORE/AGO OBA,008,27/02/13/008,OPEN SPACE NEAR NTABO MOSQUE I,EXISTING PU,563,17291,340268
27,OGUN,02,ABEOKUTA SOUTH,13,IGBORE/AGO OBA,009,27/02/13/009,OPEN SPACE NEAR NTABO MOSQUE II,EXISTING PU,563,17291,340269
27,OGUN,02,ABEOKUTA SOUTH,13,IGBORE/AGO OBA,010,27/02/13/010,TEMIDIRE MATERNITY HOSPITAL,EXISTING PU,563,17291,340270
27,OGUN,02,ABEOKUTA SOUTH,13,IGBORE/AGO OBA,011,27/02/13/011,OPEN SPACE NEAR OLUWO'S COMPOUND I,EXISTING PU,563,17291,340271
27,OGUN,02,ABEOKUTA SOUTH,13,IGBORE/AGO OBA,012,27/02/13/012,OPEN SPACE NEAR APOSTOLIC FAITH CHURCH,EXISTING PU,563,17291,340272
27,OGUN,02,ABEOKUTA SOUTH,13,IGBORE/AGO OBA,013,27/02/13/013,"OPEN SPACE NEAR OGBONI'S, ITORI-OKE",EXISTING PU,563,17291,340273
27,OGUN,02,ABEOKUTA SOUTH,13,IGBORE/AGO OBA,014,27/02/13/014,OPEN SPACE NEAR 'IGBORE JUNCTION I,EXISTING PU,563,17291,340274
27,OGUN,02,ABEOKUTA SOUTH,13,IGBORE/AGO OBA,015,27/02/13/015,OPEN SPACE NEAR 'IGBORE JUNCTION II,EXISTING PU,563,17291,340275
27,OGUN,02,ABEOKUTA SOUTH,13,IGBORE/AGO OBA,016,27/02/13/016,OPEN SPACE NEAR ODO-OYO MOSQUE I,EXISTING PU,563,17291,340276
27,OGUN,02,ABEOKUTA SOUTH,13,IGBORE/AGO OBA,017,27/02/13/017,OPEN SPACE NEAR ODO-OYO MOSQUE II,EXISTING PU,563,17291,340277
27,OGUN,02,ABEOKUTA SOUTH,13,IGBORE/AGO OBA,018,27/02/13/018,A.L.G. PRY. SCHOOL AGO-OBA,EXISTING PU,563,17291,340278
27,OGUN,02,ABEOKUTA SOUTH,13,IGBORE/AGO OBA,019,27/02/13/019,METH PRY. SCHOOL OGBE  I,EXISTING PU,563,17291,340279
27,OGUN,02,ABEOKUTA SOUTH,13,IGBORE/AGO OBA,020,27/02/13/020,METH PRY. SCHOOL OGBE  II,EXISTING PU,563,17291,340280
27,OGUN,02,ABEOKUTA SOUTH,13,IGBORE/AGO OBA,021,27/02/13/021,OPEN SPACE NEAR ITORI ODO MOSQUE,EXISTING PU,563,17291,340281
27,OGUN,02,ABEOKUTA SOUTH,13,IGBORE/AGO OBA,022,27/02/13/022,OPEN SPACE INFRONT OF CHIEF AKINREMI'S HOUSE (ITORI-ODO),EXISTING PU,563,17291,340282
27,OGUN,02,ABEOKUTA SOUTH,13,IGBORE/AGO OBA,023,27/02/13/023,OPEN SPACE NEAR AGO-OBA CENTRAL MOSQUE,EXISTING PU,563,17291,340283
27,OGUN,02,ABEOKUTA SOUTH,13,IGBORE/AGO OBA,024,27/02/13/024,OPEN SPACE IKANNA COMMUNITY,NEW PU,563,17291,340284
27,OGUN,02,ABEOKUTA SOUTH,13,IGBORE/AGO OBA,025,27/02/13/025,OPEN SPACE NEAR AKINYELE STREET,NEW PU,563,17291,340285
27,OGUN,02,ABEOKUTA SOUTH,13,IGBORE/AGO OBA,026,27/02/13/026,OPEN SPACE MILIKI STR AGO OBA,NEW PU,563,17291,340286
27,OGUN,02,ABEOKUTA SOUTH,13,IGBORE/AGO OBA,027,27/02/13/027,OPEN SPACE OLUWO OSOBA COMPOUND,NEW PU,563,17291,340287
27,OGUN,02,ABEOKUTA SOUTH,14,IBARA  I,001,27/02/14/001,OPEN SPACE NEAR MERCY HOSPITAL,EXISTING PU,563,17292,340288
27,OGUN,02,ABEOKUTA SOUTH,14,IBARA  I,002,27/02/14/002,O.L.L. PRIMARY SCHOOL ONIKOKO,EXISTING PU,563,17292,340289
27,OGUN,02,ABEOKUTA SOUTH,14,IBARA  I,003,27/02/14/003,OPEN SPACE 'SARAKI ILUPEJU ADIGBE I,EXISTING PU,563,17292,340290
27,OGUN,02,ABEOKUTA SOUTH,14,IBARA  I,004,27/02/14/004,OPEN SPACE SARAKI ILUPEJU ADIGBE  II,EXISTING PU,563,17292,340291
27,OGUN,02,ABEOKUTA SOUTH,14,IBARA  I,005,27/02/14/005,OPEN SPACE NEAR SAFARI JUNCTION,EXISTING PU,563,17292,340292
27,OGUN,02,ABEOKUTA SOUTH,14,IBARA  I,006,27/02/14/006,HOUSING ESTATE PRY. SCH. ONIKOLOBO  I,EXISTING PU,563,17292,340293
27,OGUN,02,ABEOKUTA SOUTH,14,IBARA  I,007,27/02/14/007,HOUSING ESTATE PRY. SCH. ONIKOLOBO  II,EXISTING PU,563,17292,340294
27,OGUN,02,ABEOKUTA SOUTH,14,IBARA  I,008,27/02/14/008,OPEN SPACE NEAR BAYEWUNMI HOUSE  I,EXISTING PU,563,17292,340295
27,OGUN,02,ABEOKUTA SOUTH,14,IBARA  I,009,27/02/14/009,ST. PAULS DEMONSTRATION SCHOOL SODUBI  I,EXISTING PU,563,17292,340296
27,OGUN,02,ABEOKUTA SOUTH,14,IBARA  I,010,27/02/14/010,ST. PAULS DEMONSTRATION SCHOOL SODUBI  II,EXISTING PU,563,17292,340297
27,OGUN,02,ABEOKUTA SOUTH,14,IBARA  I,011,27/02/14/011,IJEMO TITUN HIGH SCHOOL,EXISTING PU,563,17292,340298
27,OGUN,02,ABEOKUTA SOUTH,14,IBARA  I,012,27/02/14/012,OPEN SPACE AT OLOKEMEJI  I,EXISTING PU,563,17292,340299
27,OGUN,02,ABEOKUTA SOUTH,14,IBARA  I,013,27/02/14/013,ANGLICAN HIGH SCHOOL IBARA I,EXISTING PU,563,17292,340300
27,OGUN,02,ABEOKUTA SOUTH,14,IBARA  I,014,27/02/14/014,ANGLICAN HIGH SCHOOL IBARA  II,EXISTING PU,563,17292,340301
27,OGUN,02,ABEOKUTA SOUTH,14,IBARA  I,015,27/02/14/015,OPEN SPACE NEAR CHIEF OMOLOLU'S HOUSE,EXISTING PU,563,17292,340302
27,OGUN,02,ABEOKUTA SOUTH,14,IBARA  I,016,27/02/14/016,OPEN SPACE NEAR SARAKI BUS-STOP ADIGBE,EXISTING PU,563,17292,340303
27,OGUN,02,ABEOKUTA SOUTH,14,IBARA  I,017,27/02/14/017,OPEN SPACE NEAR MERCY HOSPITAL,EXISTING PU,563,17292,340304
27,OGUN,02,ABEOKUTA SOUTH,14,IBARA  I,018,27/02/14/018,OPEN SPACE NEAR BAALE'S HOUSE OLOKEMEJI,NEW PU,563,17292,340305
27,OGUN,02,ABEOKUTA SOUTH,14,IBARA  I,019,27/02/14/019,OPEN SPACE OPP. OF KAT STAR GUEST,NEW PU,563,17292,340306
27,OGUN,02,ABEOKUTA SOUTH,14,IBARA  I,020,27/02/14/020,OPEN SPACE ADJCENT WAEC OFFICE ONIKOLOBO,NEW PU,563,17292,340307
27,OGUN,02,ABEOKUTA SOUTH,14,IBARA  I,021,27/02/14/021,"OPEN SPACE, ENIOLA JUNCTION, MERCY HOSP. ROAD",NEW PU,563,17292,340308
27,OGUN,02,ABEOKUTA SOUTH,14,IBARA  I,022,27/02/14/022,T. JUNCTION LEMOMU AYENI CLOSE OLUWO,NEW PU,563,17292,340309
27,OGUN,02,ABEOKUTA SOUTH,14,IBARA  I,023,27/02/14/023,PARAMOUNT VILLA JUNCTION IREPODUN C.D.A OLUWO,NEW PU,563,17292,340310
27,OGUN,02,ABEOKUTA SOUTH,14,IBARA  I,024,27/02/14/024,T-JUNCTION BESIDE TRANSFORMER ATOBATELE ONIKOKO,NEW PU,563,17292,340311
27,OGUN,02,ABEOKUTA SOUTH,14,IBARA  I,025,27/02/14/025,ODEMO JUNCTION NEAR C.A.C CHURCH SARAKI,NEW PU,563,17292,340312
27,OGUN,02,ABEOKUTA SOUTH,14,IBARA  I,026,27/02/14/026,OPEN SPACE OMOWE PHASE II SARAKI,NEW PU,563,17292,340313
27,OGUN,02,ABEOKUTA SOUTH,14,IBARA  I,027,27/02/14/027,OPEN SPACE NEAR CELE IRAPADA SURULERE SARAKI,NEW PU,563,17292,340314
27,OGUN,02,ABEOKUTA SOUTH,14,IBARA  I,028,27/02/14/028,"OPEN SPACE BEIND CHRIST LEGACY SCHOOL, ALAWAYE SARAKI",NEW PU,563,17292,340315
27,OGUN,02,ABEOKUTA SOUTH,14,IBARA  I,029,27/02/14/029,TOTAL CHILD ONIKOLOBO,NEW PU,563,17292,340316
27,OGUN,02,ABEOKUTA SOUTH,14,IBARA  I,030,27/02/14/030,"OPEN SPACE AT FAN MILK PANSEKE, ONIKOKO",NEW PU,563,17292,340317
27,OGUN,02,ABEOKUTA SOUTH,14,IBARA  I,031,27/02/14/031,"OPEN SPACE, FIRST GATE LIPEDE ESTATE",NEW PU,563,17292,340318
27,OGUN,02,ABEOKUTA SOUTH,14,IBARA  I,032,27/02/14/032,"OPEN SPACE BEHIND NEW SPRING ROSE SCHOOL, QUARRY",NEW PU,563,17292,340319
27,OGUN,02,ABEOKUTA SOUTH,14,IBARA  I,033,27/02/14/033,"OPEN SPACE, OLD SAVANNAH BANK",NEW PU,563,17292,340320
27,OGUN,02,ABEOKUTA SOUTH,14,IBARA  I,034,27/02/14/034,"OPP. ABDUL-AZEEZ MOSQUE KUFORIJI JUNCTION, ADIGBE",NEW PU,563,17292,340321
27,OGUN,02,ABEOKUTA SOUTH,14,IBARA  I,035,27/02/14/035,IYANA VULCANIZER NEAR AJEGUNLE CENTRAL MOSQUE,NEW PU,563,17292,340322
27,OGUN,02,ABEOKUTA SOUTH,14,IBARA  I,036,27/02/14/036,ARAROMI JUNCTION BESIDE NAVY SCH.,NEW PU,563,17292,340323
27,OGUN,02,ABEOKUTA SOUTH,14,IBARA  I,037,27/02/14/037,OPEN SPACE IFAMODUPE STREET SARAKI,NEW PU,563,17292,340324
27,OGUN,02,ABEOKUTA SOUTH,14,IBARA  I,038,27/02/14/038,OPEN SPACE NEAR BABA ASIKO STREET SARAKI,NEW PU,563,17292,340325
27,OGUN,02,ABEOKUTA SOUTH,14,IBARA  I,039,27/02/14/039,OPEN SPACE GREEN LAND'S ACADEMY SCHOOL,NEW PU,563,17292,340326
27,OGUN,02,ABEOKUTA SOUTH,15,IBARA  II,001,27/02/15/001,NEAR IDI ISIN IBARA I,EXISTING PU,563,17293,340327
27,OGUN,02,ABEOKUTA SOUTH,15,IBARA  II,002,27/02/15/002,NEAR IDI ISIN IBARA II,EXISTING PU,563,17293,340328
27,OGUN,02,ABEOKUTA SOUTH,15,IBARA  II,003,27/02/15/003,OPEN SPACE NEAR OKE IPA IJEJA,EXISTING PU,563,17293,340329
27,OGUN,02,ABEOKUTA SOUTH,15,IBARA  II,004,27/02/15/004,OLD IJEJA HIGH SCHOOL,EXISTING PU,563,17293,340330
27,OGUN,02,ABEOKUTA SOUTH,15,IBARA  II,005,27/02/15/005,ST. ANDREW PRY SCHOOL IBARA,EXISTING PU,563,17293,340331
27,OGUN,02,ABEOKUTA SOUTH,15,IBARA  II,006,27/02/15/006,OPEN SPACE NEAR BUS-STOP  ITA EKO,EXISTING PU,563,17293,340332
27,OGUN,02,ABEOKUTA SOUTH,15,IBARA  II,007,27/02/15/007,OPEN SPACE AT OGUNDIMU SURULERE AT ITA-EKO,EXISTING PU,563,17293,340333
27,OGUN,02,ABEOKUTA SOUTH,15,IBARA  II,008,27/02/15/008,ST. ANNES PRY SCH. OKE-ILEWO,EXISTING PU,563,17293,340334
27,OGUN,02,ABEOKUTA SOUTH,15,IBARA  II,009,27/02/15/009,OPP. OLD OGUN STATE LIBRARY,EXISTING PU,563,17293,340335
27,OGUN,02,ABEOKUTA SOUTH,15,IBARA  II,010,27/02/15/010,NEAR MATERNITY CENTRE OKE-ILEWO,EXISTING PU,563,17293,340336
27,OGUN,02,ABEOKUTA SOUTH,15,IBARA  II,011,27/02/15/011,G.R.A. SPORTS FIELD I,EXISTING PU,563,17293,340337
27,OGUN,02,ABEOKUTA SOUTH,15,IBARA  II,012,27/02/15/012,G.R.A. SPORTS FIELD  II,EXISTING PU,563,17293,340338
27,OGUN,02,ABEOKUTA SOUTH,15,IBARA  II,013,27/02/15/013,OPEN SPACE NEAR BUS-STOP AT OMIDA I,EXISTING PU,563,17293,340339
27,OGUN,02,ABEOKUTA SOUTH,15,IBARA  II,014,27/02/15/014,OPEN SPACE NEAR BUS-STOP AT OMIDA II,EXISTING PU,563,17293,340340
27,OGUN,02,ABEOKUTA SOUTH,15,IBARA  II,015,27/02/15/015,"OPEN SPACE NEAR FIDELITY, IBARA",EXISTING PU,563,17293,340341
27,OGUN,02,ABEOKUTA SOUTH,15,IBARA  II,016,27/02/15/016,OPEN SPACE AT OLURO COMPOUND,EXISTING PU,563,17293,340342
27,OGUN,02,ABEOKUTA SOUTH,15,IBARA  II,017,27/02/15/017,OPEN SPACE IN FRONT OF OGBC,EXISTING PU,563,17293,340343
27,OGUN,02,ABEOKUTA SOUTH,15,IBARA  II,018,27/02/15/018,"OPEN SPACE OPP. OLOKE VILLAGE , IBARA HOUSING ESTATE",EXISTING PU,563,17293,340344
27,OGUN,02,ABEOKUTA SOUTH,15,IBARA  II,019,27/02/15/019,OKE JOGA HALL BEHIND AIRTEL OFFICE OKE-ILEWO,NEW PU,563,17293,340345
27,OGUN,02,ABEOKUTA SOUTH,15,IBARA  II,020,27/02/15/020,"OPEN SPACE BESIDE JUSTRITE, IJEJA",NEW PU,563,17293,340346
27,OGUN,02,ABEOKUTA SOUTH,15,IBARA  II,021,27/02/15/021,"OPEN SPACE P&P BAKERY, ITA-EKO",NEW PU,563,17293,340347
27,OGUN,02,ABEOKUTA SOUTH,15,IBARA  II,022,27/02/15/022,OPEN SPACE OPP. OLUWO SQUARE ITA-EKO,NEW PU,563,17293,340348
27,OGUN,02,ABEOKUTA SOUTH,15,IBARA  II,023,27/02/15/023,OPEN SPACE NEAR OGBONI'S HOUSE OKE MASHO OMIDA,NEW PU,563,17293,340349
27,OGUN,02,ABEOKUTA SOUTH,15,IBARA  II,024,27/02/15/024,OPEN SPACE BESIDE BOREHOLE ITA-OGBONI OMIDA,NEW PU,563,17293,340350
27,OGUN,02,ABEOKUTA SOUTH,15,IBARA  II,025,27/02/15/025,OPEN SPACE BEHIND POLARIS BANK OKE-ILEWO,NEW PU,563,17293,340351
27,OGUN,02,ABEOKUTA SOUTH,15,IBARA  II,026,27/02/15/026,OPEN SPACE OPP. MAO FILLING STATION IJEJA,NEW PU,563,17293,340352
27,OGUN,02,ABEOKUTA SOUTH,15,IBARA  II,027,27/02/15/027,"OKE-OLA MOSQUE BESIDE BRIDGE, IDI ISHIN",NEW PU,563,17293,340353
27,OGUN,02,ABEOKUTA SOUTH,15,IBARA  II,028,27/02/15/028,OPEN SPACE AT OKE MASHO OKE-ILEWO,NEW PU,563,17293,340354
27,OGUN,02,ABEOKUTA SOUTH,15,IBARA  II,029,27/02/15/029,OPEN SPACE BEHIND CONTINENTAL SUITE,NEW PU,563,17293,340355
27,OGUN,02,ABEOKUTA SOUTH,15,IBARA  II,030,27/02/15/030,OPEN SPACE ABOBAJIO STREET ITA-EKO,NEW PU,563,17293,340356
27,OGUN,02,ABEOKUTA SOUTH,15,IBARA  II,031,27/02/15/031,"OPEN SPACE BEHIND TRANSFORMER,SURULERE ITA EKO",NEW PU,563,17293,340357
27,OGUN,03,ADO ODO-OTA,01,OTA  I,001,27/03/01/001,C.M.S  IPATE I,EXISTING PU,564,17294,340358
27,OGUN,03,ADO ODO-OTA,01,OTA  I,002,27/03/01/002,C.M.S  IPATE II,EXISTING PU,564,17294,340359
27,OGUN,03,ADO ODO-OTA,01,OTA  I,003,27/03/01/003,IYEDI - TITUN,EXISTING PU,564,17294,340360
27,OGUN,03,ADO ODO-OTA,01,OTA  I,004,27/03/01/004,ITA ODO-OSI MOSQUE,EXISTING PU,564,17294,340361
27,OGUN,03,ADO ODO-OTA,01,OTA  I,005,27/03/01/005,MABODU SQUARE,EXISTING PU,564,17294,340362
27,OGUN,03,ADO ODO-OTA,01,OTA  I,006,27/03/01/006,FRONT OF OMOAYO,EXISTING PU,564,17294,340363
27,OGUN,03,ADO ODO-OTA,01,OTA  I,007,27/03/01/007,OLOTA'S PALACE I,EXISTING PU,564,17294,340364
27,OGUN,03,ADO ODO-OTA,01,OTA  I,008,27/03/01/008,OLOTA'S PALACE II,EXISTING PU,564,17294,340365
27,OGUN,03,ADO ODO-OTA,01,OTA  I,009,27/03/01/009,TIGBO SQUARE,EXISTING PU,564,17294,340366
27,OGUN,03,ADO ODO-OTA,01,OTA  I,010,27/03/01/010,NEAR AHMADIYA MOSQUE,EXISTING PU,564,17294,340367
27,OGUN,03,ADO ODO-OTA,01,OTA  I,011,27/03/01/011,OKEDE SQUARE,EXISTING PU,564,17294,340368
27,OGUN,03,ADO ODO-OTA,01,OTA  I,012,27/03/01/012,DOSUNMU'S HOUSE,EXISTING PU,564,17294,340369
27,OGUN,03,ADO ODO-OTA,01,OTA  I,013,27/03/01/013,ITA OTUN IJAGBA,EXISTING PU,564,17294,340370
27,OGUN,03,ADO ODO-OTA,01,OTA  I,014,27/03/01/014,ABEBI,EXISTING PU,564,17294,340371
27,OGUN,03,ADO ODO-OTA,01,OTA  I,015,27/03/01/015,MAPA QUARTERS,EXISTING PU,564,17294,340372
27,OGUN,03,ADO ODO-OTA,01,OTA  I,016,27/03/01/016,FRONT OF OJO'S HOUSE,EXISTING PU,564,17294,340373
27,OGUN,03,ADO ODO-OTA,01,OTA  I,017,27/03/01/017,FRONT OF LAWAL'S HOUSE,EXISTING PU,564,17294,340374
27,OGUN,03,ADO ODO-OTA,01,OTA  I,018,27/03/01/018,FRONT OF LOCAL GOVERNMENT QTRS,EXISTING PU,564,17294,340375
27,OGUN,03,ADO ODO-OTA,01,OTA  I,019,27/03/01/019,OPEN SPACE AT WAO JUNCTION,NEW PU,564,17294,340376
27,OGUN,03,ADO ODO-OTA,01,OTA  I,020,27/03/01/020,OPEN SPACE AT OLORUNSOGO,NEW PU,564,17294,340377
27,OGUN,03,ADO ODO-OTA,01,OTA  I,021,27/03/01/021,ILUPEJU OLOSUN TOWN HALL,NEW PU,564,17294,340378
27,OGUN,03,ADO ODO-OTA,01,OTA  I,022,27/03/01/022,"BESIDE TRANSFORMER, AYETUNTUN",NEW PU,564,17294,340379
27,OGUN,03,ADO ODO-OTA,01,OTA  I,023,27/03/01/023,OPEN SPACE AT IDI AGBALUMO JUNCTION,NEW PU,564,17294,340380
27,OGUN,03,ADO ODO-OTA,01,OTA  I,024,27/03/01/024,BESIDE TRANSFORMER AKEJA ROAD,NEW PU,564,17294,340381
27,OGUN,03,ADO ODO-OTA,01,OTA  I,025,27/03/01/025,OPEN SPACE AT IBI ORI DANISI JUNCTION,NEW PU,564,17294,340382
27,OGUN,03,ADO ODO-OTA,01,OTA  I,026,27/03/01/026,BESIDE TRANSFORMER AT FADUNSI TINUOLA STREET,NEW PU,564,17294,340383
27,OGUN,03,ADO ODO-OTA,01,OTA  I,027,27/03/01/027,BESIDE TRANSFORMER AT HARMONY ESTATE,NEW PU,564,17294,340384
27,OGUN,03,ADO ODO-OTA,01,OTA  I,028,27/03/01/028,"OPEN SPACE OPPOSITE CEMETARY, AKOGUN BUS STOP. ITELE ROAD",NEW PU,564,17294,340385
27,OGUN,03,ADO ODO-OTA,01,OTA  I,029,27/03/01/029,OPEN SPACE AT GOLDEN ESTATE JUNCTION,NEW PU,564,17294,340386
27,OGUN,03,ADO ODO-OTA,01,OTA  I,030,27/03/01/030,OPEN SPACE AT BAALE BUS-STOP,NEW PU,564,17294,340387
27,OGUN,03,ADO ODO-OTA,01,OTA  I,031,27/03/01/031,"OPEN SPACE AT OLD AGBADO RD, BY ILERIOLUWA JUNCTION",NEW PU,564,17294,340388
27,OGUN,03,ADO ODO-OTA,01,OTA  I,032,27/03/01/032,OPEN SPACE BESIDE TRANSFORMER,NEW PU,564,17294,340389
27,OGUN,03,ADO ODO-OTA,01,OTA  I,033,27/03/01/033,"OPEN SPACE BESIDE TRANSFORMER, NEAR CCC IREWOLEDE",NEW PU,564,17294,340390
27,OGUN,03,ADO ODO-OTA,01,OTA  I,034,27/03/01/034,OPEN SPACE BESIDE TRANSFORMER AT UPRIGHT FOUNDATION STREET,NEW PU,564,17294,340391
27,OGUN,03,ADO ODO-OTA,01,OTA  I,035,27/03/01/035,"HARMONY STREET, LOVE ESTATE",NEW PU,564,17294,340392
27,OGUN,03,ADO ODO-OTA,01,OTA  I,036,27/03/01/036,IJAGBA,NEW PU,564,17294,340393
27,OGUN,03,ADO ODO-OTA,01,OTA  I,037,27/03/01/037,"OPEN SPACE BESIDE TRANSFORMER, KAFIDUPE JUNCTION",NEW PU,564,17294,340394
27,OGUN,03,ADO ODO-OTA,01,OTA  I,038,27/03/01/038,OPEN SPACE AT ETIKO ASANBE STREET,NEW PU,564,17294,340395
27,OGUN,03,ADO ODO-OTA,01,OTA  I,039,27/03/01/039,OPEN SPACE AT AJEGUNLE JUNCTION,NEW PU,564,17294,340396
27,OGUN,03,ADO ODO-OTA,01,OTA  I,040,27/03/01/040,IN FRONT OF TRANSFORMER AT COLLEGE ROAD,NEW PU,564,17294,340397
27,OGUN,03,ADO ODO-OTA,01,OTA  I,041,27/03/01/041,OPEN SPACE AT OLD OSUKE ROAD JUNCTION,NEW PU,564,17294,340398
27,OGUN,03,ADO ODO-OTA,01,OTA  I,042,27/03/01/042,"OPEN SPACE AT MAYOWA STREET, SECOND AVENUE JUNCTION",NEW PU,564,17294,340399
27,OGUN,03,ADO ODO-OTA,01,OTA  I,043,27/03/01/043,"COMMUNITY HALL, IFELODUN ONIGBODO",NEW PU,564,17294,340400
27,OGUN,03,ADO ODO-OTA,01,OTA  I,044,27/03/01/044,"OPEN SPACE BESIDE TRANSFORMER, ANOINTED JUNCTION",NEW PU,564,17294,340401
27,OGUN,03,ADO ODO-OTA,01,OTA  I,045,27/03/01/045,OPEN SPACE AT ONIGBIN BUS-STOP,NEW PU,564,17294,340402
27,OGUN,03,ADO ODO-OTA,01,OTA  I,046,27/03/01/046,OPEN SPACE BESIDE SECOND TRANSFORMER,NEW PU,564,17294,340403
27,OGUN,03,ADO ODO-OTA,01,OTA  I,047,27/03/01/047,"OPEN SPACE BESIDE TRANSFORMER AT GOD'S TOWN AVENUE, ALUBARIKA JUNCTION",NEW PU,564,17294,340404
27,OGUN,03,ADO ODO-OTA,01,OTA  I,048,27/03/01/048,"OPEN SPACE BESIDE MARIA SUBULADE JUNCTION, SESAN DOSUNMU",NEW PU,564,17294,340405
27,OGUN,03,ADO ODO-OTA,01,OTA  I,049,27/03/01/049,"OPEN SPACE AT ALAFIA STREET, NEAR MORIKAZ SEBIL NAJAT , IDOTA",NEW PU,564,17294,340406
27,OGUN,03,ADO ODO-OTA,01,OTA  I,050,27/03/01/050,"OPEN SPACE AT THREE CROWN BUSSTOP, ITELE ROAD.",NEW PU,564,17294,340407
27,OGUN,03,ADO ODO-OTA,01,OTA  I,051,27/03/01/051,"OPENSPACE AT NEW IFESOWAPO STREET/ OWOLABI STREET JUNCTION, IDOTA TITUN",NEW PU,564,17294,340408
27,OGUN,03,ADO ODO-OTA,01,OTA  I,052,27/03/01/052,"OPEN SPACE AT ADUN AYE/KAYODE BABATUNDE STREET, IDOTA",NEW PU,564,17294,340409
27,OGUN,03,ADO ODO-OTA,02,OTA  II,001,27/03/02/001,ZION METH SCHOOL,EXISTING PU,564,17295,340410
27,OGUN,03,ADO ODO-OTA,02,OTA  II,002,27/03/02/002,NEAR DEEPER LIFE,EXISTING PU,564,17295,340411
27,OGUN,03,ADO ODO-OTA,02,OTA  II,003,27/03/02/003,EWUPE/ROAD IYANA ILOGBO,EXISTING PU,564,17295,340412
27,OGUN,03,ADO ODO-OTA,02,OTA  II,004,27/03/02/004,IGANMODE GRAMMAR SCHOOL,EXISTING PU,564,17295,340413
27,OGUN,03,ADO ODO-OTA,02,OTA  II,005,27/03/02/005,PAPA ARO,EXISTING PU,564,17295,340414
27,OGUN,03,ADO ODO-OTA,02,OTA  II,006,27/03/02/006,OBA T.T. DADA MARKET I,EXISTING PU,564,17295,340415
27,OGUN,03,ADO ODO-OTA,02,OTA  II,007,27/03/02/007,OBA T.T. DADA MARKET II,EXISTING PU,564,17295,340416
27,OGUN,03,ADO ODO-OTA,02,OTA  II,008,27/03/02/008,FRONT OF EGUNGUN HOUSE I,EXISTING PU,564,17295,340417
27,OGUN,03,ADO ODO-OTA,02,OTA  II,009,27/03/02/009,FRONT OF EGUNGUN HOUSE II,EXISTING PU,564,17295,340418
27,OGUN,03,ADO ODO-OTA,02,OTA  II,010,27/03/02/010,ESA NIGHT MARKET I,EXISTING PU,564,17295,340419
27,OGUN,03,ADO ODO-OTA,02,OTA  II,011,27/03/02/011,ESA NIGHT MARKET II,EXISTING PU,564,17295,340420
27,OGUN,03,ADO ODO-OTA,02,OTA  II,012,27/03/02/012,BOREHOLE,EXISTING PU,564,17295,340421
27,OGUN,03,ADO ODO-OTA,02,OTA  II,013,27/03/02/013,OPPOSITE U.B.A.,EXISTING PU,564,17295,340422
27,OGUN,03,ADO ODO-OTA,02,OTA  II,014,27/03/02/014,OPEN SPACE OPP OLIVIA FILLING STATION OBASANJO  ROAD,NEW PU,564,17295,340423
27,OGUN,03,ADO ODO-OTA,02,OTA  II,015,27/03/02/015,OPEN SPACE AT CELE 1 AFOBAJE OTA,NEW PU,564,17295,340424
27,OGUN,03,ADO ODO-OTA,02,OTA  II,016,27/03/02/016,OPEN SPACE OPP OLIVIA FILLING STATION OBASANJO  ROAD,NEW PU,564,17295,340425
27,OGUN,03,ADO ODO-OTA,02,OTA  II,017,27/03/02/017,OPEN SPACE AT CELE 1 AFOBAJE OTA,NEW PU,564,17295,340426
27,OGUN,03,ADO ODO-OTA,02,OTA  II,018,27/03/02/018,IN FRONT OF TRANSFORMER OPP OPEOLA STORE PROGRESS ESTATE AFOBAJE,NEW PU,564,17295,340427
27,OGUN,03,ADO ODO-OTA,02,OTA  II,019,27/03/02/019,OPEN SPACE AT FOWOBI JUNCTION BESIDE ENJOY FILLING STATION,NEW PU,564,17295,340428
27,OGUN,03,ADO ODO-OTA,02,OTA  II,020,27/03/02/020,OPEN SPACE AT ADIMULA STREET OGOTEDO ESTATE,NEW PU,564,17295,340429
27,OGUN,03,ADO ODO-OTA,02,OTA  II,021,27/03/02/021,OPEN SPACE AT ADAKO ESTATE JUNCTION OPP UNIQUE ESTATE,NEW PU,564,17295,340430
27,OGUN,03,ADO ODO-OTA,02,OTA  II,022,27/03/02/022,OPEN SPACE AT JOHN SHOBOLA JUNCTION OLOKO OTA,NEW PU,564,17295,340431
27,OGUN,03,ADO ODO-OTA,02,OTA  II,023,27/03/02/023,OPEN SPACE AT FAKILE JUNCTION OPP OLOKO OTA,NEW PU,564,17295,340432
27,OGUN,03,ADO ODO-OTA,02,OTA  II,024,27/03/02/024,"OPEN SPACE AT AJISAFE CLOSE JUCNTION, OPP SHAMS -UD- DEEN OLORUN WA MOSQUE WAHIDAN",NEW PU,564,17295,340433
27,OGUN,03,ADO ODO-OTA,02,OTA  II,025,27/03/02/025,"OPEN SPACE AT OKOBALE JUNCTION, OPP NEW GOSHEN CDA OTA",NEW PU,564,17295,340434
27,OGUN,03,ADO ODO-OTA,02,OTA  II,026,27/03/02/026,OPEN SPACE AT IRE AKARI JUNCTION ROYAL DIAMOND PHARMACY,NEW PU,564,17295,340435
27,OGUN,03,ADO ODO-OTA,02,OTA  II,027,27/03/02/027,OPEN SPACE AT ALASIA JUNCTION ALASIA COCA COLA ROAD OTA,NEW PU,564,17295,340436
27,OGUN,03,ADO ODO-OTA,02,OTA  II,028,27/03/02/028,OPEN SPACE AT FAJUYI JUNCTION BY BAYO BLOCK OTA,NEW PU,564,17295,340437
27,OGUN,03,ADO ODO-OTA,02,OTA  II,029,27/03/02/029,OPEN SPACE AT OLURIN JUNCTION OFF COCA COLA OTA,NEW PU,564,17295,340438
27,OGUN,03,ADO ODO-OTA,02,OTA  II,030,27/03/02/030,"OPEN SPACE AT ORIADE JUNCTION BEHIND SO FILLING STATION, OJU ORE",NEW PU,564,17295,340439
27,OGUN,03,ADO ODO-OTA,02,OTA  II,031,27/03/02/031,IFESOWAPO JUNCTION PAPA ARO ROAD OTA,NEW PU,564,17295,340440
27,OGUN,03,ADO ODO-OTA,02,OTA  II,032,27/03/02/032,OPEN SPACE AT SUNSHINE CDA JUNCTION WAHIDAN OTA,NEW PU,564,17295,340441
27,OGUN,03,ADO ODO-OTA,02,OTA  II,033,27/03/02/033,OPEN SPACE AT ABDUL JABAR STREET JUNCTION OTITOLERE OTA,NEW PU,564,17295,340442
27,OGUN,03,ADO ODO-OTA,02,OTA  II,034,27/03/02/034,AFOBAJE COMMUNITY PRIMARY SCHOOL,NEW PU,564,17295,340443
27,OGUN,03,ADO ODO-OTA,02,OTA  II,035,27/03/02/035,"BABA JUNCTION, BESIDE TRANSFORMER, MARKET STREET, AFOBAJE.",NEW PU,564,17295,340444
27,OGUN,03,ADO ODO-OTA,02,OTA  II,036,27/03/02/036,"BESIDE TRANSFORMER, NICE ESTATE, ARIYO JUNCTION.",NEW PU,564,17295,340445
27,OGUN,03,ADO ODO-OTA,02,OTA  II,037,27/03/02/037,"OLOKO JUNCTION, POWERLINE",NEW PU,564,17295,340446
27,OGUN,03,ADO ODO-OTA,02,OTA  II,038,27/03/02/038,"COMMUNITY HIGH SCHOOL, OKO-BAALE",NEW PU,564,17295,340447
27,OGUN,03,ADO ODO-OTA,02,OTA  II,039,27/03/02/039,"PRIMARY HEALTHCARE CENTER, ILOGBO ROAD. (OPEN SPACE)",NEW PU,564,17295,340448
27,OGUN,03,ADO ODO-OTA,02,OTA  II,040,27/03/02/040,"BAYO BLOCKS JUNCTION, OJU-ORE OTA",NEW PU,564,17295,340449
27,OGUN,03,ADO ODO-OTA,02,OTA  II,041,27/03/02/041,"ABE IGI EWUPE JUNCTION, GOOD SHEPHERD (OPEN SPACE)",NEW PU,564,17295,340450
27,OGUN,03,ADO ODO-OTA,02,OTA  II,042,27/03/02/042,"BABY O JUNCTION, BY TRANSFORMER, OJU-ORE",NEW PU,564,17295,340451
27,OGUN,03,ADO ODO-OTA,02,OTA  II,043,27/03/02/043,"OJUGBELE JUNCTION, OFF MEFUN, OJU-ORE, OTA",NEW PU,564,17295,340452
27,OGUN,03,ADO ODO-OTA,02,OTA  II,044,27/03/02/044,"OPEN SPACE ITA MEFUN, OJU-ORE, OTA",NEW PU,564,17295,340453
27,OGUN,03,ADO ODO-OTA,02,OTA  II,045,27/03/02/045,"PUBLIC BOREHOLE (OPEN SPACE), ITA ORUBA, OJU ORE  OTA",NEW PU,564,17295,340454
27,OGUN,03,ADO ODO-OTA,02,OTA  II,046,27/03/02/046,"OPEN SPACE, AGO  IGBIRA JUNCTION, OJU-ORE, OTA",NEW PU,564,17295,340455
27,OGUN,03,ADO ODO-OTA,02,OTA  II,047,27/03/02/047,"OPEN SPACE, ILUSATA, ADIGARAWA, OJU-ORE, OTA.",NEW PU,564,17295,340456
27,OGUN,03,ADO ODO-OTA,02,OTA  II,048,27/03/02/048,"OPEN SPACE AT IGANMODE GRAMMAR SCHOOL, OTA",NEW PU,564,17295,340457
27,OGUN,03,ADO ODO-OTA,02,OTA  II,049,27/03/02/049,"OPEN SPACE BESIDE TRANSFORMER,BABAALAYO JUNCTION,KURI, AWURELA ROAD OTA",NEW PU,564,17295,340458
27,OGUN,03,ADO ODO-OTA,02,OTA  II,050,27/03/02/050,"OPEN SPACE BESIDE TANITO JUNCTION, LOVE ALL AFOBAJE OTA",NEW PU,564,17295,340459
27,OGUN,03,ADO ODO-OTA,02,OTA  II,051,27/03/02/051,OPEN SPACE BESIDE TRANSFORMER WAHIDAN JUNCTION OTA,NEW PU,564,17295,340460
27,OGUN,03,ADO ODO-OTA,02,OTA  II,052,27/03/02/052,"OPEN SPACE BESIDE TRANSFORMER, ISALE WAHIDAN, OTA.",NEW PU,564,17295,340461
27,OGUN,03,ADO ODO-OTA,03,OTA III,001,27/03/03/001,IDI OROGBO I,EXISTING PU,564,17296,340462
27,OGUN,03,ADO ODO-OTA,03,OTA III,002,27/03/03/002,ST. PETER'S R.C.M.,EXISTING PU,564,17296,340463
27,OGUN,03,ADO ODO-OTA,03,OTA III,003,27/03/03/003,OJU POPO,EXISTING PU,564,17296,340464
27,OGUN,03,ADO ODO-OTA,03,OTA III,004,27/03/03/004,OLD MOTOR PARK I,EXISTING PU,564,17296,340465
27,OGUN,03,ADO ODO-OTA,03,OTA III,005,27/03/03/005,OLD MOTOR PARK II,EXISTING PU,564,17296,340466
27,OGUN,03,ADO ODO-OTA,03,OTA III,006,27/03/03/006,A.U.D. PRACT SCHOOL I,EXISTING PU,564,17296,340467
27,OGUN,03,ADO ODO-OTA,03,OTA III,007,27/03/03/007,MODERN SCHOOL ROAD,EXISTING PU,564,17296,340468
27,OGUN,03,ADO ODO-OTA,03,OTA III,008,27/03/03/008,GRA / TOMORI,EXISTING PU,564,17296,340469
27,OGUN,03,ADO ODO-OTA,03,OTA III,009,27/03/03/009,OKE-SUNA,EXISTING PU,564,17296,340470
27,OGUN,03,ADO ODO-OTA,03,OTA III,010,27/03/03/010,ILO /AWELA,EXISTING PU,564,17296,340471
27,OGUN,03,ADO ODO-OTA,03,OTA III,011,27/03/03/011,IBRAHEEM STREET,EXISTING PU,564,17296,340472
27,OGUN,03,ADO ODO-OTA,03,OTA III,012,27/03/03/012,IBRAHEEM OLORUNGBEBE,EXISTING PU,564,17296,340473
27,OGUN,03,ADO ODO-OTA,03,OTA III,013,27/03/03/013,NEAR EBODINA STORE,EXISTING PU,564,17296,340474
27,OGUN,03,ADO ODO-OTA,03,OTA III,014,27/03/03/014,NEAR ASELA'S HOUSE,EXISTING PU,564,17296,340475
27,OGUN,03,ADO ODO-OTA,03,OTA III,015,27/03/03/015,EJIGBO TITUN I,EXISTING PU,564,17296,340476
27,OGUN,03,ADO ODO-OTA,03,OTA III,016,27/03/03/016,BACK OF WEMA  BANK,EXISTING PU,564,17296,340477
27,OGUN,03,ADO ODO-OTA,03,OTA III,017,27/03/03/017,NEAR EDUCATION AUTHORITY,EXISTING PU,564,17296,340478
27,OGUN,03,ADO ODO-OTA,03,OTA III,018,27/03/03/018,TOLL GATE,EXISTING PU,564,17296,340479
27,OGUN,03,ADO ODO-OTA,03,OTA III,019,27/03/03/019,SHOPPING CENTRE,EXISTING PU,564,17296,340480
27,OGUN,03,ADO ODO-OTA,03,OTA III,020,27/03/03/020,GRA AKINWUNMI,EXISTING PU,564,17296,340481
27,OGUN,03,ADO ODO-OTA,03,OTA III,021,27/03/03/021,"O.L.G SCHOOL I,   KETERE",EXISTING PU,564,17296,340482
27,OGUN,03,ADO ODO-OTA,03,OTA III,022,27/03/03/022,FUNMEC,EXISTING PU,564,17296,340483
27,OGUN,03,ADO ODO-OTA,03,OTA III,023,27/03/03/023,BEHIND JOJU HOTEL,EXISTING PU,564,17296,340484
27,OGUN,03,ADO ODO-OTA,03,OTA III,024,27/03/03/024,DEEPER LIFE ARAROMI,EXISTING PU,564,17296,340485
27,OGUN,03,ADO ODO-OTA,03,OTA III,025,27/03/03/025,CHIEF DEINDE'S HOUSE,EXISTING PU,564,17296,340486
27,OGUN,03,ADO ODO-OTA,03,OTA III,026,27/03/03/026,IPAMESAN,EXISTING PU,564,17296,340487
27,OGUN,03,ADO ODO-OTA,03,OTA III,027,27/03/03/027,C & S IGBALA,EXISTING PU,564,17296,340488
27,OGUN,03,ADO ODO-OTA,03,OTA III,028,27/03/03/028,L.G SCHOOL II,EXISTING PU,564,17296,340489
27,OGUN,03,ADO ODO-OTA,03,OTA III,029,27/03/03/029,T.T DADAS PALACE,EXISTING PU,564,17296,340490
27,OGUN,03,ADO ODO-OTA,03,OTA III,030,27/03/03/030,NEAR OYETAYO'S HOUSE,EXISTING PU,564,17296,340491
27,OGUN,03,ADO ODO-OTA,03,OTA III,031,27/03/03/031,IDI-OROGBO II,EXISTING PU,564,17296,340492
27,OGUN,03,ADO ODO-OTA,03,OTA III,032,27/03/03/032,EJIGBO TITUN II,EXISTING PU,564,17296,340493
27,OGUN,03,ADO ODO-OTA,03,OTA III,033,27/03/03/033,ABEBI NEW SITE,EXISTING PU,564,17296,340494
27,OGUN,03,ADO ODO-OTA,03,OTA III,034,27/03/03/034,A.U.D PRACTISING SCH. II,EXISTING PU,564,17296,340495
27,OGUN,03,ADO ODO-OTA,03,OTA III,035,27/03/03/035,ALLISHIBA STREET,EXISTING PU,564,17296,340496
27,OGUN,03,ADO ODO-OTA,03,OTA III,036,27/03/03/036,"OPEN SPACE AT ANUOLUWAPO STREET, OPPOSITE OLUWATOSIN MOSQUE, AMODU GIWA ESTATE, OTA.",NEW PU,564,17296,340497
27,OGUN,03,ADO ODO-OTA,03,OTA III,037,27/03/03/037,OPEN SPACE AT AKINOLA IROKO/BUSARI JUNCTION.,NEW PU,564,17296,340498
27,OGUN,03,ADO ODO-OTA,03,OTA III,038,27/03/03/038,INFRONT OF TRANSFORMER APARAOGUN/ THE LIVING STREET,NEW PU,564,17296,340499
27,OGUN,03,ADO ODO-OTA,03,OTA III,039,27/03/03/039,"OPEN SPACE AT IMOLE EWA/ OLUSEYE JUNCTION, ILO AWELA.",NEW PU,564,17296,340500
27,OGUN,03,ADO ODO-OTA,03,OTA III,040,27/03/03/040,INFRONT OF TRANSFORMER ALAFIA STREET OPPOSITE BEULAH SCHOOL ABEBI,NEW PU,564,17296,340501
27,OGUN,03,ADO ODO-OTA,03,OTA III,041,27/03/03/041,OPEN SPACE AT JIBUAKA STREET VIA ADEWUNMI ADEBIYI STREET ILO AWELA,NEW PU,564,17296,340502
27,OGUN,03,ADO ODO-OTA,03,OTA III,042,27/03/03/042,OPEN SPACEJELILI ALAGBE JUNCTION /ANGLICAN RD ABE DECKIN ABEBI NEWSITE,NEW PU,564,17296,340503
27,OGUN,03,ADO ODO-OTA,03,OTA III,043,27/03/03/043,OPEN SPACE JUNCTION FABOLU STREET VIA UNITY CLOSE BACK OF ODO PAKO,NEW PU,564,17296,340504
27,OGUN,03,ADO ODO-OTA,03,OTA III,044,27/03/03/044,OPEN SPACE  AT OGBONNU STREET JUNCTION OF HARMONY ESTATE ILUPEWO,NEW PU,564,17296,340505
27,OGUN,03,ADO ODO-OTA,03,OTA III,045,27/03/03/045,OPEN SPACE AT ANGLICAN ROAD /.PRESTIGE CIRCLE CLOSE VIA HAPPINESS HOTEL,NEW PU,564,17296,340506
27,OGUN,03,ADO ODO-OTA,03,OTA III,046,27/03/03/046,NOEL SALEM STREET JUNCTION/ JELILI TEJUOSHO VIA WELCOME HOTEL.,NEW PU,564,17296,340507
27,OGUN,03,ADO ODO-OTA,03,OTA III,047,27/03/03/047,STARLIGHT STREET JUNCTION/ JOKE OLUDANDE ILO AWELA.,NEW PU,564,17296,340508
27,OGUN,03,ADO ODO-OTA,03,OTA III,048,27/03/03/048,"BACK OF LOCAL GOVERNMENT, OLUSEYE STREET",NEW PU,564,17296,340509
27,OGUN,03,ADO ODO-OTA,03,OTA III,049,27/03/03/049,INFRONT OF TRANSFORMER ENGR BANKOLE STR/ NIGHT MARKET I.L.O.,NEW PU,564,17296,340510
27,OGUN,03,ADO ODO-OTA,03,OTA III,050,27/03/03/050,OPEN SPACE AT BAMISHEBI/ OSHINLOWO STREET BESIDE OXFORD SCHOOL I.L.O,NEW PU,564,17296,340511
27,OGUN,03,ADO ODO-OTA,03,OTA III,051,27/03/03/051,OPEN SPACE JUNCTION AT NURENI AKA STREET BEHIND ANSARUDEEN CENTRAL MOSQUE I.L.O.,NEW PU,564,17296,340512
27,OGUN,03,ADO ODO-OTA,03,OTA III,052,27/03/03/052,"ST PETERS RCM SCHOOL, OTA",NEW PU,564,17296,340513
27,OGUN,03,ADO ODO-OTA,03,OTA III,053,27/03/03/053,OPEN SPACE AT ONIJANA JUNCTION,NEW PU,564,17296,340514
27,OGUN,03,ADO ODO-OTA,03,OTA III,054,27/03/03/054,OPEN SPACE AT IBRAHEEM OLORUNGBEBE,NEW PU,564,17296,340515
27,OGUN,03,ADO ODO-OTA,03,OTA III,055,27/03/03/055,OPEN SPACE AT AGO ISAGA WATER PROJECT,NEW PU,564,17296,340516
27,OGUN,03,ADO ODO-OTA,03,OTA III,056,27/03/03/056,OPEN SPACE AT ABOLEJA-AKINJIBI JUNCTION,NEW PU,564,17296,340517
27,OGUN,03,ADO ODO-OTA,03,OTA III,057,27/03/03/057,OPEN SPACE AT ALELOJU BESIDE TRANSFORMER,NEW PU,564,17296,340518
27,OGUN,03,ADO ODO-OTA,03,OTA III,058,27/03/03/058,OPEN SPACE AT GANGAN,NEW PU,564,17296,340519
27,OGUN,03,ADO ODO-OTA,03,OTA III,059,27/03/03/059,"OPEN SPACE BESIDE PRAYING GROUND BUSARI, ABEBI NEW SITE",NEW PU,564,17296,340520
27,OGUN,03,ADO ODO-OTA,03,OTA III,060,27/03/03/060,"OPEN SPACE AT FASOLA OLUJIMI STREET, ILO AWELA",NEW PU,564,17296,340521
27,OGUN,03,ADO ODO-OTA,03,OTA III,061,27/03/03/061,OPEN SPACE ILO AWELA PRY HEALTH CARE CENTRE ILO AWELA,NEW PU,564,17296,340522
27,OGUN,03,ADO ODO-OTA,03,OTA III,062,27/03/03/062,"OPEN SPACE BESIDE TRANSFORMER AT SABAINAH TAIWO CRESCENT, ILO AWELA",NEW PU,564,17296,340523
27,OGUN,03,ADO ODO-OTA,03,OTA III,063,27/03/03/063,"ST MICHAEL AFRICAN SCHOOL, OTA.",NEW PU,564,17296,340524
27,OGUN,03,ADO ODO-OTA,03,OTA III,064,27/03/03/064,OPEN SPACE AT KOKUMO JUNCTION BESIDE LIFECARE OTA,NEW PU,564,17296,340525
27,OGUN,03,ADO ODO-OTA,03,OTA III,065,27/03/03/065,OPEN SPACE BESIDE NAZARETH SCHOOL OTA,NEW PU,564,17296,340526
27,OGUN,03,ADO ODO-OTA,03,OTA III,066,27/03/03/066,"C&S IGBALA 2 AT REVD SHODIYA STREET, OTA C&S IGBALA 2 AT REVD SODIYA STREET",NEW PU,564,17296,340527
27,OGUN,03,ADO ODO-OTA,03,OTA III,067,27/03/03/067,"INFRONT OF FARAMED HOSPITAL, OTA",NEW PU,564,17296,340528
27,OGUN,03,ADO ODO-OTA,03,OTA III,068,27/03/03/068,LG SCHOOL III OTA,NEW PU,564,17296,340529
27,OGUN,03,ADO ODO-OTA,03,OTA III,069,27/03/03/069,"COMMUNITY HIGH SCHOOL, OTA",NEW PU,564,17296,340530
27,OGUN,03,ADO ODO-OTA,03,OTA III,070,27/03/03/070,"OPEN SPACE AT ONIKANKERE, OTA",NEW PU,564,17296,340531
27,OGUN,03,ADO ODO-OTA,03,OTA III,071,27/03/03/071,"OPEN SPACE AT AREWA STREET, OTA",NEW PU,564,17296,340532
27,OGUN,03,ADO ODO-OTA,03,OTA III,072,27/03/03/072,"OPEN SPACE AT ANUOLUWAPO STREET, BACK OF GARAGE, SANGO",NEW PU,564,17296,340533
27,OGUN,03,ADO ODO-OTA,03,OTA III,073,27/03/03/073,"OPEN SPACE AT CHICKEN JOE ROAD, ARIGBABU.",NEW PU,564,17296,340534
27,OGUN,03,ADO ODO-OTA,03,OTA III,074,27/03/03/074,"OPEN SPACE AT ARAROMI STREET, OTA",NEW PU,564,17296,340535
27,OGUN,03,ADO ODO-OTA,03,OTA III,075,27/03/03/075,"EJIGBO TITUN, JUNCTION OF TWINKLE CREST, OTA",NEW PU,564,17296,340536
27,OGUN,03,ADO ODO-OTA,03,OTA III,076,27/03/03/076,"OPEN SPACE AT SALAKO/ OSIFESO JUNCTION, OTA, GRA",NEW PU,564,17296,340537
27,OGUN,03,ADO ODO-OTA,04,SANGO,001,27/03/04/001,MARKET SQUARE,EXISTING PU,564,17297,340538
27,OGUN,03,ADO ODO-OTA,04,SANGO,002,27/03/04/002,IN FRONT OF ADALEMO'S HOUSE,EXISTING PU,564,17297,340539
27,OGUN,03,ADO ODO-OTA,04,SANGO,003,27/03/04/003,TEMIDIRE OWOSENI,EXISTING PU,564,17297,340540
27,OGUN,03,ADO ODO-OTA,04,SANGO,004,27/03/04/004,WATER TANKER I,EXISTING PU,564,17297,340541
27,OGUN,03,ADO ODO-OTA,04,SANGO,005,27/03/04/005,WATER TANKER II,EXISTING PU,564,17297,340542
27,OGUN,03,ADO ODO-OTA,04,SANGO,006,27/03/04/006,NEPA LINE ARINKO I,EXISTING PU,564,17297,340543
27,OGUN,03,ADO ODO-OTA,04,SANGO,007,27/03/04/007,NEPA LINE ARINKO  II,EXISTING PU,564,17297,340544
27,OGUN,03,ADO ODO-OTA,04,SANGO,008,27/03/04/008,LEVENTIS,EXISTING PU,564,17297,340545
27,OGUN,03,ADO ODO-OTA,04,SANGO,009,27/03/04/009,LAYORI HOSPITAL,EXISTING PU,564,17297,340546
27,OGUN,03,ADO ODO-OTA,04,SANGO,010,27/03/04/010,OLD MOTOR PARK,EXISTING PU,564,17297,340547
27,OGUN,03,ADO ODO-OTA,04,SANGO,011,27/03/04/011,NEAR OKEBOWALES HOUSE,EXISTING PU,564,17297,340548
27,OGUN,03,ADO ODO-OTA,04,SANGO,012,27/03/04/012,MARKET SQUARE ILOYE,EXISTING PU,564,17297,340549
27,OGUN,03,ADO ODO-OTA,04,SANGO,013,27/03/04/013,OPEN SPACE AT BASIRU ALAMU JUNCTION,NEW PU,564,17297,340550
27,OGUN,03,ADO ODO-OTA,04,SANGO,014,27/03/04/014,"BESIDE TRANSFORMER AT FIVE JUNCTION, TARBAJIN",NEW PU,564,17297,340551
27,OGUN,03,ADO ODO-OTA,04,SANGO,015,27/03/04/015,"BESIDE TRANSFORMER AT BADA JUNCTION, ISAKA",NEW PU,564,17297,340552
27,OGUN,03,ADO ODO-OTA,04,SANGO,016,27/03/04/016,"BESIDE  TRANSFORMER, ANISERE JUNCTION, IPAMESAN",NEW PU,564,17297,340553
27,OGUN,03,ADO ODO-OTA,04,SANGO,017,27/03/04/017,"IN FRONT OF TRANSFORMER, AGO ADURA, BY FOFA STREET JUNCTION",NEW PU,564,17297,340554
27,OGUN,03,ADO ODO-OTA,04,SANGO,018,27/03/04/018,"IN FRONT OF TRANSFORMER AT AYO NI AVENUE JUNCTION, OJUELEGBA",NEW PU,564,17297,340555
27,OGUN,03,ADO ODO-OTA,04,SANGO,019,27/03/04/019,"OPEN SPACE AT AMEN CHURCH JUNCTION, ELERINKO",NEW PU,564,17297,340556
27,OGUN,03,ADO ODO-OTA,04,SANGO,020,27/03/04/020,OPEN SPACE AT ADENIJI STREET OPPOSITE OGUN'S GAS,NEW PU,564,17297,340557
27,OGUN,03,ADO ODO-OTA,04,SANGO,021,27/03/04/021,PREMISE OF SANGO OTA HIGH SCHOOL,NEW PU,564,17297,340558
27,OGUN,03,ADO ODO-OTA,04,SANGO,022,27/03/04/022,"OPEN SPACE AT KAJOLA/ OSMAK JUNCTION, ILOYE",NEW PU,564,17297,340559
27,OGUN,03,ADO ODO-OTA,04,SANGO,023,27/03/04/023,OPEN SPACE AT ADETOKUNBO/ OMOKARO BABA KWARA,NEW PU,564,17297,340560
27,OGUN,03,ADO ODO-OTA,04,SANGO,024,27/03/04/024,"BESUDE TRANSFORMER, ILUPEJU IWOYE, ABEOKUTA STREET",NEW PU,564,17297,340561
27,OGUN,03,ADO ODO-OTA,04,SANGO,025,27/03/04/025,"OPEN SPACE AT OLUMO JUNCTION, ADALEMO",NEW PU,564,17297,340562
27,OGUN,03,ADO ODO-OTA,04,SANGO,026,27/03/04/026,OPEN SPACE AT OLA BABA/ALEX UDU STREET BABA MUSHIN ILOYE,NEW PU,564,17297,340563
27,OGUN,03,ADO ODO-OTA,04,SANGO,027,27/03/04/027,"BESIDE TRANSFORMER AT TAIWO STREET, SEKONA ANISERE",NEW PU,564,17297,340564
27,OGUN,03,ADO ODO-OTA,04,SANGO,028,27/03/04/028,"COMMUNITY HEALTH CENTER, ANISERE",NEW PU,564,17297,340565
27,OGUN,03,ADO ODO-OTA,04,SANGO,029,27/03/04/029,"OPEN SPACE AT TARMAC JUNCTION, TEMIDIRE, SANGO",NEW PU,564,17297,340566
27,OGUN,03,ADO ODO-OTA,04,SANGO,030,27/03/04/030,"PREMISE OF COMMUNITY PRIMARY SCHOOL, ILOYE",NEW PU,564,17297,340567
27,OGUN,03,ADO ODO-OTA,04,SANGO,031,27/03/04/031,"OPEN SPACE AT OLAJIDE JUNCTION, ORELOPE ESTATE, ESUYAGO",NEW PU,564,17297,340568
27,OGUN,03,ADO ODO-OTA,04,SANGO,032,27/03/04/032,"BESIDE TRANSFORMER AT BEULAH JUNCTION, AROMOBI, ESUYAGO",NEW PU,564,17297,340569
27,OGUN,03,ADO ODO-OTA,04,SANGO,033,27/03/04/033,"BESIDE TRANSFORMER AT OLASEGE STREET, SANGO",NEW PU,564,17297,340570
27,OGUN,03,ADO ODO-OTA,04,SANGO,034,27/03/04/034,"OPEN SPACE AT LEKAN ADEYEMI STREET,  BEHIND YEBADE HOTEL, SANGO",NEW PU,564,17297,340571
27,OGUN,03,ADO ODO-OTA,04,SANGO,035,27/03/04/035,"OPEN SPACE BESIDE LADO FILLING STATION, IJOKO ROAD",NEW PU,564,17297,340572
27,OGUN,03,ADO ODO-OTA,04,SANGO,036,27/03/04/036,"ENTRANCE OF OWOYEMI STREET, ABEOKUTA EXPRESS ROAD, JOJU",NEW PU,564,17297,340573
27,OGUN,03,ADO ODO-OTA,04,SANGO,037,27/03/04/037,"OPEN SPACE NEAR POWERLINE, OPPOSITE AL WAJUD HOUSE, ISHAKA",NEW PU,564,17297,340574
27,OGUN,03,ADO ODO-OTA,04,SANGO,038,27/03/04/038,"BESIDE TRANSFORMER BY OZIEGBE STREET, AGBALA ITURA ROAD",NEW PU,564,17297,340575
27,OGUN,03,ADO ODO-OTA,04,SANGO,039,27/03/04/039,"BESIDE TRANSFORMER AT KOLEOSO/ AKIRISORE JUNCTION, IDOLE",NEW PU,564,17297,340576
27,OGUN,03,ADO ODO-OTA,04,SANGO,040,27/03/04/040,OPEN STATE AT BIBLE COLLEGE BUS STOP,NEW PU,564,17297,340577
27,OGUN,03,ADO ODO-OTA,04,SANGO,041,27/03/04/041,"OPEN SPACE NEAR POWERLINE AKINTOYE DOLE STREET, ISALE ARIYA, ILOYE",NEW PU,564,17297,340578
27,OGUN,03,ADO ODO-OTA,04,SANGO,042,27/03/04/042,"BESIDE TRANSFORMER AT AJIBOLA STREET, ILOYE",NEW PU,564,17297,340579
27,OGUN,03,ADO ODO-OTA,04,SANGO,043,27/03/04/043,"OPEN SPACE AT AGO ADURA COMMUNITY ENTRANCE, IPAMESAN",NEW PU,564,17297,340580
27,OGUN,03,ADO ODO-OTA,04,SANGO,044,27/03/04/044,"OPEN SPACE AT ANUOLUWAPO JUNCTION, IPAMESAN",NEW PU,564,17297,340581
27,OGUN,03,ADO ODO-OTA,04,SANGO,045,27/03/04/045,"BESIDE TRANSFORMER NEAR SAMFOL HOTEL, IPAMESAN",NEW PU,564,17297,340582
27,OGUN,03,ADO ODO-OTA,05,IJOKO,001,27/03/05/001,PRY. SCHOOL AGORO,EXISTING PU,564,17298,340583
27,OGUN,03,ADO ODO-OTA,05,IJOKO,002,27/03/05/002,N.U.D. SCHOOL IJOKO I,EXISTING PU,564,17298,340584
27,OGUN,03,ADO ODO-OTA,05,IJOKO,003,27/03/05/003,MARKET SQUARE IJOKO I,EXISTING PU,564,17298,340585
27,OGUN,03,ADO ODO-OTA,05,IJOKO,004,27/03/05/004,MARKET SQUARE IJOKO II,EXISTING PU,564,17298,340586
27,OGUN,03,ADO ODO-OTA,05,IJOKO,005,27/03/05/005,BESIDE MOSQUE ABULE IROKO  I,EXISTING PU,564,17298,340587
27,OGUN,03,ADO ODO-OTA,05,IJOKO,006,27/03/05/006,BESIDE MOSQUE ABULE IROKO  II,EXISTING PU,564,17298,340588
27,OGUN,03,ADO ODO-OTA,05,IJOKO,007,27/03/05/007,L.G. SCHOOL APARADIJA  I,EXISTING PU,564,17298,340589
27,OGUN,03,ADO ODO-OTA,05,IJOKO,008,27/03/05/008,L.G. SCHOOL APARADIJA  II,EXISTING PU,564,17298,340590
27,OGUN,03,ADO ODO-OTA,05,IJOKO,009,27/03/05/009,ARIJE VILLAGE,EXISTING PU,564,17298,340591
27,OGUN,03,ADO ODO-OTA,05,IJOKO,010,27/03/05/010,NTABO JUNCTION  I,EXISTING PU,564,17298,340592
27,OGUN,03,ADO ODO-OTA,05,IJOKO,011,27/03/05/011,NTABO JUNCTION  II,EXISTING PU,564,17298,340593
27,OGUN,03,ADO ODO-OTA,05,IJOKO,012,27/03/05/012,AFIMO VILLAGE  I,EXISTING PU,564,17298,340594
27,OGUN,03,ADO ODO-OTA,05,IJOKO,013,27/03/05/013,AFIMO VILLAGE  II,EXISTING PU,564,17298,340595
27,OGUN,03,ADO ODO-OTA,05,IJOKO,014,27/03/05/014,IFETEDO HEALTH CENTER,EXISTING PU,564,17298,340596
27,OGUN,03,ADO ODO-OTA,05,IJOKO,015,27/03/05/015,N.U.D. SCHOOL IJOKO II,EXISTING PU,564,17298,340597
27,OGUN,03,ADO ODO-OTA,05,IJOKO,016,27/03/05/016,OPEN SPACE AT OLOGOGORO JUNCTION,NEW PU,564,17298,340598
27,OGUN,03,ADO ODO-OTA,05,IJOKO,017,27/03/05/017,OPEN SPACE AT OGUNMOKUN ROAD BY 3 TEE JUNCTION,NEW PU,564,17298,340599
27,OGUN,03,ADO ODO-OTA,05,IJOKO,018,27/03/05/018,OPEN SPACE AT FPF BY MOSES ORIMOLADE JUNCTION,NEW PU,564,17298,340600
27,OGUN,03,ADO ODO-OTA,05,IJOKO,019,27/03/05/019,"OPEN SPACE AT ISHO JUNCTION, ARAROMI PHASE 1",NEW PU,564,17298,340601
27,OGUN,03,ADO ODO-OTA,05,IJOKO,020,27/03/05/020,IFE HEALTH CENTRE,NEW PU,564,17298,340602
27,OGUN,03,ADO ODO-OTA,05,IJOKO,021,27/03/05/021,OPEN SPACE AT GASLINE JUNCTION,NEW PU,564,17298,340603
27,OGUN,03,ADO ODO-OTA,05,IJOKO,022,27/03/05/022,"BESIDE TRANSFORMER, IFELODUN",NEW PU,564,17298,340604
27,OGUN,03,ADO ODO-OTA,05,IJOKO,023,27/03/05/023,"IN FRONT OF MAST, GOD TRUST ESTATE",NEW PU,564,17298,340605
27,OGUN,03,ADO ODO-OTA,05,IJOKO,024,27/03/05/024,"OPEN SPACE OPPOSITE BAALE'S  HOUSE,",NEW PU,564,17298,340606
27,OGUN,03,ADO ODO-OTA,05,IJOKO,025,27/03/05/025,BESIDE TRANSFORMER OLAOTAN JUNCTION,NEW PU,564,17298,340607
27,OGUN,03,ADO ODO-OTA,05,IJOKO,026,27/03/05/026,ST SAVIOUR'S ANGLICAN NURSERY PRIMARY SCHOOL,NEW PU,564,17298,340608
27,OGUN,03,ADO ODO-OTA,05,IJOKO,027,27/03/05/027,"UNITY HIGH SCHOOL, IJOKO",NEW PU,564,17298,340609
27,OGUN,03,ADO ODO-OTA,05,IJOKO,028,27/03/05/028,OPEN SPACE AT OMOTOSHO JUNCTION,NEW PU,564,17298,340610
27,OGUN,03,ADO ODO-OTA,05,IJOKO,029,27/03/05/029,OPEN SPACE AT AIYEJIMI/SOLANKE JUNCTION,NEW PU,564,17298,340611
27,OGUN,03,ADO ODO-OTA,05,IJOKO,030,27/03/05/030,"OWODE/AGORO JUNCTION,",NEW PU,564,17298,340612
27,OGUN,03,ADO ODO-OTA,05,IJOKO,031,27/03/05/031,"SAKA POWERLINE/ABULE IROKO ROAD,",NEW PU,564,17298,340613
27,OGUN,03,ADO ODO-OTA,05,IJOKO,032,27/03/05/032,OPEN SPACE OPPOSITE HALIAQU MOSQUE,NEW PU,564,17298,340614
27,OGUN,03,ADO ODO-OTA,05,IJOKO,033,27/03/05/033,"OPEN SPACE AT SALAMI OPE/SEGUN FALODE JUNCTION,",NEW PU,564,17298,340615
27,OGUN,03,ADO ODO-OTA,05,IJOKO,034,27/03/05/034,"BESIDE TRANSFORMER,  SURULERE ROAD",NEW PU,564,17298,340616
27,OGUN,03,ADO ODO-OTA,05,IJOKO,035,27/03/05/035,OPEN SPACE AT COUNSELLOR BLOCK,NEW PU,564,17298,340617
27,OGUN,03,ADO ODO-OTA,05,IJOKO,036,27/03/05/036,BESIDE TRANSFORMER  ODO-ALADE,NEW PU,564,17298,340618
27,OGUN,03,ADO ODO-OTA,05,IJOKO,037,27/03/05/037,"NIGHT MARKET, OKESUNA",NEW PU,564,17298,340619
27,OGUN,03,ADO ODO-OTA,05,IJOKO,038,27/03/05/038,BESIDE TRANSFORMER WATERGATE,NEW PU,564,17298,340620
27,OGUN,03,ADO ODO-OTA,05,IJOKO,039,27/03/05/039,IFEGUNWA COMMUNITY HALL,NEW PU,564,17298,340621
27,OGUN,03,ADO ODO-OTA,05,IJOKO,040,27/03/05/040,"COMMUNITY HEALTH CENTRE, ARAROMI",NEW PU,564,17298,340622
27,OGUN,03,ADO ODO-OTA,05,IJOKO,041,27/03/05/041,BESIDE TRANSFORMER BY MOSHOOD HAMZAT CRESCENT,NEW PU,564,17298,340623
27,OGUN,03,ADO ODO-OTA,05,IJOKO,042,27/03/05/042,OPEN SPACE AT MOSES AJULO JUNCTION,NEW PU,564,17298,340624
27,OGUN,03,ADO ODO-OTA,05,IJOKO,043,27/03/05/043,OPEN SPACE AT CAYNIK STREET,NEW PU,564,17298,340625
27,OGUN,03,ADO ODO-OTA,05,IJOKO,044,27/03/05/044,"BESIDE TRANSFORMER BY WASIU OLAYINKA/AKIN MARTINS STREET, OFF GASLINE",NEW PU,564,17298,340626
27,OGUN,03,ADO ODO-OTA,05,IJOKO,045,27/03/05/045,BESIDE TRANSFORMER ATOBAJAIYE JUNCTION,NEW PU,564,17298,340627
27,OGUN,03,ADO ODO-OTA,05,IJOKO,046,27/03/05/046,"OPEN SPACE AT BARNABAS CRESCENT BY GASLINE GORGE,",NEW PU,564,17298,340628
27,OGUN,03,ADO ODO-OTA,05,IJOKO,047,27/03/05/047,OLORUNDA COMMUNITY TOWN HALL,NEW PU,564,17298,340629
27,OGUN,03,ADO ODO-OTA,05,IJOKO,048,27/03/05/048,"OPEN SPACE AT OPENIYI JUNCTION/ OGUNDELE STREET,",NEW PU,564,17298,340630
27,OGUN,03,ADO ODO-OTA,05,IJOKO,049,27/03/05/049,OPEN SPACE AT YEMISI AKERELE/ADENIJI ALABI JUNCTION,NEW PU,564,17298,340631
27,OGUN,03,ADO ODO-OTA,05,IJOKO,050,27/03/05/050,OPEN SPACE AT ORISUNBARE/GASLINE JUNCTION,NEW PU,564,17298,340632
27,OGUN,03,ADO ODO-OTA,05,IJOKO,051,27/03/05/051,AWANIREKAN COMMUNITY ESTATE GATE,NEW PU,564,17298,340633
27,OGUN,03,ADO ODO-OTA,05,IJOKO,052,27/03/05/052,"MECHANIC VILLAGE, OLAOTAN STREET,",NEW PU,564,17298,340634
27,OGUN,03,ADO ODO-OTA,05,IJOKO,053,27/03/05/053,OPEN SPACE AT ARAROMI JUNCTION,NEW PU,564,17298,340635
27,OGUN,03,ADO ODO-OTA,05,IJOKO,054,27/03/05/054,"PONRAELE JUNCTION, BEHIND MOSHLAD HOTEL ARIJE.",NEW PU,564,17298,340636
27,OGUN,03,ADO ODO-OTA,05,IJOKO,055,27/03/05/055,OPEN SPACE AT COKER ESTATE BY AKUNLE ADEBAYO CLOSE JUNCTION.,NEW PU,564,17298,340637
27,OGUN,03,ADO ODO-OTA,05,IJOKO,056,27/03/05/056,"OPEN SPACE AT OREMEJI STREET, AKINDE JUNCTION ARIJELORO.",NEW PU,564,17298,340638
27,OGUN,03,ADO ODO-OTA,05,IJOKO,057,27/03/05/057,OPEN SPACE AT VERDEC JUNCTION,NEW PU,564,17298,340639
27,OGUN,03,ADO ODO-OTA,05,IJOKO,058,27/03/05/058,BESIDE TRANSFORMER ABANIKOLE JUNCTION,NEW PU,564,17298,340640
27,OGUN,03,ADO ODO-OTA,05,IJOKO,059,27/03/05/059,"OPEN SPACE AT KSTAR JUNCTION, ABANIKOLE",NEW PU,564,17298,340641
27,OGUN,03,ADO ODO-OTA,06,ATAN,001,27/03/06/001,U.A.C. SCHOOL KOKO,EXISTING PU,564,17299,340642
27,OGUN,03,ADO ODO-OTA,06,ATAN,002,27/03/06/002,N.U.D. SCHOOL ATAN I,EXISTING PU,564,17299,340643
27,OGUN,03,ADO ODO-OTA,06,ATAN,003,27/03/06/003,A/C SCHOOL LEMOMU,EXISTING PU,564,17299,340644
27,OGUN,03,ADO ODO-OTA,06,ATAN,004,27/03/06/004,UNITED PRY. SCH. AJEGUNLE,EXISTING PU,564,17299,340645
27,OGUN,03,ADO ODO-OTA,06,ATAN,005,27/03/06/005,EGUNLA AKINBO VILLAGE,EXISTING PU,564,17299,340646
27,OGUN,03,ADO ODO-OTA,06,ATAN,006,27/03/06/006,ERINLE PRY SCHOOL,EXISTING PU,564,17299,340647
27,OGUN,03,ADO ODO-OTA,06,ATAN,007,27/03/06/007,A.C. SCH. ONSE OLOSE,EXISTING PU,564,17299,340648
27,OGUN,03,ADO ODO-OTA,06,ATAN,008,27/03/06/008,ADEKOYENI VILLAGE,EXISTING PU,564,17299,340649
27,OGUN,03,ADO ODO-OTA,06,ATAN,009,27/03/06/009,O.L.G. KAJOLA - IBOORO,EXISTING PU,564,17299,340650
27,OGUN,03,ADO ODO-OTA,06,ATAN,010,27/03/06/010,METH. PRY SCH. OKE-ORE,EXISTING PU,564,17299,340651
27,OGUN,03,ADO ODO-OTA,06,ATAN,011,27/03/06/011,ST. PAUL'S ONIGBONGBO,EXISTING PU,564,17299,340652
27,OGUN,03,ADO ODO-OTA,06,ATAN,012,27/03/06/012,A.C. SCHOOL ORITA,EXISTING PU,564,17299,340653
27,OGUN,03,ADO ODO-OTA,06,ATAN,013,27/03/06/013,AJIBAWO VILLAGE,EXISTING PU,564,17299,340654
27,OGUN,03,ADO ODO-OTA,06,ATAN,014,27/03/06/014,A/C SCHOOL IGBELE-AJANA,EXISTING PU,564,17299,340655
27,OGUN,03,ADO ODO-OTA,06,ATAN,015,27/03/06/015,O.L.G. SCHOOL ADEKANBI,EXISTING PU,564,17299,340656
27,OGUN,03,ADO ODO-OTA,06,ATAN,016,27/03/06/016,OLD ATAN MOTOR PARK,EXISTING PU,564,17299,340657
27,OGUN,03,ADO ODO-OTA,06,ATAN,017,27/03/06/017,ABULE TISA,EXISTING PU,564,17299,340658
27,OGUN,03,ADO ODO-OTA,06,ATAN,018,27/03/06/018,ISAGA ONLADO,EXISTING PU,564,17299,340659
27,OGUN,03,ADO ODO-OTA,06,ATAN,019,27/03/06/019,N.U.D.  ATAN II,EXISTING PU,564,17299,340660
27,OGUN,03,ADO ODO-OTA,06,ATAN,020,27/03/06/020,AMODE VILLAGE,EXISTING PU,564,17299,340661
27,OGUN,03,ADO ODO-OTA,06,ATAN,021,27/03/06/021,IN FRONT OF SAWMILL AT MOLASIN ROAD OPPOSITE  WEATHER WORK SHOP,NEW PU,564,17299,340662
27,OGUN,03,ADO ODO-OTA,06,ATAN,022,27/03/06/022,"IN FRONT OF TRANSFORMER AT AYORINDE STREET, AJIBAWO ATAN",NEW PU,564,17299,340663
27,OGUN,03,ADO ODO-OTA,06,ATAN,023,27/03/06/023,OPEN SPACE AT OLUKADE ROAD OKE ORE ATAN,NEW PU,564,17299,340664
27,OGUN,03,ADO ODO-OTA,06,ATAN,024,27/03/06/024,UNITY HIGH SCHOOL KAJOLA,NEW PU,564,17299,340665
27,OGUN,03,ADO ODO-OTA,06,ATAN,025,27/03/06/025,OPEN SPACE AT IDAN JESU JUNCTION OLORUNDA MAKU ATAN,NEW PU,564,17299,340666
27,OGUN,03,ADO ODO-OTA,06,ATAN,026,27/03/06/026,"IN FRONT OF TRANSFORMER AT ANUOLUWAPO  STREET, OFF AJEGUNLE ROAD AJIBAWO, ATAN",NEW PU,564,17299,340667
27,OGUN,03,ADO ODO-OTA,06,ATAN,027,27/03/06/027,IN FRONT OF TRANSFORMER OPP PROGRESSIVE STREET PEACELAND AJEGUNLE ATAN,NEW PU,564,17299,340668
27,OGUN,03,ADO ODO-OTA,06,ATAN,028,27/03/06/028,OPEN SPACE OPP KLM1 AJEGUNLE ROAD ATAN,NEW PU,564,17299,340669
27,OGUN,03,ADO ODO-OTA,06,ATAN,029,27/03/06/029,OPEN SPACE AT C4 JUNCTION KAJOLA ROAD ATAN,NEW PU,564,17299,340670
27,OGUN,03,ADO ODO-OTA,06,ATAN,030,27/03/06/030,BESIDE TRANSFORMER AT KAJOLA JUNCTION,NEW PU,564,17299,340671
27,OGUN,03,ADO ODO-OTA,06,ATAN,031,27/03/06/031,IN FRONT OF TRANSFORMER AT ABIODUN ADETOKUN STREET ATAN,NEW PU,564,17299,340672
27,OGUN,03,ADO ODO-OTA,06,ATAN,032,27/03/06/032,"OPEN SPACE KETU ORIYOMI ROAD, BY IRE OLUWA STREET, JUNCTION ATAN",NEW PU,564,17299,340673
27,OGUN,03,ADO ODO-OTA,06,ATAN,033,27/03/06/033,"BESIDE TRANSFORMER, AT JUMMY JUNCTION OLOKOPUPO ROAD",NEW PU,564,17299,340674
27,OGUN,03,ADO ODO-OTA,06,ATAN,034,27/03/06/034,COMMUNITY HALL ONIGBONGBO PHASE II,NEW PU,564,17299,340675
27,OGUN,03,ADO ODO-OTA,06,ATAN,035,27/03/06/035,COMMUNITY HALL AGORO ONIGBONGBO,NEW PU,564,17299,340676
27,OGUN,03,ADO ODO-OTA,06,ATAN,036,27/03/06/036,VILLAGE SQUARE ILEWO ALAGA,NEW PU,564,17299,340677
27,OGUN,03,ADO ODO-OTA,06,ATAN,037,27/03/06/037,LGA PRY SCHOOL ILEWO ALAGA,NEW PU,564,17299,340678
27,OGUN,03,ADO ODO-OTA,06,ATAN,038,27/03/06/038,"OPEN SPACE TOBALASE BUSTOP, AJIBAWO",NEW PU,564,17299,340679
27,OGUN,03,ADO ODO-OTA,06,ATAN,039,27/03/06/039,OPEN SPACE AT AKINLOLU CAR WASH BUS STOP OLORUNSOGO OKE ORE.,NEW PU,564,17299,340680
27,OGUN,03,ADO ODO-OTA,06,ATAN,040,27/03/06/040,"OPEN SPACE AT IGBO OPE JUNCTION, AGBEDI ROAD,  ONSHE OLOSE",NEW PU,564,17299,340681
27,OGUN,03,ADO ODO-OTA,06,ATAN,041,27/03/06/041,OPEN SPACE AT KATA ROAD,NEW PU,564,17299,340682
27,OGUN,03,ADO ODO-OTA,07,IJU,001,27/03/07/001,IJU EBIYE HIGH SCHOOL,EXISTING PU,564,17300,340683
27,OGUN,03,ADO ODO-OTA,07,IJU,002,27/03/07/002,L.G. SCHOOL OKO-OMI,EXISTING PU,564,17300,340684
27,OGUN,03,ADO ODO-OTA,07,IJU,003,27/03/07/003,A/C SCHOOL MESAN,EXISTING PU,564,17300,340685
27,OGUN,03,ADO ODO-OTA,07,IJU,004,27/03/07/004,L.G. SCHOOL OBERE,EXISTING PU,564,17300,340686
27,OGUN,03,ADO ODO-OTA,07,IJU,005,27/03/07/005,A/C SCHOOL ONIBUKU,EXISTING PU,564,17300,340687
27,OGUN,03,ADO ODO-OTA,07,IJU,006,27/03/07/006,ORE AKINDE VILLAGE,EXISTING PU,564,17300,340688
27,OGUN,03,ADO ODO-OTA,07,IJU,007,27/03/07/007,A/C SCHOOL OSUKE,EXISTING PU,564,17300,340689
27,OGUN,03,ADO ODO-OTA,07,IJU,008,27/03/07/008,AYETORO OPEN SPACE,EXISTING PU,564,17300,340690
27,OGUN,03,ADO ODO-OTA,07,IJU,009,27/03/07/009,R.C.M. SCHOOL IDIMU,EXISTING PU,564,17300,340691
27,OGUN,03,ADO ODO-OTA,07,IJU,010,27/03/07/010,ST. PETER'S SCHOOL IYESI,EXISTING PU,564,17300,340692
27,OGUN,03,ADO ODO-OTA,07,IJU,011,27/03/07/011,L.G SCHOOL ITORI,EXISTING PU,564,17300,340693
27,OGUN,03,ADO ODO-OTA,07,IJU,012,27/03/07/012,ILUPEJU COMM. PRY. SCHOOL I,EXISTING PU,564,17300,340694
27,OGUN,03,ADO ODO-OTA,07,IJU,013,27/03/07/013,HOUSING ESTATE,EXISTING PU,564,17300,340695
27,OGUN,03,ADO ODO-OTA,07,IJU,014,27/03/07/014,L.G SCHOOL ITELE,EXISTING PU,564,17300,340696
27,OGUN,03,ADO ODO-OTA,07,IJU,015,27/03/07/015,LAFENWA VILLAGE SQUARE,EXISTING PU,564,17300,340697
27,OGUN,03,ADO ODO-OTA,07,IJU,016,27/03/07/016,IJUEBIYE VILLAGE SQUARE,EXISTING PU,564,17300,340698
27,OGUN,03,ADO ODO-OTA,07,IJU,017,27/03/07/017,ILUPEJU COMM. PRY SCHOOL II,EXISTING PU,564,17300,340699
27,OGUN,03,ADO ODO-OTA,07,IJU,018,27/03/07/018,"OPEN SPACE AT DANGOTE JUNCTION, BABA ODE",NEW PU,564,17300,340700
27,OGUN,03,ADO ODO-OTA,07,IJU,019,27/03/07/019,BESIDE TRANSFORMER PHASE II AJAYI EGAN,NEW PU,564,17300,340701
27,OGUN,03,ADO ODO-OTA,07,IJU,020,27/03/07/020,"BESIDE TRANSFORMER NEAR PRESIDENT PAINT, IDEDO",NEW PU,564,17300,340702
27,OGUN,03,ADO ODO-OTA,07,IJU,021,27/03/07/021,"A.U.D PRIMARY SCHOOL, IJU",NEW PU,564,17300,340703
27,OGUN,03,ADO ODO-OTA,07,IJU,022,27/03/07/022,"BESIDE TRANSFORMER  ADEALU, ISALE IJU",NEW PU,564,17300,340704
27,OGUN,03,ADO ODO-OTA,07,IJU,023,27/03/07/023,"SALVATION ARMY PRY SCHOOL, IJABA OTA",NEW PU,564,17300,340705
27,OGUN,03,ADO ODO-OTA,07,IJU,024,27/03/07/024,"OPPOSITE TRANSFORMER,  ORIKOWONJO",NEW PU,564,17300,340706
27,OGUN,03,ADO ODO-OTA,07,IJU,025,27/03/07/025,"BESIDE TRANSFORMER BY 5TH AVENUE JUNCTION,  FERU",NEW PU,564,17300,340707
27,OGUN,03,ADO ODO-OTA,07,IJU,026,27/03/07/026,BESIDE TRANSFORMER ILASA TOWN,NEW PU,564,17300,340708
27,OGUN,03,ADO ODO-OTA,07,IJU,027,27/03/07/027,"SURULERE ESTATE TOWN HALL, ILASA",NEW PU,564,17300,340709
27,OGUN,03,ADO ODO-OTA,07,IJU,028,27/03/07/028,"OPEN SPACE AT ALOWONLE JUNCTION, IJU PHASE II",NEW PU,564,17300,340710
27,OGUN,03,ADO ODO-OTA,07,IJU,029,27/03/07/029,"BESIDE TRANSFORMER BY AJOLEWE STREET, NEW OBERE",NEW PU,564,17300,340711
27,OGUN,03,ADO ODO-OTA,07,IJU,030,27/03/07/030,"OPEN SPACE AT ISAGA ALA JUNCTION, OBERE",NEW PU,564,17300,340712
27,OGUN,03,ADO ODO-OTA,07,IJU,031,27/03/07/031,"OPEN SPACE OPPOSITE WONDERLAND, IDI IROKO ROAD",NEW PU,564,17300,340713
27,OGUN,03,ADO ODO-OTA,07,IJU,032,27/03/07/032,"OPEN SPACE OPPOSITE CANAANLAND, OTA",NEW PU,564,17300,340714
27,OGUN,03,ADO ODO-OTA,07,IJU,033,27/03/07/033,TRANSFORMER BASE OJU OTUKU JUNCTION EGUSI OTA,NEW PU,564,17300,340715
27,OGUN,03,ADO ODO-OTA,07,IJU,034,27/03/07/034,EGUSI ACDC HEALTH CENTRE.,NEW PU,564,17300,340716
27,OGUN,03,ADO ODO-OTA,07,IJU,035,27/03/07/035,"OPEN SPACE AT CELE NLA JUNCTION,  IGBEREN",NEW PU,564,17300,340717
27,OGUN,03,ADO ODO-OTA,07,IJU,036,27/03/07/036,"OBA MOSHOOD OYEDE COMMUNITY PRIMARY SCHOOL, ONIPANU",NEW PU,564,17300,340718
27,OGUN,03,ADO ODO-OTA,07,IJU,037,27/03/07/037,"COMMUNITY HALL, DADA ASALA",NEW PU,564,17300,340719
27,OGUN,03,ADO ODO-OTA,07,IJU,038,27/03/07/038,BESIDE TRANSFORMER  IJEGEMO ORUKU,NEW PU,564,17300,340720
27,OGUN,03,ADO ODO-OTA,07,IJU,039,27/03/07/039,"OPEN SPACE AT ONIGBIN ROUNDABOUT, ONIGBIN",NEW PU,564,17300,340721
27,OGUN,03,ADO ODO-OTA,07,IJU,040,27/03/07/040,ANSAR-UD-DEEN COMPREHENSIVE HIGH SCHOOL LAFENWA ITELE,NEW PU,564,17300,340722
27,OGUN,03,ADO ODO-OTA,07,IJU,041,27/03/07/041,"OPEN SPACE AT ONE ACCORD JUNCTION, ILEGBEDE ALAFIA ITELE",NEW PU,564,17300,340723
27,OGUN,03,ADO ODO-OTA,07,IJU,042,27/03/07/042,OPEN SPACE AT AIYEGBAJEJE JUNCTION OLUGBODE ROAD ITELE,NEW PU,564,17300,340724
27,OGUN,03,ADO ODO-OTA,07,IJU,043,27/03/07/043,"ANSAR-UD-DEEN PRY  SCHOOL, ADELEYE ALAAGBA ITELE",NEW PU,564,17300,340725
27,OGUN,03,ADO ODO-OTA,07,IJU,044,27/03/07/044,"EJIGUN AGBEDE COMMUNITY TOWN HALL, EJIGUN ITELE",NEW PU,564,17300,340726
27,OGUN,03,ADO ODO-OTA,07,IJU,045,27/03/07/045,OPEN SPACE AT IFELODUN JUNCTION KOGI TOWN ITELE,NEW PU,564,17300,340727
27,OGUN,03,ADO ODO-OTA,07,IJU,046,27/03/07/046,"IN FRONT OF TRANSFORMER AT ALHAJA OKETENTE JUNCTION, CASHIER AREA, ITELE",NEW PU,564,17300,340728
27,OGUN,03,ADO ODO-OTA,07,IJU,047,27/03/07/047,OPEN SPACE AT MORKAS JUNCTION APARADIJA ITELE,NEW PU,564,17300,340729
27,OGUN,03,ADO ODO-OTA,07,IJU,048,27/03/07/048,ST PETERS PRY SCHOOL ODAN OTUN ITELE,NEW PU,564,17300,340730
27,OGUN,03,ADO ODO-OTA,07,IJU,049,27/03/07/049,COMMUNITY HEALTH CENTRE AIYETORO ITELE,NEW PU,564,17300,340731
27,OGUN,03,ADO ODO-OTA,07,IJU,050,27/03/07/050,OPEN SPACE AT DANGOTE JUNCTION AIYETORO ITELE,NEW PU,564,17300,340732
27,OGUN,03,ADO ODO-OTA,07,IJU,051,27/03/07/051,"OPEN SPACE AT AJANA ORO JUNCTION, AIYETORO ITELE",NEW PU,564,17300,340733
27,OGUN,03,ADO ODO-OTA,07,IJU,052,27/03/07/052,OPEN SPACE AT GBAGOBIAJELE JUNCTION AIYETORO ITELE,NEW PU,564,17300,340734
27,OGUN,03,ADO ODO-OTA,07,IJU,053,27/03/07/053,TOWN HALL AJAYI-EGAN,NEW PU,564,17300,340735
27,OGUN,03,ADO ODO-OTA,07,IJU,054,27/03/07/054,"COMMUNITY DEVELOPMENT MARKET, SOKENU",NEW PU,564,17300,340736
27,OGUN,03,ADO ODO-OTA,07,IJU,055,27/03/07/055,"COMMUNITY MATERNITY CENTRE, IPETU BABA ODE",NEW PU,564,17300,340737
27,OGUN,03,ADO ODO-OTA,07,IJU,056,27/03/07/056,"BESIDE TRANSFORMER BY AGBENIGA/MESAN ROAD , AGBENIGA",NEW PU,564,17300,340738
27,OGUN,03,ADO ODO-OTA,07,IJU,057,27/03/07/057,"VILLAGE SQUARE, ISALE IJU",NEW PU,564,17300,340739
27,OGUN,03,ADO ODO-OTA,07,IJU,058,27/03/07/058,"BESIDE ABANISE TRANSFORMER ON MORICAS ROAD, EGUSI",NEW PU,564,17300,340740
27,OGUN,03,ADO ODO-OTA,07,IJU,059,27/03/07/059,"OPEN SPACE AT ABIODUN FALADE/TEMIDIRE JUNCTION, FASOGBON EGUSI",NEW PU,564,17300,340741
27,OGUN,03,ADO ODO-OTA,07,IJU,060,27/03/07/060,"NEPA JUNCTION,  ORI OKUTA",NEW PU,564,17300,340742
27,OGUN,03,ADO ODO-OTA,07,IJU,061,27/03/07/061,"COMMUNITY GRAMMAR, ISOKAN, AJENIFUJA",NEW PU,564,17300,340743
27,OGUN,03,ADO ODO-OTA,07,IJU,062,27/03/07/062,"ABOLOYIN HEALTH POST,  ABOLOYIN",NEW PU,564,17300,340744
27,OGUN,03,ADO ODO-OTA,07,IJU,063,27/03/07/063,"OPEN SPACE AT SARAKI, OLOKO POWERLINE",NEW PU,564,17300,340745
27,OGUN,03,ADO ODO-OTA,07,IJU,064,27/03/07/064,"OPEN SPACE AT SURVEYOR JUNCTION, ELEJIGBO PHASE 1",NEW PU,564,17300,340746
27,OGUN,03,ADO ODO-OTA,07,IJU,065,27/03/07/065,BESIDE TRANSFORMER TANISEWU JUNCTION BAMISEBI ITELE IJU,NEW PU,564,17300,340747
27,OGUN,03,ADO ODO-OTA,07,IJU,066,27/03/07/066,"BESIDE TRANSFORMER,  POWERLINE,  ONIFADE",NEW PU,564,17300,340748
27,OGUN,03,ADO ODO-OTA,07,IJU,067,27/03/07/067,"OPEN SPACE AT OLADEINDE OMOLOYE/OLOWOLAGBA JUNCTION BY OBASANJO FENCE,  KAJOLA ITELE",NEW PU,564,17300,340749
27,OGUN,03,ADO ODO-OTA,07,IJU,068,27/03/07/068,"OPEN SPACE AT  HENRY AKANDE/ OLATEJU ADESINA JUNCTION,  SENUKORO, ITELE",NEW PU,564,17300,340750
27,OGUN,03,ADO ODO-OTA,07,IJU,069,27/03/07/069,"OPEN SPACE AT EWEJE POWERLINE JUNCTION, OGUNTEDO",NEW PU,564,17300,340751
27,OGUN,03,ADO ODO-OTA,07,IJU,070,27/03/07/070,"QUEENS AVENUE/ BENJA JUNCTION, BENJA EGUSI",NEW PU,564,17300,340752
27,OGUN,03,ADO ODO-OTA,07,IJU,071,27/03/07/071,"COMMUNITY HALL, PROMISE ESTATE, ITORI",NEW PU,564,17300,340753
27,OGUN,03,ADO ODO-OTA,07,IJU,072,27/03/07/072,"POLICE CHILDRENS SCHOOL, OSUKE",NEW PU,564,17300,340754
27,OGUN,03,ADO ODO-OTA,07,IJU,073,27/03/07/073,OPEN SPACE AT HOLY MICHAEL BUSSTOP,NEW PU,564,17300,340755
27,OGUN,03,ADO ODO-OTA,07,IJU,074,27/03/07/074,"OPEN SPACE AT AWORO BUSSTOP, OSUKE",NEW PU,564,17300,340756
27,OGUN,03,ADO ODO-OTA,07,IJU,075,27/03/07/075,"BESIDE TRANSFORMER, ORIADE/ETIM UDO JUNCTION",NEW PU,564,17300,340757
27,OGUN,03,ADO ODO-OTA,07,IJU,076,27/03/07/076,"OPEN SPACE AT LOVE ESTATE GATE 1, OSUKE ROAD",NEW PU,564,17300,340758
27,OGUN,03,ADO ODO-OTA,08,ILOGBO,001,27/03/08/001,A/C SCHOOL ILOGBO,EXISTING PU,564,17301,340759
27,OGUN,03,ADO ODO-OTA,08,ILOGBO,002,27/03/08/002,LIASU BALOGUN,EXISTING PU,564,17301,340760
27,OGUN,03,ADO ODO-OTA,08,ILOGBO,003,27/03/08/003,IDIAGBON,EXISTING PU,564,17301,340761
27,OGUN,03,ADO ODO-OTA,08,ILOGBO,004,27/03/08/004,L.G. SCHOOL OLORUNDA - AGANNA,EXISTING PU,564,17301,340762
27,OGUN,03,ADO ODO-OTA,08,ILOGBO,005,27/03/08/005,L.G. SCHOOL JOGA,EXISTING PU,564,17301,340763
27,OGUN,03,ADO ODO-OTA,08,ILOGBO,006,27/03/08/006,AJOGBO GRAMMAR SCHOOL,EXISTING PU,564,17301,340764
27,OGUN,03,ADO ODO-OTA,08,ILOGBO,007,27/03/08/007,OWODE PRY. SCHOOL  I,EXISTING PU,564,17301,340765
27,OGUN,03,ADO ODO-OTA,08,ILOGBO,008,27/03/08/008,OWODE TITUN,EXISTING PU,564,17301,340766
27,OGUN,03,ADO ODO-OTA,08,ILOGBO,009,27/03/08/009,TIGBO VILLAGE,EXISTING PU,564,17301,340767
27,OGUN,03,ADO ODO-OTA,08,ILOGBO,010,27/03/08/010,L.G SCHOOL KONIFEWO,EXISTING PU,564,17301,340768
27,OGUN,03,ADO ODO-OTA,08,ILOGBO,011,27/03/08/011,IJAKO PRY. SCHOOL,EXISTING PU,564,17301,340769
27,OGUN,03,ADO ODO-OTA,08,ILOGBO,012,27/03/08/012,OLUWATEDO ALADE ROAD,EXISTING PU,564,17301,340770
27,OGUN,03,ADO ODO-OTA,08,ILOGBO,013,27/03/08/013,IYANA ILOGBO TIGBO,EXISTING PU,564,17301,340771
27,OGUN,03,ADO ODO-OTA,08,ILOGBO,014,27/03/08/014,ISOROSI IJAKO,EXISTING PU,564,17301,340772
27,OGUN,03,ADO ODO-OTA,08,ILOGBO,015,27/03/08/015,ABDUL VILLAGE,EXISTING PU,564,17301,340773
27,OGUN,03,ADO ODO-OTA,08,ILOGBO,016,27/03/08/016,MOSAFEJO,EXISTING PU,564,17301,340774
27,OGUN,03,ADO ODO-OTA,08,ILOGBO,017,27/03/08/017,LESI,EXISTING PU,564,17301,340775
27,OGUN,03,ADO ODO-OTA,08,ILOGBO,018,27/03/08/018,ONIYANMO,EXISTING PU,564,17301,340776
27,OGUN,03,ADO ODO-OTA,08,ILOGBO,019,27/03/08/019,EWUPE,EXISTING PU,564,17301,340777
27,OGUN,03,ADO ODO-OTA,08,ILOGBO,020,27/03/08/020,ORENTE,EXISTING PU,564,17301,340778
27,OGUN,03,ADO ODO-OTA,08,ILOGBO,021,27/03/08/021,"COMMUNITY PRIMARY SCHOOL, IWOYE",NEW PU,564,17301,340779
27,OGUN,03,ADO ODO-OTA,08,ILOGBO,022,27/03/08/022,"OPEN SPACE AT JOHN AGBOKEYE JUNCTION, ILOGBO ROAD",NEW PU,564,17301,340780
27,OGUN,03,ADO ODO-OTA,08,ILOGBO,023,27/03/08/023,"OBA TALABI MARKET,  ILOGBO",NEW PU,564,17301,340781
27,OGUN,03,ADO ODO-OTA,08,ILOGBO,024,27/03/08/024,"OPEN SPACE, ORITA PREM , OLUGBA",NEW PU,564,17301,340782
27,OGUN,03,ADO ODO-OTA,08,ILOGBO,025,27/03/08/025,"ILOGBO ASOWO COMMUNITY HIGH SCHOOL, ILOGBO",NEW PU,564,17301,340783
27,OGUN,03,ADO ODO-OTA,08,ILOGBO,026,27/03/08/026,"BAALE JUNCTION, BESIDE TRANSFORMER, ISOGUN",NEW PU,564,17301,340784
27,OGUN,03,ADO ODO-OTA,08,ILOGBO,027,27/03/08/027,"OPEN SPACE ORI OKUTA, NEAR VIGILANTE OFFICE ILOGBO",NEW PU,564,17301,340785
27,OGUN,03,ADO ODO-OTA,08,ILOGBO,028,27/03/08/028,"ARAROMI SPORT FIELD, ILEMIJAN",NEW PU,564,17301,340786
27,OGUN,03,ADO ODO-OTA,08,ILOGBO,029,27/03/08/029,"LUTH CO-OPERATIVE ESTATE GATE, TIGBO ILU",NEW PU,564,17301,340787
27,OGUN,03,ADO ODO-OTA,08,ILOGBO,030,27/03/08/030,"MATERNITY HEALTH CENTRE, OKE OSA",NEW PU,564,17301,340788
27,OGUN,03,ADO ODO-OTA,08,ILOGBO,031,27/03/08/031,"OPEN SPACE BY SAWMILL, OKITIKAN",NEW PU,564,17301,340789
27,OGUN,03,ADO ODO-OTA,08,ILOGBO,032,27/03/08/032,"OPPOSITE TRANSFORMER, CROWN ESTATE AJIBODE",NEW PU,564,17301,340790
27,OGUN,03,ADO ODO-OTA,08,ILOGBO,033,27/03/08/033,"OPEN SPACE BY ADE ADE BLOCKS, EWUPE ROAD",NEW PU,564,17301,340791
27,OGUN,03,ADO ODO-OTA,08,ILOGBO,034,27/03/08/034,"OPEN SPACE OGUNBIYI JUNCTION, ALAKA",NEW PU,564,17301,340792
27,OGUN,03,ADO ODO-OTA,08,ILOGBO,035,27/03/08/035,COMMUNITY HEALTH CENTRE  EWUPE IJALIYE,NEW PU,564,17301,340793
27,OGUN,03,ADO ODO-OTA,08,ILOGBO,036,27/03/08/036,OPEN SPACE PROMISELAND JUNCTION EWUPE,NEW PU,564,17301,340794
27,OGUN,03,ADO ODO-OTA,08,ILOGBO,037,27/03/08/037,"VILLAGE SQUARE, ISUNBA, IJIRI",NEW PU,564,17301,340795
27,OGUN,03,ADO ODO-OTA,08,ILOGBO,038,27/03/08/038,"MARKET SQUARE, ISUNBA",NEW PU,564,17301,340796
27,OGUN,03,ADO ODO-OTA,08,ILOGBO,039,27/03/08/039,"TIPPER GARAGE, OKE ODO, MERO",NEW PU,564,17301,340797
27,OGUN,03,ADO ODO-OTA,08,ILOGBO,040,27/03/08/040,"BESIDE TRANSFORMER, BY DOKITA VILLAGE JUNCTION.",NEW PU,564,17301,340798
27,OGUN,03,ADO ODO-OTA,08,ILOGBO,041,27/03/08/041,OPEN SPACE ALONG ILOGBO ROAD BY EGBUSI JUNCTION,NEW PU,564,17301,340799
27,OGUN,03,ADO ODO-OTA,08,ILOGBO,042,27/03/08/042,"BESIDE PUBLIC WATER, TEMIDIRE, IJUMO",NEW PU,564,17301,340800
27,OGUN,03,ADO ODO-OTA,08,ILOGBO,043,27/03/08/043,"OPEN SPACE AT ADEROJU AVENUE,BY FIRST ODO EJA JUNCTION.",NEW PU,564,17301,340801
27,OGUN,03,ADO ODO-OTA,08,ILOGBO,044,27/03/08/044,"OPEN SPACE IN FRONT OF FOOTBALL PITCH, AJEROGUN",NEW PU,564,17301,340802
27,OGUN,03,ADO ODO-OTA,08,ILOGBO,045,27/03/08/045,"OPEN SPACE AT ABAYOMI AKINGBEYIN JUNCTION, IDI OROGBO",NEW PU,564,17301,340803
27,OGUN,03,ADO ODO-OTA,08,ILOGBO,046,27/03/08/046,BESIDE TRANSFORMER AT ABULE JUNCTION,NEW PU,564,17301,340804
27,OGUN,03,ADO ODO-OTA,08,ILOGBO,047,27/03/08/047,BESIDE TRANSFORMER AT SHAMSIDEEN LAWAL AVENUE,NEW PU,564,17301,340805
27,OGUN,03,ADO ODO-OTA,08,ILOGBO,048,27/03/08/048,"BESIDE TRANSFORMER AT OJORA/ODERINDE JUNCTION, OWODE",NEW PU,564,17301,340806
27,OGUN,03,ADO ODO-OTA,08,ILOGBO,049,27/03/08/049,OPEN SPACE AT OLUKOYI/ ALAFIA STREET JUNCTION,NEW PU,564,17301,340807
27,OGUN,03,ADO ODO-OTA,08,ILOGBO,050,27/03/08/050,"MARKET SQUARE, IMISE, OWODE OTA",NEW PU,564,17301,340808
27,OGUN,03,ADO ODO-OTA,08,ILOGBO,051,27/03/08/051,PREMISE OF OWODE OTA COMMUNITY GRAMMAR SCHOOL OWODE,NEW PU,564,17301,340809
27,OGUN,03,ADO ODO-OTA,08,ILOGBO,052,27/03/08/052,"OPEN SPACE AT ELEKUNMEFA JUNCTION, OWODE OTA",NEW PU,564,17301,340810
27,OGUN,03,ADO ODO-OTA,08,ILOGBO,053,27/03/08/053,"OPEN SPACE AT  TUNDE ADELEYE/ PRINCE ADEWALE ADEYANJU ABEWALE STREET, ISHAKA",NEW PU,564,17301,340811
27,OGUN,03,ADO ODO-OTA,08,ILOGBO,054,27/03/08/054,"INFRONT OF TRANSFORMER AT PETER ADEGBITE STREET, ISHAKA",NEW PU,564,17301,340812
27,OGUN,03,ADO ODO-OTA,08,ILOGBO,055,27/03/08/055,INFRONT OF TRANSFORMER AT AKEEM OLADIMEJI JUNCTION STREET IJAKO,NEW PU,564,17301,340813
27,OGUN,03,ADO ODO-OTA,08,ILOGBO,056,27/03/08/056,INFRONT OF TRANSFORMER AT DR J.J AYODEJI STREET BADA COMPLEX IJAKO ISHAKA,NEW PU,564,17301,340814
27,OGUN,03,ADO ODO-OTA,09,ADO ODO  I,001,27/03/09/001,"R.C.M. SCHOOL, OKE PADRE I",EXISTING PU,564,17302,340815
27,OGUN,03,ADO ODO-OTA,09,ADO ODO  I,002,27/03/09/002,"R.C.M. SCHOOL, OKE PADRE II",EXISTING PU,564,17302,340816
27,OGUN,03,ADO ODO-OTA,09,ADO ODO  I,003,27/03/09/003,IDOBARUN  I,EXISTING PU,564,17302,340817
27,OGUN,03,ADO ODO-OTA,09,ADO ODO  I,004,27/03/09/004,IDOBARUN  II,EXISTING PU,564,17302,340818
27,OGUN,03,ADO ODO-OTA,09,ADO ODO  I,005,27/03/09/005,EVENING MARKET I- OGONA,EXISTING PU,564,17302,340819
27,OGUN,03,ADO ODO-OTA,09,ADO ODO  I,006,27/03/09/006,OJA ALE,EXISTING PU,564,17302,340820
27,OGUN,03,ADO ODO-OTA,09,ADO ODO  I,007,27/03/09/007,"A.O.L.G. SCHOOL, ADO-ODO  I",EXISTING PU,564,17302,340821
27,OGUN,03,ADO ODO-OTA,09,ADO ODO  I,008,27/03/09/008,"A.O.L.G. SCHOOL, ADO-ODO  II",EXISTING PU,564,17302,340822
27,OGUN,03,ADO ODO-OTA,09,ADO ODO  I,009,27/03/09/009,L.G. SCHOOL OKE-OSI I,EXISTING PU,564,17302,340823
27,OGUN,03,ADO ODO-OTA,09,ADO ODO  I,010,27/03/09/010,L.G. SCHOOL OKE-OSI II,EXISTING PU,564,17302,340824
27,OGUN,03,ADO ODO-OTA,09,ADO ODO  I,011,27/03/09/011,U.A.M.C. SCHOOL ADO-ODO  I,EXISTING PU,564,17302,340825
27,OGUN,03,ADO ODO-OTA,09,ADO ODO  I,012,27/03/09/012,U.A.M.C. SCHOOL ADO-ODO  II,EXISTING PU,564,17302,340826
27,OGUN,03,ADO ODO-OTA,09,ADO ODO  I,013,27/03/09/013,R.C.M. SCHOOL ADO-ODO,EXISTING PU,564,17302,340827
27,OGUN,03,ADO ODO-OTA,09,ADO ODO  I,014,27/03/09/014,MOTOR PARK,EXISTING PU,564,17302,340828
27,OGUN,03,ADO ODO-OTA,09,ADO ODO  I,015,27/03/09/015,PUBLIC LIBRARY I,EXISTING PU,564,17302,340829
27,OGUN,03,ADO ODO-OTA,09,ADO ODO  I,016,27/03/09/016,L.G SCHOOL IDI OGEDE,EXISTING PU,564,17302,340830
27,OGUN,03,ADO ODO-OTA,09,ADO ODO  I,017,27/03/09/017,INFRONT OF ALHAJI ADEGBOLA'S HOUSE,EXISTING PU,564,17302,340831
27,OGUN,03,ADO ODO-OTA,09,ADO ODO  I,018,27/03/09/018,IDOLOWU AREA,EXISTING PU,564,17302,340832
27,OGUN,03,ADO ODO-OTA,09,ADO ODO  I,019,27/03/09/019,AGBARA/IGUFIN,EXISTING PU,564,17302,340833
27,OGUN,03,ADO ODO-OTA,09,ADO ODO  I,020,27/03/09/020,TOWN HALL,EXISTING PU,564,17302,340834
27,OGUN,03,ADO ODO-OTA,09,ADO ODO  I,021,27/03/09/021,OPEN SPACE AT OKE IGUFIN ILOMU TUNTUN,NEW PU,564,17302,340835
27,OGUN,03,ADO ODO-OTA,10,ADO ODO II,001,27/03/10/001,METHODIST PRY. SCHOOL  I,EXISTING PU,564,17303,340836
27,OGUN,03,ADO ODO-OTA,10,ADO ODO II,002,27/03/10/002,METHODIST PRY. SCHOOL  II,EXISTING PU,564,17303,340837
27,OGUN,03,ADO ODO-OTA,10,ADO ODO II,003,27/03/10/003,A.U.D. SCHOOL ADO,EXISTING PU,564,17303,340838
27,OGUN,03,ADO ODO-OTA,10,ADO ODO II,004,27/03/10/004,AGUNLOYE MARKET  I,EXISTING PU,564,17303,340839
27,OGUN,03,ADO ODO-OTA,10,ADO ODO II,005,27/03/10/005,L.G SCH. IJIGBO,EXISTING PU,564,17303,340840
27,OGUN,03,ADO ODO-OTA,10,ADO ODO II,006,27/03/10/006,OKULUKU,EXISTING PU,564,17303,340841
27,OGUN,03,ADO ODO-OTA,10,ADO ODO II,007,27/03/10/007,ITA EGUN-NLA  II,EXISTING PU,564,17303,340842
27,OGUN,03,ADO ODO-OTA,10,ADO ODO II,008,27/03/10/008,ALL SAINTS SCHOOL ADO-ODO I,EXISTING PU,564,17303,340843
27,OGUN,03,ADO ODO-OTA,10,ADO ODO II,009,27/03/10/009,OPPOSITE  DISPENSARY,EXISTING PU,564,17303,340844
27,OGUN,03,ADO ODO-OTA,10,ADO ODO II,010,27/03/10/010,ADO-ODO HIGH SCHOOL,EXISTING PU,564,17303,340845
27,OGUN,03,ADO ODO-OTA,10,ADO ODO II,011,27/03/10/011,ALAMUWA GRAMMAR SCHOOL,EXISTING PU,564,17303,340846
27,OGUN,03,ADO ODO-OTA,10,ADO ODO II,012,27/03/10/012,ITA EGUN KEKERE,EXISTING PU,564,17303,340847
27,OGUN,03,ADO ODO-OTA,10,ADO ODO II,013,27/03/10/013,ALL SAINT'S SCHOOL ADO II,EXISTING PU,564,17303,340848
27,OGUN,03,ADO ODO-OTA,10,ADO ODO II,014,27/03/10/014,INFRONT OF AMINA HOSTEL (ALAGBE ESTATE),EXISTING PU,564,17303,340849
27,OGUN,03,ADO ODO-OTA,10,ADO ODO II,015,27/03/10/015,"ALAGBE ESTATE, IMALE FEALAFA",EXISTING PU,564,17303,340850
27,OGUN,03,ADO ODO-OTA,10,ADO ODO II,016,27/03/10/016,OPEN SPACE AT IGA AFAPE,NEW PU,564,17303,340851
27,OGUN,03,ADO ODO-OTA,10,ADO ODO II,017,27/03/10/017,OPEN SPACE AT ITA BOLODE,NEW PU,564,17303,340852
27,OGUN,03,ADO ODO-OTA,10,ADO ODO II,018,27/03/10/018,OPEN SPACE AT OKULUKU 2 ADJACENT JAMAT MOSQ. OKULUKU,NEW PU,564,17303,340853
27,OGUN,03,ADO ODO-OTA,10,ADO ODO II,019,27/03/10/019,OPEN SPACE AT WESLEY GUILD HOSPITAL,NEW PU,564,17303,340854
27,OGUN,03,ADO ODO-OTA,10,ADO ODO II,020,27/03/10/020,OPEN SPACE AT AFIJAGBOYE,NEW PU,564,17303,340855
27,OGUN,03,ADO ODO-OTA,11,ERE,001,27/03/11/001,ORITA IGBEKAN,EXISTING PU,564,17304,340856
27,OGUN,03,ADO ODO-OTA,11,ERE,002,27/03/11/002,METHODIST SCHOOL AGBOKU I,EXISTING PU,564,17304,340857
27,OGUN,03,ADO ODO-OTA,11,ERE,003,27/03/11/003,METHODIST SCHOOL AGBOKU II,EXISTING PU,564,17304,340858
27,OGUN,03,ADO ODO-OTA,11,ERE,004,27/03/11/004,HUNDO VILLAGE,EXISTING PU,564,17304,340859
27,OGUN,03,ADO ODO-OTA,11,ERE,005,27/03/11/005,L.G. SCHOOL AYEDE,EXISTING PU,564,17304,340860
27,OGUN,03,ADO ODO-OTA,11,ERE,006,27/03/11/006,ALAPARU IJEGEMO,EXISTING PU,564,17304,340861
27,OGUN,03,ADO ODO-OTA,11,ERE,007,27/03/11/007,TOYON HIGH SCHOOL,EXISTING PU,564,17304,340862
27,OGUN,03,ADO ODO-OTA,11,ERE,008,27/03/11/008,METHODIST SCHOOL ERE I,EXISTING PU,564,17304,340863
27,OGUN,03,ADO ODO-OTA,11,ERE,009,27/03/11/009,METHODIST SCHOOL ERE II,EXISTING PU,564,17304,340864
27,OGUN,03,ADO ODO-OTA,11,ERE,010,27/03/11/010,FOUR SQUARE CHURCH ILEJI,EXISTING PU,564,17304,340865
27,OGUN,03,ADO ODO-OTA,11,ERE,011,27/03/11/011,R.C.M. IKOGA - ILE,EXISTING PU,564,17304,340866
27,OGUN,03,ADO ODO-OTA,11,ERE,012,27/03/11/012,L.G. SCHOOL  AKONSUN,EXISTING PU,564,17304,340867
27,OGUN,03,ADO ODO-OTA,11,ERE,013,27/03/11/013,U.A.M.C. SCHOOL OKANRAN,EXISTING PU,564,17304,340868
27,OGUN,03,ADO ODO-OTA,11,ERE,014,27/03/11/014,OKANRAN TAFI,EXISTING PU,564,17304,340869
27,OGUN,03,ADO ODO-OTA,11,ERE,015,27/03/11/015,"A/C SCHOOL, BANDU",EXISTING PU,564,17304,340870
27,OGUN,03,ADO ODO-OTA,11,ERE,016,27/03/11/016,RCM SCH. EROKO ERUKU,EXISTING PU,564,17304,340871
27,OGUN,03,ADO ODO-OTA,11,ERE,017,27/03/11/017,L.G. SCHOOL - IJEGEMO,EXISTING PU,564,17304,340872
27,OGUN,03,ADO ODO-OTA,11,ERE,018,27/03/11/018,ASOKERE VILLAGE SQUARE,EXISTING PU,564,17304,340873
27,OGUN,03,ADO ODO-OTA,11,ERE,019,27/03/11/019,IDOLEHIN ISALE,EXISTING PU,564,17304,340874
27,OGUN,03,ADO ODO-OTA,11,ERE,020,27/03/11/020,PRY. SCHOOL IJIGBO,EXISTING PU,564,17304,340875
27,OGUN,03,ADO ODO-OTA,11,ERE,021,27/03/11/021,AGO SANGO IDOLEHIN,EXISTING PU,564,17304,340876
27,OGUN,03,ADO ODO-OTA,11,ERE,022,27/03/11/022,ONILOGBO,EXISTING PU,564,17304,340877
27,OGUN,03,ADO ODO-OTA,11,ERE,023,27/03/11/023,ITIRE R.C.M SCHOOL,EXISTING PU,564,17304,340878
27,OGUN,03,ADO ODO-OTA,11,ERE,024,27/03/11/024,ARIGBO VILLAGE SQUARE,EXISTING PU,564,17304,340879
27,OGUN,03,ADO ODO-OTA,11,ERE,025,27/03/11/025,"OPEN SPACE AT AGO BABALAWO JUNCTION, IDOLEHIN",NEW PU,564,17304,340880
27,OGUN,03,ADO ODO-OTA,11,ERE,026,27/03/11/026,"OPEN SPACE AT SEKENDE JUNCTION SEKENDE, ERE",NEW PU,564,17304,340881
27,OGUN,03,ADO ODO-OTA,11,ERE,027,27/03/11/027,OPEN SPACE AT KOSEMU JUNCTION,NEW PU,564,17304,340882
27,OGUN,03,ADO ODO-OTA,11,ERE,028,27/03/11/028,OPEN SPACE AT AGBOKU JUNCTION AGBOKU ERE,NEW PU,564,17304,340883
27,OGUN,03,ADO ODO-OTA,12,ALAPOTI,001,27/03/12/001,BAPTIST DAY SCHOOL OLORUN LEKE,EXISTING PU,564,17305,340884
27,OGUN,03,ADO ODO-OTA,12,ALAPOTI,002,27/03/12/002,C.A.C. SCHOOL ALAPOTI  I,EXISTING PU,564,17305,340885
27,OGUN,03,ADO ODO-OTA,12,ALAPOTI,003,27/03/12/003,C.A.C. SCHOOL ALAPOTI  II,EXISTING PU,564,17305,340886
27,OGUN,03,ADO ODO-OTA,12,ALAPOTI,004,27/03/12/004,U.A.M.C. DODO,EXISTING PU,564,17305,340887
27,OGUN,03,ADO ODO-OTA,12,ALAPOTI,005,27/03/12/005,INAWOLE - IDOSABA,EXISTING PU,564,17305,340888
27,OGUN,03,ADO ODO-OTA,12,ALAPOTI,006,27/03/12/006,IJIGBE,EXISTING PU,564,17305,340889
27,OGUN,03,ADO ODO-OTA,12,ALAPOTI,007,27/03/12/007,METH. PRY. SCH. IDOBARUN,EXISTING PU,564,17305,340890
27,OGUN,03,ADO ODO-OTA,12,ALAPOTI,008,27/03/12/008,R.C.M SCH. ISALU,EXISTING PU,564,17305,340891
27,OGUN,03,ADO ODO-OTA,12,ALAPOTI,009,27/03/12/009,OKO- OBA,EXISTING PU,564,17305,340892
27,OGUN,03,ADO ODO-OTA,12,ALAPOTI,010,27/03/12/010,E.A.C OLOPARUN I,EXISTING PU,564,17305,340893
27,OGUN,03,ADO ODO-OTA,12,ALAPOTI,011,27/03/12/011,E.A.C OLOPARUN II,EXISTING PU,564,17305,340894
27,OGUN,03,ADO ODO-OTA,12,ALAPOTI,012,27/03/12/012,IJOMO,EXISTING PU,564,17305,340895
27,OGUN,03,ADO ODO-OTA,12,ALAPOTI,013,27/03/12/013,U.A.M.C ELEMOKI,EXISTING PU,564,17305,340896
27,OGUN,03,ADO ODO-OTA,12,ALAPOTI,014,27/03/12/014,IBEKU -  PAPASA,EXISTING PU,564,17305,340897
27,OGUN,03,ADO ODO-OTA,12,ALAPOTI,015,27/03/12/015,IDIOTA,EXISTING PU,564,17305,340898
27,OGUN,03,ADO ODO-OTA,12,ALAPOTI,016,27/03/12/016,BAPTIST SCH. ILORO,EXISTING PU,564,17305,340899
27,OGUN,03,ADO ODO-OTA,12,ALAPOTI,017,27/03/12/017,BAPTIST DAY SCHOOL 2 OLORUNLEKE ALAPOTI,NEW PU,564,17305,340900
27,OGUN,03,ADO ODO-OTA,12,ALAPOTI,018,27/03/12/018,"OPEN SPACE AT SUNLIGHT CDA JUNCTION, OLORUNLEKE ALAPOTI",NEW PU,564,17305,340901
27,OGUN,03,ADO ODO-OTA,12,ALAPOTI,019,27/03/12/019,"OPEN SPACE AT OLORUNSOGO BUS-STOP IDIOTA, ALAPOTI",NEW PU,564,17305,340902
27,OGUN,03,ADO ODO-OTA,12,ALAPOTI,020,27/03/12/020,"OPEN SPACE AT IDOFE COMMUNITY ALONG ALAPOTI ADO-ODO ROAD, ALAPOTI",NEW PU,564,17305,340903
27,OGUN,03,ADO ODO-OTA,12,ALAPOTI,021,27/03/12/021,"COMMUNITY HALL ABEKOKO IDI OTA, ALAPOTI",NEW PU,564,17305,340904
27,OGUN,03,ADO ODO-OTA,12,ALAPOTI,022,27/03/12/022,"BESIDE TRANSFORMER, ALAAGBA ALAPOTI",NEW PU,564,17305,340905
27,OGUN,03,ADO ODO-OTA,12,ALAPOTI,023,27/03/12/023,YEMAA COMMUNITY GRAMMAR SCHOOL AROMOKALA,NEW PU,564,17305,340906
27,OGUN,03,ADO ODO-OTA,12,ALAPOTI,024,27/03/12/024,COMMUNITY HIGH SCHOOL ALAPOTI,NEW PU,564,17305,340907
27,OGUN,03,ADO ODO-OTA,12,ALAPOTI,025,27/03/12/025,"BESIDE TRANSFORMER AIT ROAD, NEW SATELLITE OLORUNLEKE",NEW PU,564,17305,340908
27,OGUN,03,ADO ODO-OTA,13,KETU-ADIE-OWE,001,27/03/13/001,L.G. SCHOOL IDANYIN,EXISTING PU,564,17306,340909
27,OGUN,03,ADO ODO-OTA,13,KETU-ADIE-OWE,002,27/03/13/002,L.G. SCHOOL KETU,EXISTING PU,564,17306,340910
27,OGUN,03,ADO ODO-OTA,13,KETU-ADIE-OWE,003,27/03/13/003,ALAGO VILLAGE SQUARE,EXISTING PU,564,17306,340911
27,OGUN,03,ADO ODO-OTA,13,KETU-ADIE-OWE,004,27/03/13/004,AJEROGUN VILLAGE SQUARE,EXISTING PU,564,17306,340912
27,OGUN,03,ADO ODO-OTA,13,KETU-ADIE-OWE,005,27/03/13/005,SALVATION ARMY SCH. IDOYE,EXISTING PU,564,17306,340913
27,OGUN,03,ADO ODO-OTA,13,KETU-ADIE-OWE,006,27/03/13/006,ATOKO VILLAGE SQUARE,EXISTING PU,564,17306,340914
27,OGUN,03,ADO ODO-OTA,13,KETU-ADIE-OWE,007,27/03/13/007,METHODIST SCHOOL ODUGBE,EXISTING PU,564,17306,340915
27,OGUN,03,ADO ODO-OTA,13,KETU-ADIE-OWE,008,27/03/13/008,L.G. SCHOOL EGUNDOBALE,EXISTING PU,564,17306,340916
27,OGUN,03,ADO ODO-OTA,13,KETU-ADIE-OWE,009,27/03/13/009,IREBALE/KUOYE/ISAGA,EXISTING PU,564,17306,340917
27,OGUN,03,ADO ODO-OTA,13,KETU-ADIE-OWE,010,27/03/13/010,EGUNTEDO,EXISTING PU,564,17306,340918
27,OGUN,03,ADO ODO-OTA,13,KETU-ADIE-OWE,011,27/03/13/011,AKINWUNMI VILLAGE SQUARE,EXISTING PU,564,17306,340919
27,OGUN,03,ADO ODO-OTA,13,KETU-ADIE-OWE,012,27/03/13/012,A/C SCHOOL AKOORE,EXISTING PU,564,17306,340920
27,OGUN,03,ADO ODO-OTA,13,KETU-ADIE-OWE,013,27/03/13/013,SALVATION ARMY SCHOOL EDU,EXISTING PU,564,17306,340921
27,OGUN,03,ADO ODO-OTA,13,KETU-ADIE-OWE,014,27/03/13/014,LUSADA MARKET SQUARE,EXISTING PU,564,17306,340922
27,OGUN,03,ADO ODO-OTA,13,KETU-ADIE-OWE,015,27/03/13/015,ISAGA,EXISTING PU,564,17306,340923
27,OGUN,03,ADO ODO-OTA,13,KETU-ADIE-OWE,016,27/03/13/016,"OPEN SPACE AT EGUDU ROAD, ESUPOFO",NEW PU,564,17306,340924
27,OGUN,03,ADO ODO-OTA,13,KETU-ADIE-OWE,017,27/03/13/017,"BESIDE TRANSFORMER AT GBEGOTHO ALADURA, IDANYIN",NEW PU,564,17306,340925
27,OGUN,03,ADO ODO-OTA,13,KETU-ADIE-OWE,018,27/03/13/018,"OPEN SPACE AT HUNTON ROAD,ALADAGON, IDANYIN",NEW PU,564,17306,340926
27,OGUN,03,ADO ODO-OTA,13,KETU-ADIE-OWE,019,27/03/13/019,BESIDE TRANSFORMER AT GBASUKANJI IDANYIN,NEW PU,564,17306,340927
27,OGUN,03,ADO ODO-OTA,13,KETU-ADIE-OWE,020,27/03/13/020,OPEN SPACE AT ORILOWO  GASLINE IDANYIN,NEW PU,564,17306,340928
27,OGUN,03,ADO ODO-OTA,13,KETU-ADIE-OWE,021,27/03/13/021,INFONT OF NETWORK MAST AT AKINWUNMI ROAD KETU,NEW PU,564,17306,340929
27,OGUN,03,ADO ODO-OTA,13,KETU-ADIE-OWE,022,27/03/13/022,OPEN SPACE BY VILLAGE SQUARE  IDANYIN ITAKETE,NEW PU,564,17306,340930
27,OGUN,03,ADO ODO-OTA,13,KETU-ADIE-OWE,023,27/03/13/023,OPEN SPACE BY VILLAGE SQUARE  IDANYIN ISAGA,NEW PU,564,17306,340931
27,OGUN,03,ADO ODO-OTA,13,KETU-ADIE-OWE,024,27/03/13/024,ADIE OWE COMMUNITY HIGH SCHOOL PARAMOLE,NEW PU,564,17306,340932
27,OGUN,03,ADO ODO-OTA,13,KETU-ADIE-OWE,025,27/03/13/025,OPENSPACE BY TOWNHALL KUMAPAYI,NEW PU,564,17306,340933
27,OGUN,03,ADO ODO-OTA,13,KETU-ADIE-OWE,026,27/03/13/026,COMMUNITY TOWN HALL AGO ATAN,NEW PU,564,17306,340934
27,OGUN,03,ADO ODO-OTA,13,KETU-ADIE-OWE,027,27/03/13/027,OPEN SPACE NEAR TRANSFORMER AGBOGUN,NEW PU,564,17306,340935
27,OGUN,03,ADO ODO-OTA,13,KETU-ADIE-OWE,028,27/03/13/028,EDU/AGBARA COMMUNITY SENIOR HIGH SCHOOL,NEW PU,564,17306,340936
27,OGUN,03,ADO ODO-OTA,13,KETU-ADIE-OWE,029,27/03/13/029,OPENSPACE BY IJURI/MUTUN ON AGBARA ROAD OPPOSITE ADEOLU PETROL,NEW PU,564,17306,340937
27,OGUN,03,ADO ODO-OTA,13,KETU-ADIE-OWE,030,27/03/13/030,OPENSPACE JUST AFTER LUSADA/IGBESA TOLL GATE IYANA OSUN,NEW PU,564,17306,340938
27,OGUN,03,ADO ODO-OTA,14,IGBESA,001,27/03/14/001,BAPTIST DAY SCHOOL,EXISTING PU,564,17307,340939
27,OGUN,03,ADO ODO-OTA,14,IGBESA,002,27/03/14/002,"L.G. SCHOOL, IGBESA  I",EXISTING PU,564,17307,340940
27,OGUN,03,ADO ODO-OTA,14,IGBESA,003,27/03/14/003,"L.G. SCHOOL, IGBESA  II",EXISTING PU,564,17307,340941
27,OGUN,03,ADO ODO-OTA,14,IGBESA,004,27/03/14/004,MOTOR PARK,EXISTING PU,564,17307,340942
27,OGUN,03,ADO ODO-OTA,14,IGBESA,005,27/03/14/005,ESA OGONA I,EXISTING PU,564,17307,340943
27,OGUN,03,ADO ODO-OTA,14,IGBESA,006,27/03/14/006,ALL SAINTS ANG. SCHOOL I,EXISTING PU,564,17307,340944
27,OGUN,03,ADO ODO-OTA,14,IGBESA,007,27/03/14/007,IGBESA HIGH SCHOOL,EXISTING PU,564,17307,340945
27,OGUN,03,ADO ODO-OTA,14,IGBESA,008,27/03/14/008,SAL. ARMY SCHOOL,EXISTING PU,564,17307,340946
27,OGUN,03,ADO ODO-OTA,14,IGBESA,009,27/03/14/009,L.G ELERO,EXISTING PU,564,17307,340947
27,OGUN,03,ADO ODO-OTA,14,IGBESA,010,27/03/14/010,NEAR OBA'S PALACE I,EXISTING PU,564,17307,340948
27,OGUN,03,ADO ODO-OTA,14,IGBESA,011,27/03/14/011,NEAR OBA'S PALACE II,EXISTING PU,564,17307,340949
27,OGUN,03,ADO ODO-OTA,14,IGBESA,012,27/03/14/012,ESA OGONA II,EXISTING PU,564,17307,340950
27,OGUN,03,ADO ODO-OTA,14,IGBESA,013,27/03/14/013,CHINA NIGERIA FRIENDSHIP MODEL SCHOOL,NEW PU,564,17307,340951
27,OGUN,03,ADO ODO-OTA,14,IGBESA,014,27/03/14/014,"OPEN SPACE AT BOLAGBE STREET, OSI IGBESA",NEW PU,564,17307,340952
27,OGUN,03,ADO ODO-OTA,14,IGBESA,015,27/03/14/015,"OPEN SPACE IKESE ROAD, IGBESA",NEW PU,564,17307,340953
27,OGUN,03,ADO ODO-OTA,14,IGBESA,016,27/03/14/016,"OPEN SPACE AT ADEOYE STREET, ILALI , IGBESA",NEW PU,564,17307,340954
27,OGUN,03,ADO ODO-OTA,14,IGBESA,017,27/03/14/017,"OPPOSITE OGUN GUANGDONG FREE TRADE ZONE GATE, ILALI",NEW PU,564,17307,340955
27,OGUN,03,ADO ODO-OTA,14,IGBESA,018,27/03/14/018,"OPEN SPACE AT OJU ROAD BY SUNMIBARE STREET, IGBESA",NEW PU,564,17307,340956
27,OGUN,03,ADO ODO-OTA,14,IGBESA,019,27/03/14/019,"OPEN SPACE AT IJAGBA ILAMIRO, IGBESA",NEW PU,564,17307,340957
27,OGUN,03,ADO ODO-OTA,14,IGBESA,020,27/03/14/020,"OPEN SPACE BESIDE PUBLIC WATER, PANADA, JUNCTION, IGBESA",NEW PU,564,17307,340958
27,OGUN,03,ADO ODO-OTA,14,IGBESA,021,27/03/14/021,OPEN SPACE OPP. OGUN GUANGDONG FREE TRADE ZONE II IGBESA,NEW PU,564,17307,340959
27,OGUN,03,ADO ODO-OTA,14,IGBESA,022,27/03/14/022,OPEN SPACE AT IYANA OSHUN BESIDES RONAUT FILLING STATION LUSADA IGBESA,NEW PU,564,17307,340960
27,OGUN,03,ADO ODO-OTA,14,IGBESA,023,27/03/14/023,MAALE COMPREHENSIVE HIGH SCHOOL.,NEW PU,564,17307,340961
27,OGUN,03,ADO ODO-OTA,15,AGBARA  I,001,27/03/15/001,SALVATION ARMY SCHOOL I,EXISTING PU,564,17308,340962
27,OGUN,03,ADO ODO-OTA,15,AGBARA  I,002,27/03/15/002,OPIC AREA,EXISTING PU,564,17308,340963
27,OGUN,03,ADO ODO-OTA,15,AGBARA  I,003,27/03/15/003,AGBARA ESTATE  I,EXISTING PU,564,17308,340964
27,OGUN,03,ADO ODO-OTA,15,AGBARA  I,004,27/03/15/004,AGBARA ESTATE  II,EXISTING PU,564,17308,340965
27,OGUN,03,ADO ODO-OTA,15,AGBARA  I,005,27/03/15/005,L.G. SCHOOL IGERE,EXISTING PU,564,17308,340966
27,OGUN,03,ADO ODO-OTA,15,AGBARA  I,006,27/03/15/006,ODAN,EXISTING PU,564,17308,340967
27,OGUN,03,ADO ODO-OTA,15,AGBARA  I,007,27/03/15/007,IPETEDO/IPERIN,EXISTING PU,564,17308,340968
27,OGUN,03,ADO ODO-OTA,15,AGBARA  I,008,27/03/15/008,DIYA GATE,EXISTING PU,564,17308,340969
27,OGUN,03,ADO ODO-OTA,15,AGBARA  I,009,27/03/15/009,JIDA AREA,EXISTING PU,564,17308,340970
27,OGUN,03,ADO ODO-OTA,15,AGBARA  I,010,27/03/15/010,KOROGBEJI,EXISTING PU,564,17308,340971
27,OGUN,03,ADO ODO-OTA,15,AGBARA  I,011,27/03/15/011,ISALE JIDA,EXISTING PU,564,17308,340972
27,OGUN,03,ADO ODO-OTA,15,AGBARA  I,012,27/03/15/012,ISALE AGBARA,EXISTING PU,564,17308,340973
27,OGUN,03,ADO ODO-OTA,15,AGBARA  I,013,27/03/15/013,SALVATION ARMY SCHOOL II,EXISTING PU,564,17308,340974
27,OGUN,03,ADO ODO-OTA,15,AGBARA  I,014,27/03/15/014,MEDINA ESTATE,EXISTING PU,564,17308,340975
27,OGUN,03,ADO ODO-OTA,15,AGBARA  I,015,27/03/15/015,RING ROAD JAMAICA OPP DEEPER LIFE ISALE ODAN,NEW PU,564,17308,340976
27,OGUN,03,ADO ODO-OTA,15,AGBARA  I,016,27/03/15/016,IKORE ILASHE BESIDE TRANSFORMER,NEW PU,564,17308,340977
27,OGUN,03,ADO ODO-OTA,15,AGBARA  I,017,27/03/15/017,CORPERS LODGE AGO EYO,NEW PU,564,17308,340978
27,OGUN,03,ADO ODO-OTA,15,AGBARA  I,018,27/03/15/018,OPEN SPACE AT 13 FIRST AVENUE ILUPEJU,NEW PU,564,17308,340979
27,OGUN,03,ADO ODO-OTA,15,AGBARA  I,019,27/03/15/019,OPEN SPACE AT WHITE SQUARE JUNCTION PETEDO,NEW PU,564,17308,340980
27,OGUN,03,ADO ODO-OTA,15,AGBARA  I,020,27/03/15/020,LGA SCHOOL IGERE/ IHUNSA AGBARA,NEW PU,564,17308,340981
27,OGUN,03,ADO ODO-OTA,15,AGBARA  I,021,27/03/15/021,OPEN SPACE AT TRAILER PARK OPP FILLING STATION MEDINA,NEW PU,564,17308,340982
27,OGUN,03,ADO ODO-OTA,15,AGBARA  I,022,27/03/15/022,OPEN SPACE AT FIRST AVENUE MEDINA ESTATE,NEW PU,564,17308,340983
27,OGUN,03,ADO ODO-OTA,15,AGBARA  I,023,27/03/15/023,OPEN SPACE BESIDE AMOSCO BLOCK OPP MAVICH SCHOOL,NEW PU,564,17308,340984
27,OGUN,03,ADO ODO-OTA,15,AGBARA  I,024,27/03/15/024,OPEN SPACE AT USANI AVENUE JUNCTION,NEW PU,564,17308,340985
27,OGUN,03,ADO ODO-OTA,15,AGBARA  I,025,27/03/15/025,OPEN SPACE OPP AGBARA PRAYER GROUND,NEW PU,564,17308,340986
27,OGUN,03,ADO ODO-OTA,15,AGBARA  I,026,27/03/15/026,MARRIAGE REGISTRY ALAMOGUN HALL AGBARA,NEW PU,564,17308,340987
27,OGUN,03,ADO ODO-OTA,16,AGBARA/EJILA AWORI,001,27/03/16/001,L.G. SCHOOL IPATIRA  I,EXISTING PU,564,17309,340988
27,OGUN,03,ADO ODO-OTA,16,AGBARA/EJILA AWORI,002,27/03/16/002,L.G. SCHOOL IPATIRA  II,EXISTING PU,564,17309,340989
27,OGUN,03,ADO ODO-OTA,16,AGBARA/EJILA AWORI,003,27/03/16/003,ST. JUDE'S ANG. SCHOOL ITEKUN,EXISTING PU,564,17309,340990
27,OGUN,03,ADO ODO-OTA,16,AGBARA/EJILA AWORI,004,27/03/16/004,IMOLE VILLAGE SQUARE,EXISTING PU,564,17309,340991
27,OGUN,03,ADO ODO-OTA,16,AGBARA/EJILA AWORI,005,27/03/16/005,A.U.D. SCHOOL. EWUTAGBE,EXISTING PU,564,17309,340992
27,OGUN,03,ADO ODO-OTA,16,AGBARA/EJILA AWORI,006,27/03/16/006,A/C SCHOOL ODAN ABUJA  I,EXISTING PU,564,17309,340993
27,OGUN,03,ADO ODO-OTA,16,AGBARA/EJILA AWORI,007,27/03/16/007,A/C SCHOOL ODAN ABUJA  II,EXISTING PU,564,17309,340994
27,OGUN,03,ADO ODO-OTA,16,AGBARA/EJILA AWORI,008,27/03/16/008,A U D IKOGBO I (IMOLE VILLAGE SQUARE),EXISTING PU,564,17309,340995
27,OGUN,03,ADO ODO-OTA,16,AGBARA/EJILA AWORI,009,27/03/16/009,AGELETE VILLAGE,EXISTING PU,564,17309,340996
27,OGUN,03,ADO ODO-OTA,16,AGBARA/EJILA AWORI,010,27/03/16/010,AGBO-ODO VILLAGE,EXISTING PU,564,17309,340997
27,OGUN,03,ADO ODO-OTA,16,AGBARA/EJILA AWORI,011,27/03/16/011,A.U.D. SCHOOL I IKOGBO II,EXISTING PU,564,17309,340998
27,OGUN,03,ADO ODO-OTA,16,AGBARA/EJILA AWORI,012,27/03/16/012,IMUTA VILLAGE SQUARE,NEW PU,564,17309,340999
27,OGUN,03,ADO ODO-OTA,16,AGBARA/EJILA AWORI,013,27/03/16/013,HIGH SCHOOL ODAN ABUJA SULE EJILA AWORI,NEW PU,564,17309,341000
27,OGUN,03,ADO ODO-OTA,16,AGBARA/EJILA AWORI,014,27/03/16/014,"ST JUDE'S PRY SCHOOL, ITEKUN",NEW PU,564,17309,341001
27,OGUN,03,ADO ODO-OTA,16,AGBARA/EJILA AWORI,015,27/03/16/015,ORIOKUTA VILLAGE SQUARE,NEW PU,564,17309,341002
27,OGUN,03,ADO ODO-OTA,16,AGBARA/EJILA AWORI,016,27/03/16/016,COMMUNITY HIGH SCHOOL ITEKUN,NEW PU,564,17309,341003
27,OGUN,03,ADO ODO-OTA,16,AGBARA/EJILA AWORI,017,27/03/16/017,"ST JUDE'S PRY SCHOOL, ITEKUN",NEW PU,564,17309,341004
27,OGUN,03,ADO ODO-OTA,16,AGBARA/EJILA AWORI,018,27/03/16/018,"ALONG ITEKUN ROAD, BESIDE POULTRY JUNCTION",NEW PU,564,17309,341005
27,OGUN,03,ADO ODO-OTA,16,AGBARA/EJILA AWORI,019,27/03/16/019,"OPEN SPACE BESIDE PALACE, ILOYI VILLAGE AKINLAJA",NEW PU,564,17309,341006
27,OGUN,03,ADO ODO-OTA,16,AGBARA/EJILA AWORI,020,27/03/16/020,"BESIDE IFELODUN PLANK MARKET,",NEW PU,564,17309,341007
27,OGUN,03,ADO ODO-OTA,16,AGBARA/EJILA AWORI,021,27/03/16/021,OPEN SPACE ILOBE/ IMOTA TOWN HALL,NEW PU,564,17309,341008
27,OGUN,03,ADO ODO-OTA,16,AGBARA/EJILA AWORI,022,27/03/16/022,"IN FRONT OF TRANSFORMER, AT CATERPILLAR 4 JUNCTION",NEW PU,564,17309,341009
27,OGUN,03,ADO ODO-OTA,16,AGBARA/EJILA AWORI,023,27/03/16/023,OPEN SPACE AT IGBO/OTA NEW SITE,NEW PU,564,17309,341010
27,OGUN,03,ADO ODO-OTA,16,AGBARA/EJILA AWORI,024,27/03/16/024,"L.G. PRY SCHOOL II, TOTOWU",NEW PU,564,17309,341011
27,OGUN,03,ADO ODO-OTA,16,AGBARA/EJILA AWORI,025,27/03/16/025,"OPEN SPACE BESIDE PRAYING GROUND, IGBERIN IGBODO, EJILA AWORI",NEW PU,564,17309,341012
27,OGUN,04,EGBADO NORTH,01,IDO FOI,001,27/04/01/001,ITA AGBERIDO,EXISTING PU,565,17310,341013
27,OGUN,04,EGBADO NORTH,01,IDO FOI,002,27/04/01/002,ITA KOSO/SASA,EXISTING PU,565,17310,341014
27,OGUN,04,EGBADO NORTH,01,IDO FOI,003,27/04/01/003,AYE TORO MOTOR PARK,EXISTING PU,565,17310,341015
27,OGUN,04,EGBADO NORTH,01,IDO FOI,004,27/04/01/004,ITA BAALE OLOWONYO,EXISTING PU,565,17310,341016
27,OGUN,04,EGBADO NORTH,01,IDO FOI,005,27/04/01/005,ROCK OF AGES I,EXISTING PU,565,17310,341017
27,OGUN,04,EGBADO NORTH,01,IDO FOI,006,27/04/01/006,ROCK OF AGES II,EXISTING PU,565,17310,341018
27,OGUN,04,EGBADO NORTH,01,IDO FOI,007,27/04/01/007,NEAR POST OFFICE I,EXISTING PU,565,17310,341019
27,OGUN,04,EGBADO NORTH,01,IDO FOI,008,27/04/01/008,NEAR POST OFFICE II,EXISTING PU,565,17310,341020
27,OGUN,04,EGBADO NORTH,01,IDO FOI,009,27/04/01/009,BAPTIST SCHOOL AGBORO,EXISTING PU,565,17310,341021
27,OGUN,04,EGBADO NORTH,01,IDO FOI,010,27/04/01/010,AKANNI OKE VILLAGE,EXISTING PU,565,17310,341022
27,OGUN,04,EGBADO NORTH,01,IDO FOI,011,27/04/01/011,Y.N.L.G. SCHOOL BAMAJO,EXISTING PU,565,17310,341023
27,OGUN,04,EGBADO NORTH,01,IDO FOI,012,27/04/01/012,METHODIST SCHOOL IGBOORI,EXISTING PU,565,17310,341024
27,OGUN,04,EGBADO NORTH,01,IDO FOI,013,27/04/01/013,ABULE IYA KEKERE,EXISTING PU,565,17310,341025
27,OGUN,04,EGBADO NORTH,01,IDO FOI,014,27/04/01/014,ABULE YEWA DISU,EXISTING PU,565,17310,341026
27,OGUN,04,EGBADO NORTH,01,IDO FOI,015,27/04/01/015,Y.N.L.G. SCHOOL YEWA KETU,EXISTING PU,565,17310,341027
27,OGUN,04,EGBADO NORTH,01,IDO FOI,016,27/04/01/016,COMM. PRY. SCHOOL SEKERE,EXISTING PU,565,17310,341028
27,OGUN,04,EGBADO NORTH,01,IDO FOI,017,27/04/01/017,A.U.D. SCHOOL OPETE,EXISTING PU,565,17310,341029
27,OGUN,04,EGBADO NORTH,01,IDO FOI,018,27/04/01/018,FRONT OF LICENSING OFFICE,EXISTING PU,565,17310,341030
27,OGUN,04,EGBADO NORTH,01,IDO FOI,019,27/04/01/019,OBIRI VILLAGE,EXISTING PU,565,17310,341031
27,OGUN,04,EGBADO NORTH,01,IDO FOI,020,27/04/01/020,COMM. PRY. SCHOOL ATOKUN,EXISTING PU,565,17310,341032
27,OGUN,04,EGBADO NORTH,01,IDO FOI,021,27/04/01/021,ITA AFOYINSEBE,EXISTING PU,565,17310,341033
27,OGUN,04,EGBADO NORTH,01,IDO FOI,022,27/04/01/022,AWELA OLATUNJI,EXISTING PU,565,17310,341034
27,OGUN,04,EGBADO NORTH,01,IDO FOI,023,27/04/01/023,ITA BALE MOROWOSOLA,EXISTING PU,565,17310,341035
27,OGUN,04,EGBADO NORTH,01,IDO FOI,024,27/04/01/024,ARMY CHILDREN SCH,EXISTING PU,565,17310,341036
27,OGUN,04,EGBADO NORTH,01,IDO FOI,025,27/04/01/025,ITA DANDY IDAGBA,EXISTING PU,565,17310,341037
27,OGUN,04,EGBADO NORTH,01,IDO FOI,026,27/04/01/026,IDO FOI TOWN HALL,EXISTING PU,565,17310,341038
27,OGUN,04,EGBADO NORTH,01,IDO FOI,027,27/04/01/027,ITA DUROSIMI,EXISTING PU,565,17310,341039
27,OGUN,04,EGBADO NORTH,01,IDO FOI,028,27/04/01/028,"OPEN SPACE  YAKOYO, IDOFOI",NEW PU,565,17310,341040
27,OGUN,04,EGBADO NORTH,01,IDO FOI,029,27/04/01/029,"MATERNITY CENTRE, ATOKUN",NEW PU,565,17310,341041
27,OGUN,04,EGBADO NORTH,01,IDO FOI,030,27/04/01/030,"WELDER ASSOCIATION SECRETARIAT, AJEGUNLE, IDAGBA",NEW PU,565,17310,341042
27,OGUN,04,EGBADO NORTH,02,AYE TORO  I,001,27/04/02/001,A/C SCHOOL AYE TORO,EXISTING PU,565,17311,341043
27,OGUN,04,EGBADO NORTH,02,AYE TORO  I,002,27/04/02/002,"NEAR THE PALACE, AYETORO",EXISTING PU,565,17311,341044
27,OGUN,04,EGBADO NORTH,02,AYE TORO  I,003,27/04/02/003,NEAR JOLAN BLOCK INDUSTRY,EXISTING PU,565,17311,341045
27,OGUN,04,EGBADO NORTH,02,AYE TORO  I,004,27/04/02/004,NEAR JOLAN BLOCK INDUSTRY,EXISTING PU,565,17311,341046
27,OGUN,04,EGBADO NORTH,02,AYE TORO  I,005,27/04/02/005,COMPRO GATE  I,EXISTING PU,565,17311,341047
27,OGUN,04,EGBADO NORTH,02,AYE TORO  I,006,27/04/02/006,FRONT OF OBALAJU HALL,EXISTING PU,565,17311,341048
27,OGUN,04,EGBADO NORTH,02,AYE TORO  I,007,27/04/02/007,FRONT OF OBALAJU HALL,EXISTING PU,565,17311,341049
27,OGUN,04,EGBADO NORTH,02,AYE TORO  I,008,27/04/02/008,ITA OLALEYE,EXISTING PU,565,17311,341050
27,OGUN,04,EGBADO NORTH,02,AYE TORO  I,009,27/04/02/009,ITA OLALEYE,EXISTING PU,565,17311,341051
27,OGUN,04,EGBADO NORTH,02,AYE TORO  I,010,27/04/02/010,ITA OPEBIYI,EXISTING PU,565,17311,341052
27,OGUN,04,EGBADO NORTH,02,AYE TORO  I,011,27/04/02/011,NEAR BOOMO MOSQUE  I,EXISTING PU,565,17311,341053
27,OGUN,04,EGBADO NORTH,02,AYE TORO  I,012,27/04/02/012,ITA ADARALOYE,EXISTING PU,565,17311,341054
27,OGUN,04,EGBADO NORTH,02,AYE TORO  I,013,27/04/02/013,ITA OLOWU,EXISTING PU,565,17311,341055
27,OGUN,04,EGBADO NORTH,02,AYE TORO  I,014,27/04/02/014,MECHANIC JUNCTION,EXISTING PU,565,17311,341056
27,OGUN,04,EGBADO NORTH,02,AYE TORO  I,015,27/04/02/015,"ITA DADA JOGA, AYE TORO",EXISTING PU,565,17311,341057
27,OGUN,04,EGBADO NORTH,02,AYE TORO  I,016,27/04/02/016,BOOMO MOSQUE II,EXISTING PU,565,17311,341058
27,OGUN,04,EGBADO NORTH,02,AYE TORO  I,017,27/04/02/017,"ITA BAALE, EEMADO",EXISTING PU,565,17311,341059
27,OGUN,04,EGBADO NORTH,02,AYE TORO  I,018,27/04/02/018,ITA J. K.,EXISTING PU,565,17311,341060
27,OGUN,04,EGBADO NORTH,02,AYE TORO  I,019,27/04/02/019,COMPRO. GATE II,EXISTING PU,565,17311,341061
27,OGUN,04,EGBADO NORTH,02,AYE TORO  I,020,27/04/02/020,"NEAR BAPTIST CHURCH,ILUPEJU, AYETORO",NEW PU,565,17311,341062
27,OGUN,04,EGBADO NORTH,02,AYE TORO  I,021,27/04/02/021,"COMMUNITY PRY SCHOOL,IGBOLE-AIBO, AYETORO",NEW PU,565,17311,341063
27,OGUN,04,EGBADO NORTH,02,AYE TORO  I,022,27/04/02/022,"AJODA HIGH SCHOOL, JOGA, AYETORO",NEW PU,565,17311,341064
27,OGUN,04,EGBADO NORTH,02,AYE TORO  I,023,27/04/02/023,"HOUSING  ESTATE, AYETORO",NEW PU,565,17311,341065
27,OGUN,04,EGBADO NORTH,03,AYE TORO  II,001,27/04/03/001,ITA EGUNJOBI,EXISTING PU,565,17312,341066
27,OGUN,04,EGBADO NORTH,03,AYE TORO  II,002,27/04/03/002,"CUSTOMARY COURT, AIBO",EXISTING PU,565,17312,341067
27,OGUN,04,EGBADO NORTH,03,AYE TORO  II,003,27/04/03/003,OJA BAALE SAALA,EXISTING PU,565,17312,341068
27,OGUN,04,EGBADO NORTH,03,AYE TORO  II,004,27/04/03/004,ITA MOSALASI SAALA,EXISTING PU,565,17312,341069
27,OGUN,04,EGBADO NORTH,03,AYE TORO  II,005,27/04/03/005,"Y.N.L.G. SCHOOL, SAALA",EXISTING PU,565,17312,341070
27,OGUN,04,EGBADO NORTH,03,AYE TORO  II,006,27/04/03/006,"A.U.D. SCHOOL I, AYETORO",EXISTING PU,565,17312,341071
27,OGUN,04,EGBADO NORTH,03,AYE TORO  II,007,27/04/03/007,C.A.C. SCHOOL AGO-IMALA  I,EXISTING PU,565,17312,341072
27,OGUN,04,EGBADO NORTH,03,AYE TORO  II,008,27/04/03/008,ITA GBANKA,EXISTING PU,565,17312,341073
27,OGUN,04,EGBADO NORTH,03,AYE TORO  II,009,27/04/03/009,U.P.S. AYETORO  I,EXISTING PU,565,17312,341074
27,OGUN,04,EGBADO NORTH,03,AYE TORO  II,010,27/04/03/010,ITA BABA MOGBA,EXISTING PU,565,17312,341075
27,OGUN,04,EGBADO NORTH,03,AYE TORO  II,011,27/04/03/011,OLD ILARO MOTOR PARK,EXISTING PU,565,17312,341076
27,OGUN,04,EGBADO NORTH,03,AYE TORO  II,012,27/04/03/012,OLD LOCAL GOVT. SECRETARIAT,EXISTING PU,565,17312,341077
27,OGUN,04,EGBADO NORTH,03,AYE TORO  II,013,27/04/03/013,C.A.C. SCHOOL - AGO-IMALA  II,EXISTING PU,565,17312,341078
27,OGUN,04,EGBADO NORTH,03,AYE TORO  II,014,27/04/03/014,U.P.S. SCHOOL II - AYETORO,EXISTING PU,565,17312,341079
27,OGUN,04,EGBADO NORTH,03,AYE TORO  II,015,27/04/03/015,NEAR ITA EGUNJOBI  II,NEW PU,565,17312,341080
27,OGUN,04,EGBADO NORTH,03,AYE TORO  II,016,27/04/03/016,"AIBO TOWN HALL, AIBO",NEW PU,565,17312,341081
27,OGUN,04,EGBADO NORTH,03,AYE TORO  II,017,27/04/03/017,OPEN  SPACE AT GENERAL HOSPITAL,NEW PU,565,17312,341082
27,OGUN,04,EGBADO NORTH,03,AYE TORO  II,018,27/04/03/018,"ALAYE HIGH SCHOOL, AYETORO",NEW PU,565,17312,341083
27,OGUN,04,EGBADO NORTH,03,AYE TORO  II,019,27/04/03/019,"A.U.D PRY SCHOOL II, OKE ROORI",NEW PU,565,17312,341084
27,OGUN,04,EGBADO NORTH,03,AYE TORO  II,020,27/04/03/020,"OPEN SPACE AT YNLG MATERNITY CENTRE, AIBO",NEW PU,565,17312,341085
27,OGUN,04,EGBADO NORTH,04,SUNWA,001,27/04/04/001,"OKE OYINBO, SAALA ORILE SCHOOL",EXISTING PU,565,17313,341086
27,OGUN,04,EGBADO NORTH,04,SUNWA,002,27/04/04/002,R.C.M./IJAKA OKE,EXISTING PU,565,17313,341087
27,OGUN,04,EGBADO NORTH,04,SUNWA,003,27/04/04/003,"ITA OJA, SAALA ORILE",EXISTING PU,565,17313,341088
27,OGUN,04,EGBADO NORTH,04,SUNWA,004,27/04/04/004,C.A.C. SCHOOL SUNWA,EXISTING PU,565,17313,341089
27,OGUN,04,EGBADO NORTH,04,SUNWA,005,27/04/04/005,"Y.N.L.G. SCHOOL, ERINPA",EXISTING PU,565,17313,341090
27,OGUN,04,EGBADO NORTH,04,SUNWA,006,27/04/04/006,"METHODIST SCHOOL, IGAN OKOTO",EXISTING PU,565,17313,341091
27,OGUN,04,EGBADO NORTH,04,SUNWA,007,27/04/04/007,"ITA OJA, IGAN-OKOTO",EXISTING PU,565,17313,341092
27,OGUN,04,EGBADO NORTH,04,SUNWA,008,27/04/04/008,COMM. HALL SAWONJO,EXISTING PU,565,17313,341093
27,OGUN,04,EGBADO NORTH,04,SUNWA,009,27/04/04/009,ITA AREKE  I,EXISTING PU,565,17313,341094
27,OGUN,04,EGBADO NORTH,04,SUNWA,010,27/04/04/010,ITA AREKE  II,EXISTING PU,565,17313,341095
27,OGUN,04,EGBADO NORTH,04,SUNWA,011,27/04/04/011,U.N.A. SCHOOL ABULE TAIWO,EXISTING PU,565,17313,341096
27,OGUN,04,EGBADO NORTH,04,SUNWA,012,27/04/04/012,"BAPT. DAY SCHOOL, IJAKA-ISALE",EXISTING PU,565,17313,341097
27,OGUN,04,EGBADO NORTH,04,SUNWA,013,27/04/04/013,Y.N.L.G. SCHOOL AGBAWO,EXISTING PU,565,17313,341098
27,OGUN,04,EGBADO NORTH,04,SUNWA,014,27/04/04/014,FARM SETTLEMENT SAWONJO,EXISTING PU,565,17313,341099
27,OGUN,04,EGBADO NORTH,04,SUNWA,015,27/04/04/015,"MOTOR PARK, IGAN - OKOTO",EXISTING PU,565,17313,341100
27,OGUN,04,EGBADO NORTH,04,SUNWA,016,27/04/04/016,"ITA AMOSA, IGAN - OKOTO",EXISTING PU,565,17313,341101
27,OGUN,04,EGBADO NORTH,04,SUNWA,017,27/04/04/017,BAPTIST DAY SCHOOL IJAKA-ISALE  II,EXISTING PU,565,17313,341102
27,OGUN,04,EGBADO NORTH,04,SUNWA,018,27/04/04/018,AGBAIGBA  COMMUNITY HIGH SCHOOL,NEW PU,565,17313,341103
27,OGUN,04,EGBADO NORTH,04,SUNWA,019,27/04/04/019,"COMMUNITY PRY SCHOOL,OLOROGBO",NEW PU,565,17313,341104
27,OGUN,04,EGBADO NORTH,04,SUNWA,020,27/04/04/020,"NEAR ITA BAALE, ARAROMI AJANA",NEW PU,565,17313,341105
27,OGUN,04,EGBADO NORTH,04,SUNWA,021,27/04/04/021,"METHODIST PRY SCHOOL, SAWONJO",NEW PU,565,17313,341106
27,OGUN,04,EGBADO NORTH,05,IBORO/JOGA,001,27/04/05/001,NEAR DISPENSARY IBOORO  I,EXISTING PU,565,17314,341107
27,OGUN,04,EGBADO NORTH,05,IBORO/JOGA,002,27/04/05/002,NEAR DISPENSARY IBOORO  II,EXISTING PU,565,17314,341108
27,OGUN,04,EGBADO NORTH,05,IBORO/JOGA,003,27/04/05/003,"NEAR ANGLICAN CHURCH, IBOORO",EXISTING PU,565,17314,341109
27,OGUN,04,EGBADO NORTH,05,IBORO/JOGA,004,27/04/05/004,ST. JOHN PRY. SCHOOL IJAKO,EXISTING PU,565,17314,341110
27,OGUN,04,EGBADO NORTH,05,IBORO/JOGA,005,27/04/05/005,"ST. PETER'S PRY SCHOOL, JOGA",EXISTING PU,565,17314,341111
27,OGUN,04,EGBADO NORTH,05,IBORO/JOGA,006,27/04/05/006,OBALAJU HALL JOGA,EXISTING PU,565,17314,341112
27,OGUN,04,EGBADO NORTH,05,IBORO/JOGA,007,27/04/05/007,"MARKET SQUARE, JOGA  I",EXISTING PU,565,17314,341113
27,OGUN,04,EGBADO NORTH,05,IBORO/JOGA,008,27/04/05/008,"MARKET SQUARE, JOGA  II",EXISTING PU,565,17314,341114
27,OGUN,04,EGBADO NORTH,05,IBORO/JOGA,009,27/04/05/009,EYINNI COMPREHENSIVE HIGH SCHOOL,NEW PU,565,17314,341115
27,OGUN,04,EGBADO NORTH,05,IBORO/JOGA,010,27/04/05/010,ILUJODA/ IBOORO HEALTH CENTRE,NEW PU,565,17314,341116
27,OGUN,04,EGBADO NORTH,05,IBORO/JOGA,011,27/04/05/011,ABEPA MARKET JOGA ORILE,NEW PU,565,17314,341117
27,OGUN,04,EGBADO NORTH,06,IMASAI,001,27/04/06/001,CHRIST CHURCH SCHOOL - IMASAI,EXISTING PU,565,17315,341118
27,OGUN,04,EGBADO NORTH,06,IMASAI,002,27/04/06/002,"MARKET SQUARE, IMASAI  I",EXISTING PU,565,17315,341119
27,OGUN,04,EGBADO NORTH,06,IMASAI,003,27/04/06/003,"MARKET SQUARE, IMASAI  II",EXISTING PU,565,17315,341120
27,OGUN,04,EGBADO NORTH,06,IMASAI,004,27/04/06/004,NEAR ITA ILORI,EXISTING PU,565,17315,341121
27,OGUN,04,EGBADO NORTH,06,IMASAI,005,27/04/06/005,OKE ILEMO,EXISTING PU,565,17315,341122
27,OGUN,04,EGBADO NORTH,06,IMASAI,006,27/04/06/006,AGA ODOFIN CHURCH AREA,EXISTING PU,565,17315,341123
27,OGUN,04,EGBADO NORTH,06,IMASAI,007,27/04/06/007,MARIA  I,EXISTING PU,565,17315,341124
27,OGUN,04,EGBADO NORTH,06,IMASAI,008,27/04/06/008,"OPEN SPACE AT ALAGBADA JUNCTION, IMASAI",NEW PU,565,17315,341125
27,OGUN,04,EGBADO NORTH,06,IMASAI,009,27/04/06/009,"NEAR ITA ALAGO, IMASAI",NEW PU,565,17315,341126
27,OGUN,04,EGBADO NORTH,06,IMASAI,010,27/04/06/010,"NEAR ITA AGBOPA, IMASAI",NEW PU,565,17315,341127
27,OGUN,04,EGBADO NORTH,07,EBUTE IGBOORO,001,27/04/07/001,Y.N.L.G. SCHOOL EBUTE IGBOORO,EXISTING PU,565,17316,341128
27,OGUN,04,EGBADO NORTH,07,EBUTE IGBOORO,002,27/04/07/002,ITA BAALE GBEDUN,EXISTING PU,565,17316,341129
27,OGUN,04,EGBADO NORTH,07,EBUTE IGBOORO,003,27/04/07/003,PRY. SCHOOL REFUREFU,EXISTING PU,565,17316,341130
27,OGUN,04,EGBADO NORTH,07,EBUTE IGBOORO,004,27/04/07/004,Y.N.L.G. SCHOOL OJA ODAN,EXISTING PU,565,17316,341131
27,OGUN,04,EGBADO NORTH,07,EBUTE IGBOORO,005,27/04/07/005,ITA OGUNDIPE (IJE AREA),EXISTING PU,565,17316,341132
27,OGUN,04,EGBADO NORTH,07,EBUTE IGBOORO,006,27/04/07/006,N.U.D. PRY SCH. OROBIYI,EXISTING PU,565,17316,341133
27,OGUN,04,EGBADO NORTH,07,EBUTE IGBOORO,007,27/04/07/007,ITA ABISEKAN EBUTE IGBOORO,EXISTING PU,565,17316,341134
27,OGUN,04,EGBADO NORTH,07,EBUTE IGBOORO,008,27/04/07/008,ITA SIMEON APETU OJA ODAN,EXISTING PU,565,17316,341135
27,OGUN,04,EGBADO NORTH,07,EBUTE IGBOORO,009,27/04/07/009,ITA APAKOSE OJA ODAN,EXISTING PU,565,17316,341136
27,OGUN,04,EGBADO NORTH,07,EBUTE IGBOORO,010,27/04/07/010,YEWA SCHOOL OLOGIRI,EXISTING PU,565,17316,341137
27,OGUN,04,EGBADO NORTH,07,EBUTE IGBOORO,011,27/04/07/011,C.F. SCHOOL AKERU,EXISTING PU,565,17316,341138
27,OGUN,04,EGBADO NORTH,07,EBUTE IGBOORO,012,27/04/07/012,ITA LADITAN,EXISTING PU,565,17316,341139
27,OGUN,04,EGBADO NORTH,07,EBUTE IGBOORO,013,27/04/07/013,ITA FALERU,EXISTING PU,565,17316,341140
27,OGUN,04,EGBADO NORTH,07,EBUTE IGBOORO,014,27/04/07/014,Y.N.L.G. SCHOOL  II OJA-ODAN,EXISTING PU,565,17316,341141
27,OGUN,04,EGBADO NORTH,07,EBUTE IGBOORO,015,27/04/07/015,"ITA MOLETE, EBUTE-IGBOORO",EXISTING PU,565,17316,341142
27,OGUN,04,EGBADO NORTH,07,EBUTE IGBOORO,016,27/04/07/016,ITA BAALE IKOTUN,EXISTING PU,565,17316,341143
27,OGUN,04,EGBADO NORTH,07,EBUTE IGBOORO,017,27/04/07/017,Y.N.L.G. SCHOOL GBOGOR,EXISTING PU,565,17316,341144
27,OGUN,04,EGBADO NORTH,07,EBUTE IGBOORO,018,27/04/07/018,OWODE BALOGUN,EXISTING PU,565,17316,341145
27,OGUN,04,EGBADO NORTH,07,EBUTE IGBOORO,019,27/04/07/019,"ST JOHN ANG. PRY  SCHOOL, EBUTE IGBOORO",NEW PU,565,17316,341146
27,OGUN,04,EGBADO NORTH,07,EBUTE IGBOORO,020,27/04/07/020,OPEN SPACE NEAR ITA ALASE OJA ODAN,NEW PU,565,17316,341147
27,OGUN,04,EGBADO NORTH,07,EBUTE IGBOORO,021,27/04/07/021,"OPEN SPACE KIKIOGO  JUNCTION, IGBO OGBE",NEW PU,565,17316,341148
27,OGUN,04,EGBADO NORTH,07,EBUTE IGBOORO,022,27/04/07/022,"NEAR CHRIST GOSPEL CHURCH, EBUTE IGBOORO",NEW PU,565,17316,341149
27,OGUN,04,EGBADO NORTH,07,EBUTE IGBOORO,023,27/04/07/023,"A.U.D PRY SCHOOL, OJA ODAN",NEW PU,565,17316,341150
27,OGUN,04,EGBADO NORTH,07,EBUTE IGBOORO,024,27/04/07/024,"NEAR LADIPO BLOCK, OJA ODAN",NEW PU,565,17316,341151
27,OGUN,04,EGBADO NORTH,07,EBUTE IGBOORO,025,27/04/07/025,"COMMUNITY HIGH SCHOOL, EBUTE IGBOORO",NEW PU,565,17316,341152
27,OGUN,04,EGBADO NORTH,07,EBUTE IGBOORO,026,27/04/07/026,"NEAR ALEBIOSU MOSQUE, ITA ADIFALA",NEW PU,565,17316,341153
27,OGUN,04,EGBADO NORTH,07,EBUTE IGBOORO,027,27/04/07/027,NEAR ITA ALE PAPA OLOSUN OJA ODAN,NEW PU,565,17316,341154
27,OGUN,04,EGBADO NORTH,07,EBUTE IGBOORO,028,27/04/07/028,"COMMUNITY PRY SCHOOL, ARANFE, OJA ODAN",NEW PU,565,17316,341155
27,OGUN,04,EGBADO NORTH,08,OHUNBE,001,27/04/08/001,Y.N.L.G. SCHOOL IGBEME,EXISTING PU,565,17317,341156
27,OGUN,04,EGBADO NORTH,08,OHUNBE,002,27/04/08/002,COMM. PRY. SCHOOL KOBEJO,EXISTING PU,565,17317,341157
27,OGUN,04,EGBADO NORTH,08,OHUNBE,003,27/04/08/003,COMM. PRY. SCHOOL IBAYUN,EXISTING PU,565,17317,341158
27,OGUN,04,EGBADO NORTH,08,OHUNBE,004,27/04/08/004,BAPTIST SCHOOL ABULE IDI,EXISTING PU,565,17317,341159
27,OGUN,04,EGBADO NORTH,08,OHUNBE,005,27/04/08/005,Y.N.L.G. SCHOOL GBOKOTO,EXISTING PU,565,17317,341160
27,OGUN,04,EGBADO NORTH,08,OHUNBE,006,27/04/08/006,COMM. PRY. SCHOOL IYANA META,EXISTING PU,565,17317,341161
27,OGUN,04,EGBADO NORTH,08,OHUNBE,007,27/04/08/007,ITA OBA ISELU,EXISTING PU,565,17317,341162
27,OGUN,04,EGBADO NORTH,08,OHUNBE,008,27/04/08/008,COMM. PRY SCHOOL AGBON OJODU,EXISTING PU,565,17317,341163
27,OGUN,04,EGBADO NORTH,08,OHUNBE,009,27/04/08/009,Y.N.L.G. SCHOOL IBEKU,EXISTING PU,565,17317,341164
27,OGUN,04,EGBADO NORTH,08,OHUNBE,010,27/04/08/010,Y.N.L.G. SCHOOL ASA,EXISTING PU,565,17317,341165
27,OGUN,04,EGBADO NORTH,08,OHUNBE,011,27/04/08/011,Y.N.L.G. SCHOOL KODERA,EXISTING PU,565,17317,341166
27,OGUN,04,EGBADO NORTH,08,OHUNBE,012,27/04/08/012,Y.N.L.G. SCHOOL OHUNBE,EXISTING PU,565,17317,341167
27,OGUN,04,EGBADO NORTH,08,OHUNBE,013,27/04/08/013,ITA BAALE OBELE,EXISTING PU,565,17317,341168
27,OGUN,04,EGBADO NORTH,08,OHUNBE,014,27/04/08/014,A/C SCHOOL ORILE IGBOORO,EXISTING PU,565,17317,341169
27,OGUN,04,EGBADO NORTH,08,OHUNBE,015,27/04/08/015,Y.N.L.G. SCHOOL ISUKU,EXISTING PU,565,17317,341170
27,OGUN,04,EGBADO NORTH,08,OHUNBE,016,27/04/08/016,ITA BAALE ISALE AGBON,EXISTING PU,565,17317,341171
27,OGUN,04,EGBADO NORTH,08,OHUNBE,017,27/04/08/017,ITA BAALE MORO,EXISTING PU,565,17317,341172
27,OGUN,04,EGBADO NORTH,08,OHUNBE,018,27/04/08/018,ITA BAALE AGBON-OJODU II,EXISTING PU,565,17317,341173
27,OGUN,04,EGBADO NORTH,08,OHUNBE,019,27/04/08/019,IBAYUN SQUARE,NEW PU,565,17317,341174
27,OGUN,04,EGBADO NORTH,08,OHUNBE,020,27/04/08/020,NEAR BAALE PEDEPO,NEW PU,565,17317,341175
27,OGUN,04,EGBADO NORTH,08,OHUNBE,021,27/04/08/021,"NEAR CENTRAL MOSQUE, AJELENDE",NEW PU,565,17317,341176
27,OGUN,04,EGBADO NORTH,08,OHUNBE,022,27/04/08/022,"AREA COMMUNITY HIGH SCHOOL, IBEKU",NEW PU,565,17317,341177
27,OGUN,04,EGBADO NORTH,08,OHUNBE,023,27/04/08/023,"COMMUNITY HIGH SCHOOL, OHUNBE",NEW PU,565,17317,341178
27,OGUN,04,EGBADO NORTH,08,OHUNBE,024,27/04/08/024,"PRY HEALTH CARE , OHUNBE",NEW PU,565,17317,341179
27,OGUN,04,EGBADO NORTH,09,IGUA,001,27/04/09/001,"NEAR CENTRAL MOSQUE, IGUA",EXISTING PU,565,17318,341180
27,OGUN,04,EGBADO NORTH,09,IGUA,002,27/04/09/002,COURT HALL - IGUA,EXISTING PU,565,17318,341181
27,OGUN,04,EGBADO NORTH,09,IGUA,003,27/04/09/003,COMM. PRY. SCHOOL IGBO - IJU,EXISTING PU,565,17318,341182
27,OGUN,04,EGBADO NORTH,09,IGUA,004,27/04/09/004,Y.N.L.G. SCHOOL - SAGBON,EXISTING PU,565,17318,341183
27,OGUN,04,EGBADO NORTH,09,IGUA,005,27/04/09/005,OJA AGE,EXISTING PU,565,17318,341184
27,OGUN,04,EGBADO NORTH,09,IGUA,006,27/04/09/006,"KETU COLLEGE, IGANALADE",EXISTING PU,565,17318,341185
27,OGUN,04,EGBADO NORTH,09,IGUA,007,27/04/09/007,"ANG. PRY SCH, LASILO I",EXISTING PU,565,17318,341186
27,OGUN,04,EGBADO NORTH,09,IGUA,008,27/04/09/008,"ANG. PRY SCH, LASILO II",EXISTING PU,565,17318,341187
27,OGUN,04,EGBADO NORTH,09,IGUA,009,27/04/09/009,Y.N.L.G. SCHOOL OWODE KETU,EXISTING PU,565,17318,341188
27,OGUN,04,EGBADO NORTH,09,IGUA,010,27/04/09/010,ITA FABUYI OWODE KETU,EXISTING PU,565,17318,341189
27,OGUN,04,EGBADO NORTH,09,IGUA,011,27/04/09/011,UNITED ANG. SCHOOL TATA,EXISTING PU,565,17318,341190
27,OGUN,04,EGBADO NORTH,09,IGUA,012,27/04/09/012,ITA ELEGBEDE IMOTO,EXISTING PU,565,17318,341191
27,OGUN,04,EGBADO NORTH,09,IGUA,013,27/04/09/013,COMM. PRY. SCHOOL IGBOOTA,EXISTING PU,565,17318,341192
27,OGUN,04,EGBADO NORTH,09,IGUA,014,27/04/09/014,C.M.S. CHURCH ELEJA,EXISTING PU,565,17318,341193
27,OGUN,04,EGBADO NORTH,09,IGUA,015,27/04/09/015,MARKET SQUARE TATA,EXISTING PU,565,17318,341194
27,OGUN,04,EGBADO NORTH,09,IGUA,016,27/04/09/016,ITA BAALE AINA ASIPA,EXISTING PU,565,17318,341195
27,OGUN,04,EGBADO NORTH,09,IGUA,017,27/04/09/017,ITA BAALE OLADOKE IMOTO,EXISTING PU,565,17318,341196
27,OGUN,04,EGBADO NORTH,09,IGUA,018,27/04/09/018,MOKOTA OWODE KETU,EXISTING PU,565,17318,341197
27,OGUN,04,EGBADO NORTH,09,IGUA,019,27/04/09/019,ITA OTUTU IGUA,EXISTING PU,565,17318,341198
27,OGUN,04,EGBADO NORTH,09,IGUA,020,27/04/09/020,"IDI OSE AREA, IGAN ALADE",EXISTING PU,565,17318,341199
27,OGUN,04,EGBADO NORTH,09,IGUA,021,27/04/09/021,"YEWA CENTRAL SCHOOL, IGAN ALADE",EXISTING PU,565,17318,341200
27,OGUN,04,EGBADO NORTH,09,IGUA,022,27/04/09/022,IDI-ORI VILLAGE,EXISTING PU,565,17318,341201
27,OGUN,04,EGBADO NORTH,09,IGUA,023,27/04/09/023,"ITA BAALE, IKA ORILE",EXISTING PU,565,17318,341202
27,OGUN,04,EGBADO NORTH,09,IGUA,024,27/04/09/024,IRANJI MOTOR PARK,EXISTING PU,565,17318,341203
27,OGUN,04,EGBADO NORTH,09,IGUA,025,27/04/09/025,KABIRI VILLAGE SQUARE,EXISTING PU,565,17318,341204
27,OGUN,04,EGBADO NORTH,09,IGUA,026,27/04/09/026,ODAN IGA,EXISTING PU,565,17318,341205
27,OGUN,04,EGBADO NORTH,10,IJOUN,001,27/04/10/001,"MARKET AREA, IJOUN",EXISTING PU,565,17319,341206
27,OGUN,04,EGBADO NORTH,10,IJOUN,002,27/04/10/002,ITA OTUN ISENJOUN,EXISTING PU,565,17319,341207
27,OGUN,04,EGBADO NORTH,10,IJOUN,003,27/04/10/003,"ITA BOROMU, ILE IJOUN  I",EXISTING PU,565,17319,341208
27,OGUN,04,EGBADO NORTH,10,IJOUN,004,27/04/10/004,"ITA BOROMU, ILE IJOUN  II",EXISTING PU,565,17319,341209
27,OGUN,04,EGBADO NORTH,10,IJOUN,005,27/04/10/005,Y.N.L.G. SCHOOL IJALE KETU,EXISTING PU,565,17319,341210
27,OGUN,04,EGBADO NORTH,10,IJOUN,006,27/04/10/006,Y.N.L.G. SCHOOL AWORO,EXISTING PU,565,17319,341211
27,OGUN,04,EGBADO NORTH,10,IJOUN,007,27/04/10/007,COOPERATIVE HALL TOBOLO,EXISTING PU,565,17319,341212
27,OGUN,04,EGBADO NORTH,10,IJOUN,008,27/04/10/008,ITA JULIUS AYETORO OGUBA,EXISTING PU,565,17319,341213
27,OGUN,04,EGBADO NORTH,10,IJOUN,009,27/04/10/009,ITA BAALE GBOKOFIN,EXISTING PU,565,17319,341214
27,OGUN,04,EGBADO NORTH,10,IJOUN,010,27/04/10/010,"Y.N.L.G. SCHOOL, IDIGBO",EXISTING PU,565,17319,341215
27,OGUN,04,EGBADO NORTH,10,IJOUN,011,27/04/10/011,"BAPT. DAY SCHOOL, OKE OLA",EXISTING PU,565,17319,341216
27,OGUN,04,EGBADO NORTH,10,IJOUN,012,27/04/10/012,"Y.N.L.G. SCHOOL, IGBONLA",EXISTING PU,565,17319,341217
27,OGUN,04,EGBADO NORTH,10,IJOUN,013,27/04/10/013,C.P.S. IPINLE  I,EXISTING PU,565,17319,341218
27,OGUN,04,EGBADO NORTH,10,IJOUN,014,27/04/10/014,C.P.S. IPINLE  II,EXISTING PU,565,17319,341219
27,OGUN,04,EGBADO NORTH,10,IJOUN,015,27/04/10/015,ITA ASOJU IGBORE OKE,EXISTING PU,565,17319,341220
27,OGUN,04,EGBADO NORTH,10,IJOUN,016,27/04/10/016,"Y.N.L.G. SCHOOL, IJOUN",EXISTING PU,565,17319,341221
27,OGUN,04,EGBADO NORTH,10,IJOUN,017,27/04/10/017,ITA BAALE BANGIDANGI,EXISTING PU,565,17319,341222
27,OGUN,04,EGBADO NORTH,10,IJOUN,018,27/04/10/018,MOKOYA OLALOTAN,EXISTING PU,565,17319,341223
27,OGUN,04,EGBADO NORTH,10,IJOUN,019,27/04/10/019,ITA BAALE ASAGA,EXISTING PU,565,17319,341224
27,OGUN,04,EGBADO NORTH,10,IJOUN,020,27/04/10/020,ITA BAALE OKE ODO TOBOLO,EXISTING PU,565,17319,341225
27,OGUN,04,EGBADO NORTH,10,IJOUN,021,27/04/10/021,E.A.C. PREMISES IBIYAN,EXISTING PU,565,17319,341226
27,OGUN,04,EGBADO NORTH,10,IJOUN,022,27/04/10/022,MARKET AREA II,EXISTING PU,565,17319,341227
27,OGUN,04,EGBADO NORTH,10,IJOUN,023,27/04/10/023,"MARKET AREA, AKALAGBA",NEW PU,565,17319,341228
27,OGUN,04,EGBADO NORTH,10,IJOUN,024,27/04/10/024,"SOPA SQUARE, IJOUN",NEW PU,565,17319,341229
27,OGUN,04,EGBADO NORTH,10,IJOUN,025,27/04/10/025,"PRY HEALTH CENTRE, OKE IBATAMU",NEW PU,565,17319,341230
27,OGUN,04,EGBADO NORTH,10,IJOUN,026,27/04/10/026,"COMMUNITY PRY SCHOOL, OKUTA GOGORO",NEW PU,565,17319,341231
27,OGUN,04,EGBADO NORTH,10,IJOUN,027,27/04/10/027,NEAR PALACE IJALE KETU,NEW PU,565,17319,341232
27,OGUN,04,EGBADO NORTH,10,IJOUN,028,27/04/10/028,"COMMUNITY PRY SCHHOL, IYANA AGBEDE",NEW PU,565,17319,341233
27,OGUN,04,EGBADO NORTH,10,IJOUN,029,27/04/10/029,NEAR ITA OTUN TOBOLO,NEW PU,565,17319,341234
27,OGUN,04,EGBADO NORTH,10,IJOUN,030,27/04/10/030,"A.U.D PRY SCHOOL, IJOUN",NEW PU,565,17319,341235
27,OGUN,04,EGBADO NORTH,10,IJOUN,031,27/04/10/031,NEAR ITA ISA PAPA IJOUN,NEW PU,565,17319,341236
27,OGUN,04,EGBADO NORTH,11,IBESE,001,27/04/11/001,COMM. PRY. SCHOOL - AGIDO,EXISTING PU,565,17320,341237
27,OGUN,04,EGBADO NORTH,11,IBESE,002,27/04/11/002,BAPT. DAY SCHOOL IGBOGILA,EXISTING PU,565,17320,341238
27,OGUN,04,EGBADO NORTH,11,IBESE,003,27/04/11/003,ITA OLADOKE,EXISTING PU,565,17320,341239
27,OGUN,04,EGBADO NORTH,11,IBESE,004,27/04/11/004,"NEAR CENTRAL MOSQUE, OJA ALE IGBOGILA",EXISTING PU,565,17320,341240
27,OGUN,04,EGBADO NORTH,11,IBESE,005,27/04/11/005,ITA OLADEHIN,EXISTING PU,565,17320,341241
27,OGUN,04,EGBADO NORTH,11,IBESE,006,27/04/11/006,ITA DOPEMU,EXISTING PU,565,17320,341242
27,OGUN,04,EGBADO NORTH,11,IBESE,007,27/04/11/007,WATER WORKS,EXISTING PU,565,17320,341243
27,OGUN,04,EGBADO NORTH,11,IBESE,008,27/04/11/008,ITA KUMOLU,EXISTING PU,565,17320,341244
27,OGUN,04,EGBADO NORTH,11,IBESE,009,27/04/11/009,ITA OMOLEGBE,EXISTING PU,565,17320,341245
27,OGUN,04,EGBADO NORTH,11,IBESE,010,27/04/11/010,U.N.A. SCHOOL BALOGUN,EXISTING PU,565,17320,341246
27,OGUN,04,EGBADO NORTH,11,IBESE,011,27/04/11/011,ST. JOHN ANG. SCHOOL WASIMI IMASAI,EXISTING PU,565,17320,341247
27,OGUN,04,EGBADO NORTH,11,IBESE,012,27/04/11/012,ANG. SCHOOL ABULE OKE,EXISTING PU,565,17320,341248
27,OGUN,04,EGBADO NORTH,11,IBESE,013,27/04/11/013,U.A.M.C. SCHOOL IBESE,EXISTING PU,565,17320,341249
27,OGUN,04,EGBADO NORTH,11,IBESE,014,27/04/11/014,Y.N.L.G. SCHOOL ORITA,EXISTING PU,565,17320,341250
27,OGUN,04,EGBADO NORTH,11,IBESE,015,27/04/11/015,Y.N.L.G. SCHOOL - KOMI OBA,EXISTING PU,565,17320,341251
27,OGUN,04,EGBADO NORTH,11,IBESE,016,27/04/11/016,LIBRARY PREMISES IBESE,EXISTING PU,565,17320,341252
27,OGUN,04,EGBADO NORTH,11,IBESE,017,27/04/11/017,ITA BAALE ILEWO ARAROMI,EXISTING PU,565,17320,341253
27,OGUN,04,EGBADO NORTH,11,IBESE,018,27/04/11/018,OJA OSAN IGBOGILA,EXISTING PU,565,17320,341254
27,OGUN,04,EGBADO NORTH,11,IBESE,019,27/04/11/019,ITA BADA IGBOGILA,EXISTING PU,565,17320,341255
27,OGUN,04,EGBADO NORTH,11,IBESE,020,27/04/11/020,OMILENDE VILLAGE SQUARE,EXISTING PU,565,17320,341256
27,OGUN,04,EGBADO NORTH,11,IBESE,021,27/04/11/021,"OPEN SPACE ISALE IJU JUNCTION, LAFENWA",NEW PU,565,17320,341257
27,OGUN,04,EGBADO NORTH,11,IBESE,022,27/04/11/022,"MATERNITY CENTRE, IGBOGILA",NEW PU,565,17320,341258
27,OGUN,04,EGBADO NORTH,11,IBESE,023,27/04/11/023,"F.A.M.C, OKE ODO, IGBOGILA",NEW PU,565,17320,341259
27,OGUN,04,EGBADO NORTH,11,IBESE,024,27/04/11/024,"NEAR JEHOVAH WITNESS, ORITA ROAD, IGBOGILA",NEW PU,565,17320,341260
27,OGUN,04,EGBADO NORTH,11,IBESE,025,27/04/11/025,"IBESE MATERNITY CENTER, IBESE",NEW PU,565,17320,341261
27,OGUN,04,EGBADO NORTH,11,IBESE,026,27/04/11/026,"NEAR ANOMO WATER, OKE OKO IYA",NEW PU,565,17320,341262
27,OGUN,04,EGBADO NORTH,11,IBESE,027,27/04/11/027,"AYEDARADE JUNCTION, OKO OPE, IGBOGILA",NEW PU,565,17320,341263
27,OGUN,05,EGBADO SOUTH,01,ILARO  I,001,27/05/01/001,STATE HOSPITAL,EXISTING PU,566,17321,341264
27,OGUN,05,EGBADO SOUTH,01,ILARO  I,002,27/05/01/002,OPP. SOYINKA'S HOUSE  I,EXISTING PU,566,17321,341265
27,OGUN,05,EGBADO SOUTH,01,ILARO  I,003,27/05/01/003,OPP. SOYINKA'S HOUSE  II,EXISTING PU,566,17321,341266
27,OGUN,05,EGBADO SOUTH,01,ILARO  I,004,27/05/01/004,NEAR IDOWU'S HOUSE/OTEGBEYE STREET  I,EXISTING PU,566,17321,341267
27,OGUN,05,EGBADO SOUTH,01,ILARO  I,005,27/05/01/005,NEAR IDOWU'S HOUSE/OTEGBEYE STREET  II,EXISTING PU,566,17321,341268
27,OGUN,05,EGBADO SOUTH,01,ILARO  I,006,27/05/01/006,OBA FASINA CLOSE JUNCTON I,EXISTING PU,566,17321,341269
27,OGUN,05,EGBADO SOUTH,01,ILARO  I,007,27/05/01/007,OBA FASINA CLOSE JUNCTON II,EXISTING PU,566,17321,341270
27,OGUN,05,EGBADO SOUTH,01,ILARO  I,008,27/05/01/008,EGBO ALAPARUN,EXISTING PU,566,17321,341271
27,OGUN,05,EGBADO SOUTH,01,ILARO  I,009,27/05/01/009,U.A.M.C. SCHOOL PAHAYI,EXISTING PU,566,17321,341272
27,OGUN,05,EGBADO SOUTH,01,ILARO  I,010,27/05/01/010,ORITA KAJOLA  I,EXISTING PU,566,17321,341273
27,OGUN,05,EGBADO SOUTH,01,ILARO  I,011,27/05/01/011,ORITA KAJOLA  II,EXISTING PU,566,17321,341274
27,OGUN,05,EGBADO SOUTH,01,ILARO  I,012,27/05/01/012,E.S.L.G. SCHOOL IJANNA,EXISTING PU,566,17321,341275
27,OGUN,05,EGBADO SOUTH,01,ILARO  I,013,27/05/01/013,ITA IYALODE,EXISTING PU,566,17321,341276
27,OGUN,05,EGBADO SOUTH,01,ILARO  I,014,27/05/01/014,OKE-OLA - AREA,EXISTING PU,566,17321,341277
27,OGUN,05,EGBADO SOUTH,01,ILARO  I,015,27/05/01/015,POLY. GATE,EXISTING PU,566,17321,341278
27,OGUN,05,EGBADO SOUTH,01,ILARO  I,016,27/05/01/016,LIBRARY / RURAL HEALTH CENTRE,EXISTING PU,566,17321,341279
27,OGUN,05,EGBADO SOUTH,01,ILARO  I,017,27/05/01/017,ORISUN IRAN /ILODO,EXISTING PU,566,17321,341280
27,OGUN,05,EGBADO SOUTH,01,ILARO  I,018,27/05/01/018,YEWA EGBADO COLLEGE,NEW PU,566,17321,341281
27,OGUN,05,EGBADO SOUTH,01,ILARO  I,019,27/05/01/019,ESLG IYANA IJANO,NEW PU,566,17321,341282
27,OGUN,05,EGBADO SOUTH,01,ILARO  I,020,27/05/01/020,OPEN SPACE AT MECHANIC WORKSHOP OPP AXIAL PROJECT,NEW PU,566,17321,341283
27,OGUN,05,EGBADO SOUTH,01,ILARO  I,021,27/05/01/021,OPEN SPACE AT OTEGBEYE'S STREET IPARI-ODA,NEW PU,566,17321,341284
27,OGUN,05,EGBADO SOUTH,01,ILARO  I,022,27/05/01/022,OPEN SPACE BESIDE EL-TAHIR COMPREHENSIVE SCH. ORITA PAHAYI,NEW PU,566,17321,341285
27,OGUN,05,EGBADO SOUTH,01,ILARO  I,023,27/05/01/023,OPEN SPACE AT IYANA IJADO,NEW PU,566,17321,341286
27,OGUN,05,EGBADO SOUTH,01,ILARO  I,024,27/05/01/024,OPEN SPACE AT ADELEYE JUNCTION PAHAYI,NEW PU,566,17321,341287
27,OGUN,05,EGBADO SOUTH,01,ILARO  I,025,27/05/01/025,OPEN SPACE AT AEROPLANE HOUSE BESIDE TRANSFORMER,NEW PU,566,17321,341288
27,OGUN,05,EGBADO SOUTH,01,ILARO  I,026,27/05/01/026,OPEN SPACE AT SALAMI STREET,NEW PU,566,17321,341289
27,OGUN,05,EGBADO SOUTH,01,ILARO  I,027,27/05/01/027,OPEN SPACE AT OKE ODO,NEW PU,566,17321,341290
27,OGUN,05,EGBADO SOUTH,01,ILARO  I,028,27/05/01/028,OPEN SPACE AT RURAL PROJECT DOSUMU IPARI-ODA.,NEW PU,566,17321,341291
27,OGUN,05,EGBADO SOUTH,01,ILARO  I,029,27/05/01/029,YSLG SCHOOL ELEJA,NEW PU,566,17321,341292
27,OGUN,05,EGBADO SOUTH,01,ILARO  I,030,27/05/01/030,OPEN SPACE AT FAYEGBAMI ATOYO ROAD,NEW PU,566,17321,341293
27,OGUN,05,EGBADO SOUTH,01,ILARO  I,031,27/05/01/031,OPEN SPACE AT ODUWOBI ST. BESIDE IKOSI TRANSFORMER,NEW PU,566,17321,341294
27,OGUN,05,EGBADO SOUTH,01,ILARO  I,032,27/05/01/032,IRE AYO CDA JUNCTION ONA EGBON OKE-OLA,NEW PU,566,17321,341295
27,OGUN,05,EGBADO SOUTH,01,ILARO  I,033,27/05/01/033,OPEN SPACE AT BOLUWATIFE CDA ISALE AGBALUMO,NEW PU,566,17321,341296
27,OGUN,05,EGBADO SOUTH,01,ILARO  I,034,27/05/01/034,POLY 2ND GATE,NEW PU,566,17321,341297
27,OGUN,05,EGBADO SOUTH,01,ILARO  I,035,27/05/01/035,OPEN SPACE AT IREWOLEDE CDA TRANFORMER,NEW PU,566,17321,341298
27,OGUN,05,EGBADO SOUTH,01,ILARO  I,036,27/05/01/036,OPEN SPACE AT IJADO RD ALONG EXPRESS RD.,NEW PU,566,17321,341299
27,OGUN,05,EGBADO SOUTH,02,ILARO  II,001,27/05/02/001,CHRIST APOSTOLIC CHURCH (CAC) SCHOOL ILARO,EXISTING PU,566,17322,341300
27,OGUN,05,EGBADO SOUTH,02,ILARO  II,002,27/05/02/002,OPEN SPACE BESIDE APOSTOLIC (CHRIST APOSTOLIC CHURCH ILARO),EXISTING PU,566,17322,341301
27,OGUN,05,EGBADO SOUTH,02,ILARO  II,003,27/05/02/003,"OJU-IYEWA SQUARE, ILARO II",EXISTING PU,566,17322,341302
27,OGUN,05,EGBADO SOUTH,02,ILARO  II,004,27/05/02/004,"OJU-IYEWA SQUARE, ILARO II",EXISTING PU,566,17322,341303
27,OGUN,05,EGBADO SOUTH,02,ILARO  II,005,27/05/02/005,E.S.L.G. SCHOOL ILARO,EXISTING PU,566,17322,341304
27,OGUN,05,EGBADO SOUTH,02,ILARO  II,006,27/05/02/006,HANDICAPPED SCHOOL ILARO I,EXISTING PU,566,17322,341305
27,OGUN,05,EGBADO SOUTH,02,ILARO  II,007,27/05/02/007,HARDICAPPED SCHOOL ILARO   II,EXISTING PU,566,17322,341306
27,OGUN,05,EGBADO SOUTH,02,ILARO  II,008,27/05/02/008,U.A.M. SCHOOL ILARO  I,EXISTING PU,566,17322,341307
27,OGUN,05,EGBADO SOUTH,02,ILARO  II,009,27/05/02/009,U.A.M. SCHOOL ILARO  I,EXISTING PU,566,17322,341308
27,OGUN,05,EGBADO SOUTH,02,ILARO  II,010,27/05/02/010,ORONNA HIGH SCHOOL,EXISTING PU,566,17322,341309
27,OGUN,05,EGBADO SOUTH,02,ILARO  II,011,27/05/02/011,AGO ISAGA SQUARE ILARO I,EXISTING PU,566,17322,341310
27,OGUN,05,EGBADO SOUTH,02,ILARO  II,012,27/05/02/012,AGO ISAGA SQUARE ILARO II,EXISTING PU,566,17322,341311
27,OGUN,05,EGBADO SOUTH,02,ILARO  II,013,27/05/02/013,OPEN SPACE AT ODUNTAN'S PALACE,EXISTING PU,566,17322,341312
27,OGUN,05,EGBADO SOUTH,02,ILARO  II,014,27/05/02/014,BOOTH AT IGANMU,EXISTING PU,566,17322,341313
27,OGUN,05,EGBADO SOUTH,02,ILARO  II,015,27/05/02/015,OPP. CO-OP BANK ILARO,EXISTING PU,566,17322,341314
27,OGUN,05,EGBADO SOUTH,02,ILARO  II,016,27/05/02/016,SAYEDERO GARAGE,NEW PU,566,17322,341315
27,OGUN,05,EGBADO SOUTH,02,ILARO  II,017,27/05/02/017,OPEN SPACE AT OKE-ODO OSUN,NEW PU,566,17322,341316
27,OGUN,05,EGBADO SOUTH,02,ILARO  II,018,27/05/02/018,OPEN SPACE AT ELITE ESTATE JUNCTION CORNER AFOLABI OKE-ELA,NEW PU,566,17322,341317
27,OGUN,05,EGBADO SOUTH,02,ILARO  II,019,27/05/02/019,OPEN SPACE AT IPARI ODO BESIDE TRANSFORMER,NEW PU,566,17322,341318
27,OGUN,05,EGBADO SOUTH,02,ILARO  II,020,27/05/02/020,CAC PRY SCHOOL OKE-ELA,NEW PU,566,17322,341319
27,OGUN,05,EGBADO SOUTH,02,ILARO  II,021,27/05/02/021,OPEN SPACE VALLEY VIEW CDA,NEW PU,566,17322,341320
27,OGUN,05,EGBADO SOUTH,02,ILARO  II,022,27/05/02/022,OPEN SPACE AT IREDE COMMUNITY JUNCTION BLUE ROOF OKE-ELA,NEW PU,566,17322,341321
27,OGUN,05,EGBADO SOUTH,02,ILARO  II,023,27/05/02/023,OPEN SPACE AT IBESE QUARTERS BACK OF JUBILEE,NEW PU,566,17322,341322
27,OGUN,05,EGBADO SOUTH,03,ILARO  III,001,27/05/03/001,CHRIST CHURCH SCHOOL ILARO,EXISTING PU,566,17323,341323
27,OGUN,05,EGBADO SOUTH,03,ILARO  III,002,27/05/03/002,ORONNA TOWN HALL  I,EXISTING PU,566,17323,341324
27,OGUN,05,EGBADO SOUTH,03,ILARO  III,003,27/05/03/003,ORONNA TOWN HALL  II,EXISTING PU,566,17323,341325
27,OGUN,05,EGBADO SOUTH,03,ILARO  III,004,27/05/03/004,BAPTIST DAY SCHOOL ILARO,EXISTING PU,566,17323,341326
27,OGUN,05,EGBADO SOUTH,03,ILARO  III,005,27/05/03/005,A.U.D. SCHOOL ILARO I,EXISTING PU,566,17323,341327
27,OGUN,05,EGBADO SOUTH,03,ILARO  III,006,27/05/03/006,A.U.D. SCHOOL ILARO II,EXISTING PU,566,17323,341328
27,OGUN,05,EGBADO SOUTH,03,ILARO  III,007,27/05/03/007,AHMADIYA NURSERY& PRY. SCH. ILARO I,EXISTING PU,566,17323,341329
27,OGUN,05,EGBADO SOUTH,03,ILARO  III,008,27/05/03/008,AHMADIYA NURSERY & PRY. SCH. ILARO II,EXISTING PU,566,17323,341330
27,OGUN,05,EGBADO SOUTH,03,ILARO  III,009,27/05/03/009,N.U.D. SCHOOL ILARO  I,EXISTING PU,566,17323,341331
27,OGUN,05,EGBADO SOUTH,03,ILARO  III,010,27/05/03/010,N.U.D. SCHOOL ILARO  II,EXISTING PU,566,17323,341332
27,OGUN,05,EGBADO SOUTH,03,ILARO  III,011,27/05/03/011,KUMOYE STREET ILARO  I,EXISTING PU,566,17323,341333
27,OGUN,05,EGBADO SOUTH,03,ILARO  III,012,27/05/03/012,KUMOYE STREET ILARO  II,EXISTING PU,566,17323,341334
27,OGUN,05,EGBADO SOUTH,03,ILARO  III,013,27/05/03/013,METHODIST SCHOOL GBOGIDI I,EXISTING PU,566,17323,341335
27,OGUN,05,EGBADO SOUTH,03,ILARO  III,014,27/05/03/014,METHODIST SCHOOL GBOGIDI II,EXISTING PU,566,17323,341336
27,OGUN,05,EGBADO SOUTH,03,ILARO  III,015,27/05/03/015,E.S.G. SCHOOL II MODEOLU I,EXISTING PU,566,17323,341337
27,OGUN,05,EGBADO SOUTH,03,ILARO  III,016,27/05/03/016,E.S.G. SCHOOL II MODEOLU II,EXISTING PU,566,17323,341338
27,OGUN,05,EGBADO SOUTH,03,ILARO  III,017,27/05/03/017,R.C.M. SCHOOL ILARO  I,EXISTING PU,566,17323,341339
27,OGUN,05,EGBADO SOUTH,03,ILARO  III,018,27/05/03/018,R.C.M. SCHOOL ILARO  II,EXISTING PU,566,17323,341340
27,OGUN,05,EGBADO SOUTH,03,ILARO  III,019,27/05/03/019,ILEBA QUARTERS ILARO,EXISTING PU,566,17323,341341
27,OGUN,05,EGBADO SOUTH,03,ILARO  III,020,27/05/03/020,ROCKY NITE CLUB  I,EXISTING PU,566,17323,341342
27,OGUN,05,EGBADO SOUTH,03,ILARO  III,021,27/05/03/021,ROCKY NITE CLUB  II,EXISTING PU,566,17323,341343
27,OGUN,05,EGBADO SOUTH,03,ILARO  III,022,27/05/03/022,E.A.C. SCHOOL ILARO,EXISTING PU,566,17323,341344
27,OGUN,05,EGBADO SOUTH,03,ILARO  III,023,27/05/03/023,OPEN SPACE NEAR BAPTIST AREA,EXISTING PU,566,17323,341345
27,OGUN,05,EGBADO SOUTH,03,ILARO  III,024,27/05/03/024,OPEN SPACE AT OLORUNSOGO,EXISTING PU,566,17323,341346
27,OGUN,05,EGBADO SOUTH,03,ILARO  III,025,27/05/03/025,OKE OKUTA AREA,EXISTING PU,566,17323,341347
27,OGUN,05,EGBADO SOUTH,03,ILARO  III,026,27/05/03/026,OPEN SPACE AT TELECOMMUNICATION MAST,NEW PU,566,17323,341348
27,OGUN,05,EGBADO SOUTH,03,ILARO  III,027,27/05/03/027,OPEN SPACE AT ALARABA JUNCTION,NEW PU,566,17323,341349
27,OGUN,05,EGBADO SOUTH,03,ILARO  III,028,27/05/03/028,ITOLU HIGH SCHOOL ILARO,NEW PU,566,17323,341350
27,OGUN,05,EGBADO SOUTH,03,ILARO  III,029,27/05/03/029,COMM. PRY. SCHOOL ILEBA,NEW PU,566,17323,341351
27,OGUN,05,EGBADO SOUTH,03,ILARO  III,030,27/05/03/030,EMMANUEL COMMERCIAL HIGH SCHOOL,NEW PU,566,17323,341352
27,OGUN,05,EGBADO SOUTH,04,IWOYE,001,27/05/04/001,A/C SCHOOL IWOYE,EXISTING PU,566,17324,341353
27,OGUN,05,EGBADO SOUTH,04,IWOYE,002,27/05/04/002,BAPTIST DAY SCHOOL IPAKE,EXISTING PU,566,17324,341354
27,OGUN,05,EGBADO SOUTH,04,IWOYE,003,27/05/04/003,E.S.L.G. SCHOOL IWEKE,EXISTING PU,566,17324,341355
27,OGUN,05,EGBADO SOUTH,04,IWOYE,004,27/05/04/004,COMM. SQUARE ISAGA AMOSUN,EXISTING PU,566,17324,341356
27,OGUN,05,EGBADO SOUTH,04,IWOYE,005,27/05/04/005,YEWA-MATA VILLAGE SQUARE,EXISTING PU,566,17324,341357
27,OGUN,05,EGBADO SOUTH,04,IWOYE,006,27/05/04/006,ST. PETERS SCHOOL IJADO,EXISTING PU,566,17324,341358
27,OGUN,05,EGBADO SOUTH,04,IWOYE,007,27/05/04/007,OLORULEKAN VILLAGE I,EXISTING PU,566,17324,341359
27,OGUN,05,EGBADO SOUTH,04,IWOYE,008,27/05/04/008,OLORULEKAN VILLAGE II,EXISTING PU,566,17324,341360
27,OGUN,05,EGBADO SOUTH,04,IWOYE,009,27/05/04/009,U.A.M.C. SCHOOL OLORUNDA,EXISTING PU,566,17324,341361
27,OGUN,05,EGBADO SOUTH,04,IWOYE,010,27/05/04/010,E.S.L.G. SCHOOL ASATO,EXISTING PU,566,17324,341362
27,OGUN,05,EGBADO SOUTH,04,IWOYE,011,27/05/04/011,JAJA VILLAGE,EXISTING PU,566,17324,341363
27,OGUN,05,EGBADO SOUTH,04,IWOYE,012,27/05/04/012,"OPP. COMM HIGH SCHOOL, IWOYE",EXISTING PU,566,17324,341364
27,OGUN,05,EGBADO SOUTH,04,IWOYE,013,27/05/04/013,AJO VILLAGE  I,EXISTING PU,566,17324,341365
27,OGUN,05,EGBADO SOUTH,04,IWOYE,014,27/05/04/014,AJO VILLAGE  II,EXISTING PU,566,17324,341366
27,OGUN,05,EGBADO SOUTH,04,IWOYE,015,27/05/04/015,IROGUN AKERE,EXISTING PU,566,17324,341367
27,OGUN,05,EGBADO SOUTH,04,IWOYE,016,27/05/04/016,SODINRO/ADEWALE VILLAGE,EXISTING PU,566,17324,341368
27,OGUN,05,EGBADO SOUTH,04,IWOYE,017,27/05/04/017,GREAT LIGHT COMMUNITY SCHOOL IWOGIA IWOYE,NEW PU,566,17324,341369
27,OGUN,05,EGBADO SOUTH,04,IWOYE,018,27/05/04/018,OPEN SPACE AT OLORULEKAN WATER PROJECT ILARO,NEW PU,566,17324,341370
27,OGUN,05,EGBADO SOUTH,04,IWOYE,019,27/05/04/019,OPEN SPACE BESIDE TRANSFORMER SUPPORT ALAGBEDE VILLAGE ALONG OJA-ODA ROAD,NEW PU,566,17324,341371
27,OGUN,05,EGBADO SOUTH,05,IDOGO,001,27/05/05/001,AFRICAN CHURCH SCHOOL IDOGO,EXISTING PU,566,17325,341372
27,OGUN,05,EGBADO SOUTH,05,IDOGO,002,27/05/05/002,METHODIST SCHOOL IDOGO,EXISTING PU,566,17325,341373
27,OGUN,05,EGBADO SOUTH,05,IDOGO,003,27/05/05/003,U.A.M.C. SCHOOL OLUTE,EXISTING PU,566,17325,341374
27,OGUN,05,EGBADO SOUTH,05,IDOGO,004,27/05/05/004,METHODIST SCHOOL IGBEJI,EXISTING PU,566,17325,341375
27,OGUN,05,EGBADO SOUTH,05,IDOGO,005,27/05/05/005,U.N.A. SCHOOL IPAJA,EXISTING PU,566,17325,341376
27,OGUN,05,EGBADO SOUTH,05,IDOGO,006,27/05/05/006,METHODIST SCHOOL FAGBOHUN,EXISTING PU,566,17325,341377
27,OGUN,05,EGBADO SOUTH,05,IDOGO,007,27/05/05/007,AFRICAN SCHOOL OLOKUTA,EXISTING PU,566,17325,341378
27,OGUN,05,EGBADO SOUTH,05,IDOGO,008,27/05/05/008,ALL SAINTS SCHOOL ITORO,EXISTING PU,566,17325,341379
27,OGUN,05,EGBADO SOUTH,05,IDOGO,009,27/05/05/009,"E.S.L.G. SCHOOL, IDOLOGUN",EXISTING PU,566,17325,341380
27,OGUN,05,EGBADO SOUTH,05,IDOGO,010,27/05/05/010,BOOTH AT ABULE - ONILE,EXISTING PU,566,17325,341381
27,OGUN,05,EGBADO SOUTH,05,IDOGO,011,27/05/05/011,E.S.L.G. SCHOOL KAKANFO,EXISTING PU,566,17325,341382
27,OGUN,05,EGBADO SOUTH,05,IDOGO,012,27/05/05/012,ABULE OLOPA,EXISTING PU,566,17325,341383
27,OGUN,05,EGBADO SOUTH,05,IDOGO,013,27/05/05/013,IGA -OTUN OLOKUNTA,EXISTING PU,566,17325,341384
27,OGUN,05,EGBADO SOUTH,05,IDOGO,014,27/05/05/014,RCM SCH IDOGO,EXISTING PU,566,17325,341385
27,OGUN,05,EGBADO SOUTH,05,IDOGO,015,27/05/05/015,OLOKUTA VILLAGE II,EXISTING PU,566,17325,341386
27,OGUN,05,EGBADO SOUTH,05,IDOGO,016,27/05/05/016,OJETE OMILENDE VILLAGE,EXISTING PU,566,17325,341387
27,OGUN,05,EGBADO SOUTH,05,IDOGO,017,27/05/05/017,ODAN/BOLA JUNCTION,NEW PU,566,17325,341388
27,OGUN,05,EGBADO SOUTH,05,IDOGO,018,27/05/05/018,OPEN SPACE AT ARAROMI OLOKUTA SQUARE,NEW PU,566,17325,341389
27,OGUN,05,EGBADO SOUTH,06,OKE ODAN,001,27/05/06/001,ST. JAMES SCHOOL OKE-ODAN I,EXISTING PU,566,17326,341390
27,OGUN,05,EGBADO SOUTH,06,OKE ODAN,002,27/05/06/002,ST. JAMES SCHOOL OKE-ODAN  II,EXISTING PU,566,17326,341391
27,OGUN,05,EGBADO SOUTH,06,OKE ODAN,003,27/05/06/003,A/C SCHOOL OKE-ODAN,EXISTING PU,566,17326,341392
27,OGUN,05,EGBADO SOUTH,06,OKE ODAN,004,27/05/06/004,BAPTIST DAY SCHOOL OKE-ODAN I,EXISTING PU,566,17326,341393
27,OGUN,05,EGBADO SOUTH,06,OKE ODAN,005,27/05/06/005,BAPTIST DAY SCHOOL OKE-ODAN II,EXISTING PU,566,17326,341394
27,OGUN,05,EGBADO SOUTH,06,OKE ODAN,006,27/05/06/006,E.S.L.G. SCHOOL EYEKANSE,EXISTING PU,566,17326,341395
27,OGUN,05,EGBADO SOUTH,06,OKE ODAN,007,27/05/06/007,METHODIST SCHOOL OWO  I,EXISTING PU,566,17326,341396
27,OGUN,05,EGBADO SOUTH,06,OKE ODAN,008,27/05/06/008,METHODIST SCHOOL OWO  II,EXISTING PU,566,17326,341397
27,OGUN,05,EGBADO SOUTH,06,OKE ODAN,009,27/05/06/009,E.S.L.G. SCHOOL AJISE,EXISTING PU,566,17326,341398
27,OGUN,05,EGBADO SOUTH,06,OKE ODAN,010,27/05/06/010,R.C.M. SCHOOL ISAGBO ERE  I,EXISTING PU,566,17326,341399
27,OGUN,05,EGBADO SOUTH,06,OKE ODAN,011,27/05/06/011,R.C.M. SCHOOL ISAGBO ERE II,EXISTING PU,566,17326,341400
27,OGUN,05,EGBADO SOUTH,06,OKE ODAN,012,27/05/06/012,ST. JAMES SCHOOL R.M. II OKE-ODAN I,EXISTING PU,566,17326,341401
27,OGUN,05,EGBADO SOUTH,06,OKE ODAN,013,27/05/06/013,ST. JAMES SCHOOL R.M. II OKE ODAN II,EXISTING PU,566,17326,341402
27,OGUN,05,EGBADO SOUTH,06,OKE ODAN,014,27/05/06/014,A/C SCHOOL R.M. II OKE ODAN I,EXISTING PU,566,17326,341403
27,OGUN,05,EGBADO SOUTH,06,OKE ODAN,015,27/05/06/015,A/C SCHOOL R.M. II OKE-ODAN II,EXISTING PU,566,17326,341404
27,OGUN,05,EGBADO SOUTH,06,OKE ODAN,016,27/05/06/016,OPEN SPACE BESIDE K&S CHURCH OKE-ODAN I,EXISTING PU,566,17326,341405
27,OGUN,05,EGBADO SOUTH,06,OKE ODAN,017,27/05/06/017,OPEN SPACE BESIDE K&S CHURCH OKE-ODAN II,EXISTING PU,566,17326,341406
27,OGUN,05,EGBADO SOUTH,06,OKE ODAN,018,27/05/06/018,R.C.M. SCHOOL IJAKO,EXISTING PU,566,17326,341407
27,OGUN,05,EGBADO SOUTH,06,OKE ODAN,019,27/05/06/019,R.C.M. SCHOOL OWO  I,EXISTING PU,566,17326,341408
27,OGUN,05,EGBADO SOUTH,06,OKE ODAN,020,27/05/06/020,R.C.M. SCHOOL OWO  II,EXISTING PU,566,17326,341409
27,OGUN,05,EGBADO SOUTH,06,OKE ODAN,021,27/05/06/021,METHODIST SCHOOL RM II OWO,EXISTING PU,566,17326,341410
27,OGUN,05,EGBADO SOUTH,06,OKE ODAN,022,27/05/06/022,ORISADA-EYO VILLAGE SQUARE,EXISTING PU,566,17326,341411
27,OGUN,05,EGBADO SOUTH,06,OKE ODAN,023,27/05/06/023,OLD MARKET SQUARE,EXISTING PU,566,17326,341412
27,OGUN,05,EGBADO SOUTH,06,OKE ODAN,024,27/05/06/024,AGOSI VILLAGE,EXISTING PU,566,17326,341413
27,OGUN,05,EGBADO SOUTH,06,OKE ODAN,025,27/05/06/025,OPEN SPACE AT OGUN OSUN RD BESIDE PROPOSED TRANSFORMER SEE THE LORD CHURCH,NEW PU,566,17326,341414
27,OGUN,05,EGBADO SOUTH,06,OKE ODAN,026,27/05/06/026,C&S AGO ILARO OKE-ODAN,NEW PU,566,17326,341415
27,OGUN,05,EGBADO SOUTH,06,OKE ODAN,027,27/05/06/027,IFESOWAPO CDA WATER PROJECT OKE-ODAN,NEW PU,566,17326,341416
27,OGUN,05,EGBADO SOUTH,06,OKE ODAN,028,27/05/06/028,MUSLIM PROGRESSIVE HIGH SCHOOL OKE-ODAN,NEW PU,566,17326,341417
27,OGUN,05,EGBADO SOUTH,07,OWODE I,001,27/05/07/001,BOOTH NEAR ALAPARA MOSQUE OWODE  I,EXISTING PU,566,17327,341418
27,OGUN,05,EGBADO SOUTH,07,OWODE I,002,27/05/07/002,BOOTH NEAR ALAPARA MOSQUE OWODE II,EXISTING PU,566,17327,341419
27,OGUN,05,EGBADO SOUTH,07,OWODE I,003,27/05/07/003,BOOTH NEAR C.A.C. CHURCH I,EXISTING PU,566,17327,341420
27,OGUN,05,EGBADO SOUTH,07,OWODE I,004,27/05/07/004,BOOTH NEAR C.A.C. CHURCH II,EXISTING PU,566,17327,341421
27,OGUN,05,EGBADO SOUTH,07,OWODE I,005,27/05/07/005,NEAR CHURCH OF THE LORD ALADURA I,EXISTING PU,566,17327,341422
27,OGUN,05,EGBADO SOUTH,07,OWODE I,006,27/05/07/006,NEAR CHURCH OF THE LORD ALADURA II,EXISTING PU,566,17327,341423
27,OGUN,05,EGBADO SOUTH,07,OWODE I,007,27/05/07/007,"COMM. TOWN HALL, OWODE I",EXISTING PU,566,17327,341424
27,OGUN,05,EGBADO SOUTH,07,OWODE I,008,27/05/07/008,"COMM. TOWN HALL, OWOD II",EXISTING PU,566,17327,341425
27,OGUN,05,EGBADO SOUTH,07,OWODE I,009,27/05/07/009,NEAR AHMADIYYA MOSQUE OWODE I,EXISTING PU,566,17327,341426
27,OGUN,05,EGBADO SOUTH,07,OWODE I,010,27/05/07/010,NEAR AHMADIYYA MOSQUE OWODE II,EXISTING PU,566,17327,341427
27,OGUN,05,EGBADO SOUTH,07,OWODE I,011,27/05/07/011,"OPP. HE-GOAT MARKET, OWODE I",EXISTING PU,566,17327,341428
27,OGUN,05,EGBADO SOUTH,07,OWODE I,012,27/05/07/012,"OPP. HE-GOAT MARKET, OWODE II",EXISTING PU,566,17327,341429
27,OGUN,05,EGBADO SOUTH,07,OWODE I,013,27/05/07/013,OWODE NEAR MARKET,EXISTING PU,566,17327,341430
27,OGUN,05,EGBADO SOUTH,07,OWODE I,014,27/05/07/014,ARMY CHILDREN SCHOOL OWODE I,EXISTING PU,566,17327,341431
27,OGUN,05,EGBADO SOUTH,07,OWODE I,015,27/05/07/015,ARMY CHILDREN SCHOOL OWODE II,EXISTING PU,566,17327,341432
27,OGUN,05,EGBADO SOUTH,07,OWODE I,016,27/05/07/016,OLD SLAUGHTER'S SLAB,EXISTING PU,566,17327,341433
27,OGUN,05,EGBADO SOUTH,07,OWODE I,017,27/05/07/017,BOOTH AT IREPODUN SQUARE,EXISTING PU,566,17327,341434
27,OGUN,05,EGBADO SOUTH,07,OWODE I,018,27/05/07/018,ARMY CHILDREN SCHOOL III,EXISTING PU,566,17327,341435
27,OGUN,05,EGBADO SOUTH,07,OWODE I,019,27/05/07/019,MORICAS ARABIC SCH AGO-EGUN (OPP),EXISTING PU,566,17327,341436
27,OGUN,05,EGBADO SOUTH,07,OWODE I,020,27/05/07/020,FRONT OF SEYE'S BAKERY,EXISTING PU,566,17327,341437
27,OGUN,05,EGBADO SOUTH,07,OWODE I,021,27/05/07/021,OPEN SPACE UNDER THE COCONUT TREE BESIDE TRANSFORMER AT FOLASADE OKE-OGBON STR. OWODE,NEW PU,566,17327,341438
27,OGUN,05,EGBADO SOUTH,07,OWODE I,022,27/05/07/022,OPEN SPACE AT POWER LINE BAMGBOPA LINE,NEW PU,566,17327,341439
27,OGUN,05,EGBADO SOUTH,07,OWODE I,023,27/05/07/023,UNDER PEAR TREE ALAO LATEEF HOUSE ALAPARA OWODE,NEW PU,566,17327,341440
27,OGUN,05,EGBADO SOUTH,07,OWODE I,024,27/05/07/024,ALMAJIR ISLAMIC CHILDREN SCHOOL ISAGA,NEW PU,566,17327,341441
27,OGUN,05,EGBADO SOUTH,07,OWODE I,025,27/05/07/025,ISAGA BUSTOP ALONG ILARO RD,NEW PU,566,17327,341442
27,OGUN,05,EGBADO SOUTH,07,OWODE I,026,27/05/07/026,ODUBIYI FOLASADE JUNCTION,NEW PU,566,17327,341443
27,OGUN,05,EGBADO SOUTH,07,OWODE I,027,27/05/07/027,ISALE ORO JUNCTION ALONG SUNDAY IDIROKO ROAD,NEW PU,566,17327,341444
27,OGUN,05,EGBADO SOUTH,07,OWODE I,028,27/05/07/028,TIPPER GARAGE ALONG ILARO ROAD,NEW PU,566,17327,341445
27,OGUN,05,EGBADO SOUTH,07,OWODE I,029,27/05/07/029,OPEN SPACE AT WATER PROJECT BACK OF OWODE MARKET,NEW PU,566,17327,341446
27,OGUN,05,EGBADO SOUTH,07,OWODE I,030,27/05/07/030,JUNCTION IGBOWO COMMUNITY BESIDE AKEWU KANWO CENRAL MOSQUE,NEW PU,566,17327,341447
27,OGUN,05,EGBADO SOUTH,07,OWODE I,031,27/05/07/031,OPEN SPACE AT FEDERAL  STEP DOWN,NEW PU,566,17327,341448
27,OGUN,05,EGBADO SOUTH,07,OWODE I,032,27/05/07/032,OPEN SPACE AT IREPODUN IREWOLEDE ARAROMI,NEW PU,566,17327,341449
27,OGUN,05,EGBADO SOUTH,07,OWODE I,033,27/05/07/033,OPEN SPACE AT MORICAS II OWODE,NEW PU,566,17327,341450
27,OGUN,05,EGBADO SOUTH,08,OWODE II,001,27/05/08/001,BOOTH AT AMULE-KANGBO SQUARE,EXISTING PU,566,17328,341451
27,OGUN,05,EGBADO SOUTH,08,OWODE II,002,27/05/08/002,BOOTH AT AMULE-KANGBO SQUARE,EXISTING PU,566,17328,341452
27,OGUN,05,EGBADO SOUTH,08,OWODE II,003,27/05/08/003,BOOTH AT POST OFFICE OWODE I,EXISTING PU,566,17328,341453
27,OGUN,05,EGBADO SOUTH,08,OWODE II,004,27/05/08/004,BOOTH AT POST OFFICE OWODE  II,EXISTING PU,566,17328,341454
27,OGUN,05,EGBADO SOUTH,08,OWODE II,005,27/05/08/005,"OPEN SPACE NEAR METHODIST I, SABO",EXISTING PU,566,17328,341455
27,OGUN,05,EGBADO SOUTH,08,OWODE II,006,27/05/08/006,"OPEN SPACE NEAR METHODIST II, SABO",EXISTING PU,566,17328,341456
27,OGUN,05,EGBADO SOUTH,08,OWODE II,007,27/05/08/007,E.S.L.G. SCHOOL OWODE,EXISTING PU,566,17328,341457
27,OGUN,05,EGBADO SOUTH,08,OWODE II,008,27/05/08/008,OPEN SPACE AT APOSTOLIC 4-CORNER AREA I,EXISTING PU,566,17328,341458
27,OGUN,05,EGBADO SOUTH,08,OWODE II,009,27/05/08/009,OPEN SPACE AT APOSTOLIC 4-CORNER AREA II,EXISTING PU,566,17328,341459
27,OGUN,05,EGBADO SOUTH,08,OWODE II,010,27/05/08/010,COMM. PRY SCHOOL OWODE I,EXISTING PU,566,17328,341460
27,OGUN,05,EGBADO SOUTH,08,OWODE II,011,27/05/08/011,COMM. PRY SCHOOL OWODE II,EXISTING PU,566,17328,341461
27,OGUN,05,EGBADO SOUTH,08,OWODE II,012,27/05/08/012,AREA COMM. HIGH SCHOOL OWODE  I,EXISTING PU,566,17328,341462
27,OGUN,05,EGBADO SOUTH,08,OWODE II,013,27/05/08/013,AREA COMM. HIGH SCHOOL OWODE II,EXISTING PU,566,17328,341463
27,OGUN,05,EGBADO SOUTH,08,OWODE II,014,27/05/08/014,YIDI STR. TEMIDIRE MOSQUE,EXISTING PU,566,17328,341464
27,OGUN,05,EGBADO SOUTH,08,OWODE II,015,27/05/08/015,OLD SABO MARKET OWODE  I,EXISTING PU,566,17328,341465
27,OGUN,05,EGBADO SOUTH,08,OWODE II,016,27/05/08/016,OLD SABO MARKET OWODE II,EXISTING PU,566,17328,341466
27,OGUN,05,EGBADO SOUTH,08,OWODE II,017,27/05/08/017,BOOTH AT OLD R.C.C. ADO-ODO ROAD,EXISTING PU,566,17328,341467
27,OGUN,05,EGBADO SOUTH,08,OWODE II,018,27/05/08/018,PRIMARY HEALTH CLINIC ISAGA OWODE,NEW PU,566,17328,341468
27,OGUN,05,EGBADO SOUTH,08,OWODE II,019,27/05/08/019,ST. PAUL ANG. SCH. OWODE,NEW PU,566,17328,341469
27,OGUN,05,EGBADO SOUTH,08,OWODE II,020,27/05/08/020,SANGO GARAGE ALONG SANGO IDIROKO RD.,NEW PU,566,17328,341470
27,OGUN,05,EGBADO SOUTH,08,OWODE II,021,27/05/08/021,"ESLG SCHOOL OKE-OLA, OWODE",NEW PU,566,17328,341471
27,OGUN,05,EGBADO SOUTH,08,OWODE II,022,27/05/08/022,OPEN SPACE AT TEWURE PEPE OWODE,NEW PU,566,17328,341472
27,OGUN,05,EGBADO SOUTH,08,OWODE II,023,27/05/08/023,"OPEN SPACE BESIDE TRANSFORMER AT OGBOYE AKANBI JUNCTION SABO, OWODE",NEW PU,566,17328,341473
27,OGUN,05,EGBADO SOUTH,08,OWODE II,024,27/05/08/024,OPEN SPACE AT OLUWAKOREDE COMM. SQUARE ISAGA,NEW PU,566,17328,341474
27,OGUN,05,EGBADO SOUTH,08,OWODE II,025,27/05/08/025,OPEN SPACE AT IGANDIMU JUNCTION OWODE,NEW PU,566,17328,341475
27,OGUN,05,EGBADO SOUTH,09,ILOBI/ERINJA,001,27/05/09/001,DISPENSARY OKE-ERINJA,EXISTING PU,566,17329,341476
27,OGUN,05,EGBADO SOUTH,09,ILOBI/ERINJA,002,27/05/09/002,OPEN SPACE AT ERINJA-ILE,EXISTING PU,566,17329,341477
27,OGUN,05,EGBADO SOUTH,09,ILOBI/ERINJA,003,27/05/09/003,E.S.L.G. SCHOOL - ILOBI,EXISTING PU,566,17329,341478
27,OGUN,05,EGBADO SOUTH,09,ILOBI/ERINJA,004,27/05/09/004,C.A.C. SCHOOL OKO-BABA,EXISTING PU,566,17329,341479
27,OGUN,05,EGBADO SOUTH,09,ILOBI/ERINJA,005,27/05/09/005,E.S.L.G. SCHOOL ALAGBON  I,EXISTING PU,566,17329,341480
27,OGUN,05,EGBADO SOUTH,09,ILOBI/ERINJA,006,27/05/09/006,E.S.L.G. SCHOOL ALAGBON  II,EXISTING PU,566,17329,341481
27,OGUN,05,EGBADO SOUTH,09,ILOBI/ERINJA,007,27/05/09/007,E.S.L.G. SCHOOL ALAGBON III,EXISTING PU,566,17329,341482
27,OGUN,05,EGBADO SOUTH,09,ILOBI/ERINJA,008,27/05/09/008,"CUSTOMARY COURT HALL, ILOBI",EXISTING PU,566,17329,341483
27,OGUN,05,EGBADO SOUTH,09,ILOBI/ERINJA,009,27/05/09/009,OPP. MARKET GARAGE,EXISTING PU,566,17329,341484
27,OGUN,05,EGBADO SOUTH,09,ILOBI/ERINJA,010,27/05/09/010,E.S.L.G. SCHOOL ERINJA ORILE,EXISTING PU,566,17329,341485
27,OGUN,05,EGBADO SOUTH,09,ILOBI/ERINJA,011,27/05/09/011,YSLG OKE-ERINJA,NEW PU,566,17329,341486
27,OGUN,05,EGBADO SOUTH,09,ILOBI/ERINJA,012,27/05/09/012,"OPEN SPACE AT SURULERE STREET, OKE-ERINJA",NEW PU,566,17329,341487
27,OGUN,05,EGBADO SOUTH,09,ILOBI/ERINJA,013,27/05/09/013,OPEN SPACE AT ORUWA ERINJA COMMUNITY WATER PROJECT,NEW PU,566,17329,341488
27,OGUN,05,EGBADO SOUTH,09,ILOBI/ERINJA,014,27/05/09/014,EBUROGUN VILLAGE,NEW PU,566,17329,341489
27,OGUN,05,EGBADO SOUTH,09,ILOBI/ERINJA,015,27/05/09/015,OPEN SPACE AT IYANO ANISERE,NEW PU,566,17329,341490
27,OGUN,05,EGBADO SOUTH,09,ILOBI/ERINJA,016,27/05/09/016,OPEN SPACE AT AGO PANU BESIDE TRANSFORMER ALAGBON,NEW PU,566,17329,341491
27,OGUN,05,EGBADO SOUTH,09,ILOBI/ERINJA,017,27/05/09/017,OPEN SPACE BESIDE TRANSFORMER OPP BIBLE COLLEGE,NEW PU,566,17329,341492
27,OGUN,05,EGBADO SOUTH,09,ILOBI/ERINJA,018,27/05/09/018,OPEN SPACE BESIDE TRANSFORMER OPP. ALASEYORI CENTRAL MOSQUE,NEW PU,566,17329,341493
27,OGUN,05,EGBADO SOUTH,09,ILOBI/ERINJA,019,27/05/09/019,OPEN SPACE BESIDE TRANSFORMER OPP YSLG ALAGBON,NEW PU,566,17329,341494
27,OGUN,05,EGBADO SOUTH,09,ILOBI/ERINJA,020,27/05/09/020,AFRICAN NUR & PRY SCHOOL GBOKOTO,NEW PU,566,17329,341495
27,OGUN,05,EGBADO SOUTH,09,ILOBI/ERINJA,021,27/05/09/021,ILOBI TOWN HALL,NEW PU,566,17329,341496
27,OGUN,05,EGBADO SOUTH,10,AJILETE,001,27/05/10/001,CUSTOMARY COURT HALL AJILETE  I,EXISTING PU,566,17330,341497
27,OGUN,05,EGBADO SOUTH,10,AJILETE,002,27/05/10/002,CUSTOMARY COURT HALL AJILETE II,EXISTING PU,566,17330,341498
27,OGUN,05,EGBADO SOUTH,10,AJILETE,003,27/05/10/003,A.U.D. SCHOOL AJILETE  I,EXISTING PU,566,17330,341499
27,OGUN,05,EGBADO SOUTH,10,AJILETE,004,27/05/10/004,A.U.D. SCHOOL AJILETE  II,EXISTING PU,566,17330,341500
27,OGUN,05,EGBADO SOUTH,10,AJILETE,005,27/05/10/005,ST. JOHN'S SCHOOL AJILETE I,EXISTING PU,566,17330,341501
27,OGUN,05,EGBADO SOUTH,10,AJILETE,006,27/05/10/006,YEWA HIGH SCHOOL AJILETE  I,EXISTING PU,566,17330,341502
27,OGUN,05,EGBADO SOUTH,10,AJILETE,007,27/05/10/007,YEWA HIGH SCHOOL AJILETE II,EXISTING PU,566,17330,341503
27,OGUN,05,EGBADO SOUTH,10,AJILETE,008,27/05/10/008,APOSTOLIC CHURCH 4-CORNER AREA I,EXISTING PU,566,17330,341504
27,OGUN,05,EGBADO SOUTH,10,AJILETE,009,27/05/10/009,APOSTOLIC CHURCH 4-CORNER AREA II,EXISTING PU,566,17330,341505
27,OGUN,05,EGBADO SOUTH,10,AJILETE,010,27/05/10/010,E.S.L.G. SCHOOL KAJOLA,EXISTING PU,566,17330,341506
27,OGUN,05,EGBADO SOUTH,10,AJILETE,011,27/05/10/011,BOOTH AT OJU-OTA SQUARE,EXISTING PU,566,17330,341507
27,OGUN,05,EGBADO SOUTH,10,AJILETE,012,27/05/10/012,COMM. PRY SCHOOL IBIO,EXISTING PU,566,17330,341508
27,OGUN,05,EGBADO SOUTH,10,AJILETE,013,27/05/10/013,DISPENSARY EREDO,EXISTING PU,566,17330,341509
27,OGUN,05,EGBADO SOUTH,10,AJILETE,014,27/05/10/014,BOOTH BESIDE A/C AJILETE,EXISTING PU,566,17330,341510
27,OGUN,05,EGBADO SOUTH,10,AJILETE,015,27/05/10/015,BESIDE AGO-EYO MOSQUE I,EXISTING PU,566,17330,341511
27,OGUN,05,EGBADO SOUTH,10,AJILETE,016,27/05/10/016,BESIDE AGO-EYO MOSQUE II,EXISTING PU,566,17330,341512
27,OGUN,05,EGBADO SOUTH,10,AJILETE,017,27/05/10/017,ORI-OKUTA SQUARE ILARO QUARTERS,EXISTING PU,566,17330,341513
27,OGUN,05,EGBADO SOUTH,10,AJILETE,018,27/05/10/018,ST. JOHN'S SCHOOL BLOCK II,EXISTING PU,566,17330,341514
27,OGUN,05,EGBADO SOUTH,10,AJILETE,019,27/05/10/019,ARAROMI MARKET,NEW PU,566,17330,341515
27,OGUN,05,EGBADO SOUTH,10,AJILETE,020,27/05/10/020,OPEN SPACE AT AJEGUNLE SQUARE AJILETE,NEW PU,566,17330,341516
27,OGUN,05,EGBADO SOUTH,10,AJILETE,021,27/05/10/021,OPEN SPACE AT AKOREDE COMMUNITY BESIDE TRANSFORMER,NEW PU,566,17330,341517
27,OGUN,05,EGBADO SOUTH,10,AJILETE,022,27/05/10/022,IDO OLUBO VILLAGE SQUARE,NEW PU,566,17330,341518
27,OGUN,05,EGBADO SOUTH,10,AJILETE,023,27/05/10/023,IFELODUN CDA TOWN HALL,NEW PU,566,17330,341519
27,OGUN,06,EWEKORO,01,ABALABI,001,27/06/01/001,COMMUNITY HALL ABALABI  I,EXISTING PU,567,17331,341520
27,OGUN,06,EWEKORO,01,ABALABI,002,27/06/01/002,COMMUNITY HALL ABALABI  II,EXISTING PU,567,17331,341521
27,OGUN,06,EWEKORO,01,ABALABI,003,27/06/01/003,SCHOOL PREM SOJUOLU I,EXISTING PU,567,17331,341522
27,OGUN,06,EWEKORO,01,ABALABI,004,27/06/01/004,SCHOOL PREM SOJUOLU II,EXISTING PU,567,17331,341523
27,OGUN,06,EWEKORO,01,ABALABI,005,27/06/01/005,ST. PAUL ANG. SCH. SOJUOLU I,EXISTING PU,567,17331,341524
27,OGUN,06,EWEKORO,01,ABALABI,006,27/06/01/006,ST. PAUL ANG. SCH. SOJUOLU II,EXISTING PU,567,17331,341525
27,OGUN,06,EWEKORO,01,ABALABI,007,27/06/01/007,UNITED SCHOOL OLORUNDA STATION,EXISTING PU,567,17331,341526
27,OGUN,06,EWEKORO,01,ABALABI,008,27/06/01/008,TOWN HALL OLORUNDA I,EXISTING PU,567,17331,341527
27,OGUN,06,EWEKORO,01,ABALABI,009,27/06/01/009,TOWN HALL OLORUNDA II,EXISTING PU,567,17331,341528
27,OGUN,06,EWEKORO,01,ABALABI,010,27/06/01/010,L.G. SCHOOL OPEYAKA I,EXISTING PU,567,17331,341529
27,OGUN,06,EWEKORO,01,ABALABI,011,27/06/01/011,L.G. SCHOOL OPEYAKA II,EXISTING PU,567,17331,341530
27,OGUN,06,EWEKORO,01,ABALABI,012,27/06/01/012,BAPT SCH. IDI AGA,EXISTING PU,567,17331,341531
27,OGUN,06,EWEKORO,01,ABALABI,013,27/06/01/013,AFRICAN CHURCH SCH. AJEGUNLE I,EXISTING PU,567,17331,341532
27,OGUN,06,EWEKORO,01,ABALABI,014,27/06/01/014,AFRICAN CHURCH SCH.AJEGUUNLE II,EXISTING PU,567,17331,341533
27,OGUN,06,EWEKORO,01,ABALABI,015,27/06/01/015,AFRICAN CHURCH SCH.AJEGUNLE III,EXISTING PU,567,17331,341534
27,OGUN,06,EWEKORO,01,ABALABI,016,27/06/01/016,"OPEN SPACE NEAR TOWN HALL, ABALABI",EXISTING PU,567,17331,341535
27,OGUN,06,EWEKORO,01,ABALABI,017,27/06/01/017,OPEN SPACE AT GBOKOLU VILLAGE,EXISTING PU,567,17331,341536
27,OGUN,06,EWEKORO,01,ABALABI,018,27/06/01/018,"OPEN SPACE AT IGBO-AJE  VILLAGE,OLOKUTA",EXISTING PU,567,17331,341537
27,OGUN,06,EWEKORO,01,ABALABI,019,27/06/01/019,SCH PREMISES OTEYI ALAGBEDE,EXISTING PU,567,17331,341538
27,OGUN,06,EWEKORO,01,ABALABI,020,27/06/01/020,ABALABI VILLAGE SQUARE,NEW PU,567,17331,341539
27,OGUN,06,EWEKORO,01,ABALABI,021,27/06/01/021,ARAROMI TOWN HALL,NEW PU,567,17331,341540
27,OGUN,06,EWEKORO,01,ABALABI,022,27/06/01/022,OPEN SPACE FRONT OF HEALTH CENTRE,NEW PU,567,17331,341541
27,OGUN,06,EWEKORO,02,ASA/YOBO,001,27/06/02/001,A/C SCHOOL AGODO,EXISTING PU,567,17332,341542
27,OGUN,06,EWEKORO,02,ASA/YOBO,002,27/06/02/002,A/C SCHOOL YOBO,EXISTING PU,567,17332,341543
27,OGUN,06,EWEKORO,02,ASA/YOBO,003,27/06/02/003,OPEN SPACE AT ASA TEPEDE,EXISTING PU,567,17332,341544
27,OGUN,06,EWEKORO,02,ASA/YOBO,004,27/06/02/004,SCHOOL PREMISES ASA OBINTIN,EXISTING PU,567,17332,341545
27,OGUN,06,EWEKORO,02,ASA/YOBO,005,27/06/02/005,LALA TOWN HALL,EXISTING PU,567,17332,341546
27,OGUN,06,EWEKORO,02,ASA/YOBO,006,27/06/02/006,ASA OLOWO,EXISTING PU,567,17332,341547
27,OGUN,06,EWEKORO,02,ASA/YOBO,007,27/06/02/007,NEAR SCHOOL PREM YOBO,EXISTING PU,567,17332,341548
27,OGUN,06,EWEKORO,02,ASA/YOBO,008,27/06/02/008,ASA-APALOLO,EXISTING PU,567,17332,341549
27,OGUN,06,EWEKORO,02,ASA/YOBO,009,27/06/02/009,OPEN SPACE AT ISALE EGBA AGODO TOWN,EXISTING PU,567,17332,341550
27,OGUN,06,EWEKORO,02,ASA/YOBO,010,27/06/02/010,"OPEN SPACE AT ABULE ADAFUNE, AGODO",EXISTING PU,567,17332,341551
27,OGUN,06,EWEKORO,02,ASA/YOBO,011,27/06/02/011,OPEN SPACE AT KAJOLA VILLAGE,EXISTING PU,567,17332,341552
27,OGUN,06,EWEKORO,02,ASA/YOBO,012,27/06/02/012,OPEN SPACE  FRONT OF YOBO HEALTH CENTRE,NEW PU,567,17332,341553
27,OGUN,06,EWEKORO,03,ARIGBAJO,001,27/06/03/001,U.D.C. SCHOOL ARIGBAJO  I,EXISTING PU,567,17333,341554
27,OGUN,06,EWEKORO,03,ARIGBAJO,002,27/06/03/002,U.D.C. SCHOOL ARIGBAJO  II,EXISTING PU,567,17333,341555
27,OGUN,06,EWEKORO,03,ARIGBAJO,003,27/06/03/003,OKO KOGBODOKU,EXISTING PU,567,17333,341556
27,OGUN,06,EWEKORO,03,ARIGBAJO,004,27/06/03/004,L.G. SCHOOL EJIO,EXISTING PU,567,17333,341557
27,OGUN,06,EWEKORO,03,ARIGBAJO,005,27/06/03/005,OPEN SPACE AT SODERU,EXISTING PU,567,17333,341558
27,OGUN,06,EWEKORO,03,ARIGBAJO,006,27/06/03/006,OPEN SPACE AT APOMU,EXISTING PU,567,17333,341559
27,OGUN,06,EWEKORO,03,ARIGBAJO,007,27/06/03/007,METHODIST SCHOOL ABESE,EXISTING PU,567,17333,341560
27,OGUN,06,EWEKORO,03,ARIGBAJO,008,27/06/03/008,OPEN SPACE AT ELEBUTE VILLAGE SQUARE,EXISTING PU,567,17333,341561
27,OGUN,06,EWEKORO,03,ARIGBAJO,009,27/06/03/009,TRANSFORMER OPEN SPACE,NEW PU,567,17333,341562
27,OGUN,06,EWEKORO,03,ARIGBAJO,010,27/06/03/010,"OPEN SPCE TRANSFORMER,EGUNNLA",NEW PU,567,17333,341563
27,OGUN,06,EWEKORO,03,ARIGBAJO,011,27/06/03/011,"OPEN SPACE ALONG RAILWAY LINE, ABATA",NEW PU,567,17333,341564
27,OGUN,06,EWEKORO,03,ARIGBAJO,012,27/06/03/012,EGUNNLA ANNEX,NEW PU,567,17333,341565
27,OGUN,06,EWEKORO,03,ARIGBAJO,013,27/06/03/013,OPEN SPACE BESIDES IMODE,NEW PU,567,17333,341566
27,OGUN,06,EWEKORO,03,ARIGBAJO,014,27/06/03/014,OPEN SPACE BESIDE BERGER TRANSFORMER,NEW PU,567,17333,341567
27,OGUN,06,EWEKORO,03,ARIGBAJO,015,27/06/03/015,"OLD MATERNITY CENTRE, EJIO",NEW PU,567,17333,341568
27,OGUN,06,EWEKORO,03,ARIGBAJO,016,27/06/03/016,BESIDE TRANSFORMER DEBORAH'S COURT,NEW PU,567,17333,341569
27,OGUN,06,EWEKORO,03,ARIGBAJO,017,27/06/03/017,"OPEN SPACE BESIDE PUBLIC WATER TANK, AROGUNJO",NEW PU,567,17333,341570
27,OGUN,06,EWEKORO,04,ITORI,001,27/06/04/001,MARKET SQUARE ITORI I,EXISTING PU,567,17334,341571
27,OGUN,06,EWEKORO,04,ITORI,002,27/06/04/002,MARKET SQUARE ITORI II,EXISTING PU,567,17334,341572
27,OGUN,06,EWEKORO,04,ITORI,003,27/06/04/003,IYANA STATION  I,EXISTING PU,567,17334,341573
27,OGUN,06,EWEKORO,04,ITORI,004,27/06/04/004,IYANA STATION  II,EXISTING PU,567,17334,341574
27,OGUN,06,EWEKORO,04,ITORI,005,27/06/04/005,OPP. METERNITY CENTRE ITORI  I,EXISTING PU,567,17334,341575
27,OGUN,06,EWEKORO,04,ITORI,006,27/06/04/006,OPP. MATERNITY CENTRE ITORI II,EXISTING PU,567,17334,341576
27,OGUN,06,EWEKORO,04,ITORI,007,27/06/04/007,OPEN SPACE AT U.N.A. LAPELEKE,EXISTING PU,567,17334,341577
27,OGUN,06,EWEKORO,04,ITORI,008,27/06/04/008,OPEN SPACE AT OKE OKO HALL SQUARE,EXISTING PU,567,17334,341578
27,OGUN,06,EWEKORO,04,ITORI,009,27/06/04/009,A/C SCHOOL OLUJOBI,EXISTING PU,567,17334,341579
27,OGUN,06,EWEKORO,04,ITORI,010,27/06/04/010,A/C SCHOOL ONIKOKO,EXISTING PU,567,17334,341580
27,OGUN,06,EWEKORO,04,ITORI,011,27/06/04/011,HEALTH CENTRE SOWUNMI,EXISTING PU,567,17334,341581
27,OGUN,06,EWEKORO,04,ITORI,012,27/06/04/012,A/C SCHOOL ELEGBATA,EXISTING PU,567,17334,341582
27,OGUN,06,EWEKORO,04,ITORI,013,27/06/04/013,SCHOOL PREM. ELEFON  I,EXISTING PU,567,17334,341583
27,OGUN,06,EWEKORO,04,ITORI,014,27/06/04/014,SCHOOL PREM. ELEFON,EXISTING PU,567,17334,341584
27,OGUN,06,EWEKORO,04,ITORI,015,27/06/04/015,SCHOOL PREM. AFOWOWA-GBELU II,EXISTING PU,567,17334,341585
27,OGUN,06,EWEKORO,04,ITORI,016,27/06/04/016,BAPT.DAY SCHOOL ERUKU,EXISTING PU,567,17334,341586
27,OGUN,06,EWEKORO,04,ITORI,017,27/06/04/017,IKEREKU OLODO,EXISTING PU,567,17334,341587
27,OGUN,06,EWEKORO,04,ITORI,018,27/06/04/018,A/C SCHOOL OBANLADO,EXISTING PU,567,17334,341588
27,OGUN,06,EWEKORO,04,ITORI,019,27/06/04/019,A/C SCHOOL OLUKE [WASIMI ABULE VILL],EXISTING PU,567,17334,341589
27,OGUN,06,EWEKORO,04,ITORI,020,27/06/04/020,OPEN SPACE AT BOLOWOSERE VILLAGE,EXISTING PU,567,17334,341590
27,OGUN,06,EWEKORO,04,ITORI,021,27/06/04/021,OPEN SPACE AT ADUMBU VILLAGE,EXISTING PU,567,17334,341591
27,OGUN,06,EWEKORO,04,ITORI,022,27/06/04/022,OPEN SPACE AT LEMO VILLAGE,EXISTING PU,567,17334,341592
27,OGUN,06,EWEKORO,04,ITORI,023,27/06/04/023,OPEN SPACE AT TELU VILLAGE,EXISTING PU,567,17334,341593
27,OGUN,06,EWEKORO,04,ITORI,024,27/06/04/024,JAGUNA VILLAGE SQUARE,EXISTING PU,567,17334,341594
27,OGUN,06,EWEKORO,04,ITORI,025,27/06/04/025,OPEN SPACE AT OLUKE VILLAGE,EXISTING PU,567,17334,341595
27,OGUN,06,EWEKORO,04,ITORI,026,27/06/04/026,OPEN SPACE AT KEULAGBE VILLAGE,EXISTING PU,567,17334,341596
27,OGUN,06,EWEKORO,04,ITORI,027,27/06/04/027,ALL SAINT PRY SCHOOL,NEW PU,567,17334,341597
27,OGUN,06,EWEKORO,04,ITORI,028,27/06/04/028,AGO OWU JUNCTION,NEW PU,567,17334,341598
27,OGUN,06,EWEKORO,04,ITORI,029,27/06/04/029,OPEN SPACE AT LAND OF PEACE,NEW PU,567,17334,341599
27,OGUN,06,EWEKORO,04,ITORI,030,27/06/04/030,"OPEN SPACE FRONT OF MAGISTRATE COURT, ITORI",NEW PU,567,17334,341600
27,OGUN,06,EWEKORO,04,ITORI,031,27/06/04/031,OPEN SPACE AT OMOSEBI  JUNCTION,NEW PU,567,17334,341601
27,OGUN,06,EWEKORO,04,ITORI,032,27/06/04/032,OPEN SPACE BESIDE RAILWAY LINE,NEW PU,567,17334,341602
27,OGUN,06,EWEKORO,04,ITORI,033,27/06/04/033,OPEN SPACE IN FRONT OF PUBLI WATER TANK,NEW PU,567,17334,341603
27,OGUN,06,EWEKORO,04,ITORI,034,27/06/04/034,OPEN SPACE BSIDE TOP MOST BLOCK INDUSTRY,NEW PU,567,17334,341604
27,OGUN,06,EWEKORO,04,ITORI,035,27/06/04/035,"OPEN SPACE BESIDE CHURCH, ALATIKA",NEW PU,567,17334,341605
27,OGUN,06,EWEKORO,04,ITORI,036,27/06/04/036,"TOWN HALL, ERUKU",NEW PU,567,17334,341606
27,OGUN,06,EWEKORO,04,ITORI,037,27/06/04/037,OPN SPACE LUFODO PLAYING GROUND,NEW PU,567,17334,341607
27,OGUN,06,EWEKORO,04,ITORI,038,27/06/04/038,"COMMUNITY PRY SCHOOL, AFOWOWA",NEW PU,567,17334,341608
27,OGUN,06,EWEKORO,04,ITORI,039,27/06/04/039,"OPEN SPACE OPP.MTN MAST , SURULERE",NEW PU,567,17334,341609
27,OGUN,06,EWEKORO,04,ITORI,040,27/06/04/040,"OPEN SPACE  BESIDE POLICE STATION , ITORI",NEW PU,567,17334,341610
27,OGUN,06,EWEKORO,04,ITORI,041,27/06/04/041,BODMAK JUNCTION OPP. TRANSFORMER,NEW PU,567,17334,341611
27,OGUN,06,EWEKORO,04,ITORI,042,27/06/04/042,"OPEN SPACE NUT COOPERATIVE , JAGUNA",NEW PU,567,17334,341612
27,OGUN,06,EWEKORO,04,ITORI,043,27/06/04/043,PLAYING GROUND BESIDE S/A FILLING  STATION,NEW PU,567,17334,341613
27,OGUN,06,EWEKORO,04,ITORI,044,27/06/04/044,"L.G NURSERY/PRY SCHOOL, GASLINE",NEW PU,567,17334,341614
27,OGUN,06,EWEKORO,04,ITORI,045,27/06/04/045,ST PAUL NURSERY/ PRY  SCHOOL,NEW PU,567,17334,341615
27,OGUN,06,EWEKORO,04,ITORI,046,27/06/04/046,OPEN SPACE LAPELEKE,NEW PU,567,17334,341616
27,OGUN,06,EWEKORO,05,ELERE/ONIGBEDU,001,27/06/05/001,OPEN SPACE AT KOBORO (NEAR NEPA TRANSFORMER),EXISTING PU,567,17335,341617
27,OGUN,06,EWEKORO,05,ELERE/ONIGBEDU,002,27/06/05/002,ST. SIMEON SCHOOL ELERE/ABULETITUN I,EXISTING PU,567,17335,341618
27,OGUN,06,EWEKORO,05,ELERE/ONIGBEDU,003,27/06/05/003,ST. SIMEON SCHOOL ELERE/ABULE TITUN II,EXISTING PU,567,17335,341619
27,OGUN,06,EWEKORO,05,ELERE/ONIGBEDU,004,27/06/05/004,OPEN SPACE AT AJIPATUTU,EXISTING PU,567,17335,341620
27,OGUN,06,EWEKORO,05,ELERE/ONIGBEDU,005,27/06/05/005,A/C SCHOOL ONIGBEDU  I,EXISTING PU,567,17335,341621
27,OGUN,06,EWEKORO,05,ELERE/ONIGBEDU,006,27/06/05/006,A/C SCHOOL ONIGBEDU  II,EXISTING PU,567,17335,341622
27,OGUN,06,EWEKORO,05,ELERE/ONIGBEDU,007,27/06/05/007,A/C SCHOOL BABALAWO,EXISTING PU,567,17335,341623
27,OGUN,06,EWEKORO,05,ELERE/ONIGBEDU,008,27/06/05/008,A/C SCHOOL AGA - OLOWO,EXISTING PU,567,17335,341624
27,OGUN,06,EWEKORO,05,ELERE/ONIGBEDU,009,27/06/05/009,A/C SCHOOL ATOLA,EXISTING PU,567,17335,341625
27,OGUN,06,EWEKORO,05,ELERE/ONIGBEDU,010,27/06/05/010,OCCHS FIELD,EXISTING PU,567,17335,341626
27,OGUN,06,EWEKORO,05,ELERE/ONIGBEDU,011,27/06/05/011,INFRONT OF BAALE'S HOUSE ELERE ADUBI,EXISTING PU,567,17335,341627
27,OGUN,06,EWEKORO,05,ELERE/ONIGBEDU,012,27/06/05/012,OPEN SPACE AT MOREKETE/ILEFUN,EXISTING PU,567,17335,341628
27,OGUN,06,EWEKORO,05,ELERE/ONIGBEDU,013,27/06/05/013,OPEN SPACE BESIDE EWEKORO LG HEALTH CENTRE,NEW PU,567,17335,341629
27,OGUN,06,EWEKORO,05,ELERE/ONIGBEDU,014,27/06/05/014,OPEN SPACE AT ONIJOKUN JUNCTION,NEW PU,567,17335,341630
27,OGUN,06,EWEKORO,05,ELERE/ONIGBEDU,015,27/06/05/015,OPEN SPACE  BESIDE OGUN RURAL WATER,NEW PU,567,17335,341631
27,OGUN,06,EWEKORO,06,PAPALANTO,001,27/06/06/001,PAPALANTO HIGH SCHOOL  I,EXISTING PU,567,17336,341632
27,OGUN,06,EWEKORO,06,PAPALANTO,002,27/06/06/002,PAPALANTO HIGH SCHOOL II,EXISTING PU,567,17336,341633
27,OGUN,06,EWEKORO,06,PAPALANTO,003,27/06/06/003,UNITED CENTRAL SCHOOL ISOFIN,EXISTING PU,567,17336,341634
27,OGUN,06,EWEKORO,06,PAPALANTO,004,27/06/06/004,L.G. SCHOOL AYEPE,EXISTING PU,567,17336,341635
27,OGUN,06,EWEKORO,06,PAPALANTO,005,27/06/06/005,A/C SCHOOL WASIMI ALAFIA  I,EXISTING PU,567,17336,341636
27,OGUN,06,EWEKORO,06,PAPALANTO,006,27/06/06/006,A/C SCHOOL WASIMI ALAFIA  II,EXISTING PU,567,17336,341637
27,OGUN,06,EWEKORO,06,PAPALANTO,007,27/06/06/007,TOWN HALL ABULE ODO,EXISTING PU,567,17336,341638
27,OGUN,06,EWEKORO,06,PAPALANTO,008,27/06/06/008,OPEN SPACE AT EWEKORO VILLAGE  I,EXISTING PU,567,17336,341639
27,OGUN,06,EWEKORO,06,PAPALANTO,009,27/06/06/009,OPEN SPACE AT EWEKORO VILLAGE  II,EXISTING PU,567,17336,341640
27,OGUN,06,EWEKORO,06,PAPALANTO,010,27/06/06/010,BAPT. SCHOOL EWEKORO,EXISTING PU,567,17336,341641
27,OGUN,06,EWEKORO,06,PAPALANTO,011,27/06/06/011,OPEN SPACE AT OKO LEMO,EXISTING PU,567,17336,341642
27,OGUN,06,EWEKORO,06,PAPALANTO,012,27/06/06/012,ARAROMI AREA VILLAGE SQUARE,EXISTING PU,567,17336,341643
27,OGUN,06,EWEKORO,06,PAPALANTO,013,27/06/06/013,OPEN SPACE AT AKINBO VILLAGE,EXISTING PU,567,17336,341644
27,OGUN,06,EWEKORO,06,PAPALANTO,014,27/06/06/014,OPEN SPACE AT AJEGUNLE EGBADO,EXISTING PU,567,17336,341645
27,OGUN,06,EWEKORO,06,PAPALANTO,015,27/06/06/015,OPEN SPACE AT ABULE OTUN,EXISTING PU,567,17336,341646
27,OGUN,06,EWEKORO,06,PAPALANTO,016,27/06/06/016,"COMMUNITY HALL, ISHOFIN",NEW PU,567,17336,341647
27,OGUN,06,EWEKORO,06,PAPALANTO,017,27/06/06/017,"CDA TOWN HALL, AYEPE",NEW PU,567,17336,341648
27,OGUN,06,EWEKORO,06,PAPALANTO,018,27/06/06/018,"COMMUNITY HALL, SURULERE, GUDUGBA",NEW PU,567,17336,341649
27,OGUN,06,EWEKORO,06,PAPALANTO,019,27/06/06/019,"COMMUNITY HALL, ORIOGBO",NEW PU,567,17336,341650
27,OGUN,06,EWEKORO,06,PAPALANTO,020,27/06/06/020,NEPA SWITCH ROOM,NEW PU,567,17336,341651
27,OGUN,06,EWEKORO,06,PAPALANTO,021,27/06/06/021,"OPEN SPACE BESIDE POLICE POST, EWEKORO",NEW PU,567,17336,341652
27,OGUN,06,EWEKORO,06,PAPALANTO,022,27/06/06/022,COMMUNITY HEALTH CENTRE,NEW PU,567,17336,341653
27,OGUN,06,EWEKORO,06,PAPALANTO,023,27/06/06/023,"TOWN HALL, AJAYI COMMUNITY",NEW PU,567,17336,341654
27,OGUN,06,EWEKORO,06,PAPALANTO,024,27/06/06/024,OPEN SPACE AT EMILOJU JUNCTION,NEW PU,567,17336,341655
27,OGUN,06,EWEKORO,06,PAPALANTO,025,27/06/06/025,OPEN SPACE BESIDE PUBLIC WATER TANK,NEW PU,567,17336,341656
27,OGUN,06,EWEKORO,06,PAPALANTO,026,27/06/06/026,IFELODUN COMMUNITY TOWN HALL,NEW PU,567,17336,341657
27,OGUN,06,EWEKORO,06,PAPALANTO,027,27/06/06/027,OPEN SPACE ADJACENT AKINBO TRANSFORMER,NEW PU,567,17336,341658
27,OGUN,06,EWEKORO,06,PAPALANTO,028,27/06/06/028,OPEN SPACE BESIDE RAILWAY STATION,NEW PU,567,17336,341659
27,OGUN,06,EWEKORO,07,WASIMI,001,27/06/07/001,TOWN HALL WASIMI  I,EXISTING PU,567,17337,341660
27,OGUN,06,EWEKORO,07,WASIMI,002,27/06/07/002,TOWN HALL WASIMI  II,EXISTING PU,567,17337,341661
27,OGUN,06,EWEKORO,07,WASIMI,003,27/06/07/003,ST. MICHEAL SCHOOL WASIMI,EXISTING PU,567,17337,341662
27,OGUN,06,EWEKORO,07,WASIMI,004,27/06/07/004,A/C SCHOOL BAIYE,EXISTING PU,567,17337,341663
27,OGUN,06,EWEKORO,07,WASIMI,005,27/06/07/005,A/C SCHOOL AWADO,EXISTING PU,567,17337,341664
27,OGUN,06,EWEKORO,07,WASIMI,006,27/06/07/006,OPEN SPACE AT TEPONA VILLAGE,EXISTING PU,567,17337,341665
27,OGUN,06,EWEKORO,07,WASIMI,007,27/06/07/007,OPEN SPACE AT OTUGADE,EXISTING PU,567,17337,341666
27,OGUN,06,EWEKORO,07,WASIMI,008,27/06/07/008,PRY. SCHOOL OGBERE,EXISTING PU,567,17337,341667
27,OGUN,06,EWEKORO,07,WASIMI,009,27/06/07/009,A/C SCHOOL LOTI,EXISTING PU,567,17337,341668
27,OGUN,06,EWEKORO,07,WASIMI,010,27/06/07/010,OPEN SPACE IN FRONT OF OLD DISPENSARY,NEW PU,567,17337,341669
27,OGUN,06,EWEKORO,07,WASIMI,011,27/06/07/011,"BAPTIST CENTRAL NURSERY/ PRY SCHOOL, WASIMI",NEW PU,567,17337,341670
27,OGUN,06,EWEKORO,07,WASIMI,012,27/06/07/012,"OPEN SPACE BESIDE PUBLIC WATER TANK, BOLUFERE/ELEKURO",NEW PU,567,17337,341671
27,OGUN,06,EWEKORO,08,MOSAN,001,27/06/08/001,OPEN SPACE AT ADE-AGBA VILLAGE SQUARE,EXISTING PU,567,17338,341672
27,OGUN,06,EWEKORO,08,MOSAN,002,27/06/08/002,OPEN SPACE AT OSUPORI VILLAGE SQUARE,EXISTING PU,567,17338,341673
27,OGUN,06,EWEKORO,08,MOSAN,003,27/06/08/003,PRY. SCHOOL MOSAN,EXISTING PU,567,17338,341674
27,OGUN,06,EWEKORO,08,MOSAN,004,27/06/08/004,PRY. SCHOOL OTEYI OLOKUTA,EXISTING PU,567,17338,341675
27,OGUN,06,EWEKORO,08,MOSAN,005,27/06/08/005,PRY. SCHOOL SIGO OPALOLA,EXISTING PU,567,17338,341676
27,OGUN,06,EWEKORO,08,MOSAN,006,27/06/08/006,WASIMI ORILE,EXISTING PU,567,17338,341677
27,OGUN,06,EWEKORO,08,MOSAN,007,27/06/08/007,ISALE STATION  I,EXISTING PU,567,17338,341678
27,OGUN,06,EWEKORO,08,MOSAN,008,27/06/08/008,ISALE STATION  II,EXISTING PU,567,17338,341679
27,OGUN,06,EWEKORO,08,MOSAN,009,27/06/08/009,PRY. SCHOOL IGBIN OJO,EXISTING PU,567,17338,341680
27,OGUN,06,EWEKORO,08,MOSAN,010,27/06/08/010,TEEMU VILLAGE,EXISTING PU,567,17338,341681
27,OGUN,06,EWEKORO,08,MOSAN,011,27/06/08/011,IGBIN AROWOSEGBE VILLAGE,EXISTING PU,567,17338,341682
27,OGUN,06,EWEKORO,09,OWOWO,001,27/06/09/001,BAPT. SCHOOL AKINALE,EXISTING PU,567,17339,341683
27,OGUN,06,EWEKORO,09,OWOWO,002,27/06/09/002,A/C SCHOOL OWOWO,EXISTING PU,567,17339,341684
27,OGUN,06,EWEKORO,09,OWOWO,003,27/06/09/003,PRY. SCHOOL IJUMO-OLOGBONI,EXISTING PU,567,17339,341685
27,OGUN,06,EWEKORO,09,OWOWO,004,27/06/09/004,A.U.D. SCHOOL ELEYELE,EXISTING PU,567,17339,341686
27,OGUN,06,EWEKORO,09,OWOWO,005,27/06/09/005,A/C SCHOOL AKINBIYE,EXISTING PU,567,17339,341687
27,OGUN,06,EWEKORO,09,OWOWO,006,27/06/09/006,OWOWO HIGH SCHOOL,EXISTING PU,567,17339,341688
27,OGUN,06,EWEKORO,09,OWOWO,007,27/06/09/007,AKINJOLE VILLAGE SQUARE,EXISTING PU,567,17339,341689
27,OGUN,06,EWEKORO,09,OWOWO,008,27/06/09/008,"HEALTH CENTRE, OWOWO",NEW PU,567,17339,341690
27,OGUN,06,EWEKORO,10,OBADA-OKO,001,27/06/10/001,ST. JOHN SCHOOL AYEDERE,EXISTING PU,567,17340,341691
27,OGUN,06,EWEKORO,10,OBADA-OKO,002,27/06/10/002,IWOKUN VILLAGE,EXISTING PU,567,17340,341692
27,OGUN,06,EWEKORO,10,OBADA-OKO,003,27/06/10/003,PAKUDI,EXISTING PU,567,17340,341693
27,OGUN,06,EWEKORO,10,OBADA-OKO,004,27/06/10/004,TOWN HALL OBADA-OKO,EXISTING PU,567,17340,341694
27,OGUN,06,EWEKORO,10,OBADA-OKO,005,27/06/10/005,OGUNSOLU,EXISTING PU,567,17340,341695
27,OGUN,06,EWEKORO,10,OBADA-OKO,006,27/06/10/006,IYANA IKEREKU,EXISTING PU,567,17340,341696
27,OGUN,06,EWEKORO,10,OBADA-OKO,007,27/06/10/007,MARKET AREA OBADA-OKO,EXISTING PU,567,17340,341697
27,OGUN,06,EWEKORO,10,OBADA-OKO,008,27/06/10/008,ASIPA VILLAGE,EXISTING PU,567,17340,341698
27,OGUN,06,EWEKORO,10,OBADA-OKO,009,27/06/10/009,BANJOKO,EXISTING PU,567,17340,341699
27,OGUN,06,EWEKORO,10,OBADA-OKO,010,27/06/10/010,"COMMUNITY NURSERY / PRY SCHOOL, IGBORE",NEW PU,567,17340,341700
27,OGUN,06,EWEKORO,10,OBADA-OKO,011,27/06/10/011,"OWIWI NURSERY/PRY SCHOOL, OBADA",NEW PU,567,17340,341701
27,OGUN,06,EWEKORO,10,OBADA-OKO,012,27/06/10/012,"OPEN SPACE BESIDE TOWN HALL, ABULE AKE",NEW PU,567,17340,341702
27,OGUN,06,EWEKORO,10,OBADA-OKO,013,27/06/10/013,"OLUMO NURSERY/ PRY SCHOOL, AYELOJA",NEW PU,567,17340,341703
27,OGUN,06,EWEKORO,10,OBADA-OKO,014,27/06/10/014,IN FRONT OF MTN MAST KONDO ELEJA VILLAGE,NEW PU,567,17340,341704
27,OGUN,06,EWEKORO,10,OBADA-OKO,015,27/06/10/015,OPEN SPACE ADJACENT O-SQUARE HOTEL,NEW PU,567,17340,341705
27,OGUN,06,EWEKORO,10,OBADA-OKO,016,27/06/10/016,"L.G PRY HEALTH CENTRE, OBADA OKO",NEW PU,567,17340,341706
27,OGUN,06,EWEKORO,10,OBADA-OKO,017,27/06/10/017,"L.G HEALTH CENTRE, BANJOKO",NEW PU,567,17340,341707
27,OGUN,07,IFO,01,IFO  I,001,27/07/01/001,ISOPAKO  I,EXISTING PU,568,17341,341708
27,OGUN,07,IFO,01,IFO  I,002,27/07/01/002,ISOPAKO  II,EXISTING PU,568,17341,341709
27,OGUN,07,IFO,01,IFO  I,003,27/07/01/003,FRONT OF MOSQUE  I,EXISTING PU,568,17341,341710
27,OGUN,07,IFO,01,IFO  I,004,27/07/01/004,FRONT OF MOSQUE  II,EXISTING PU,568,17341,341711
27,OGUN,07,IFO,01,IFO  I,005,27/07/01/005,FRONT OF MOSQUE  III,EXISTING PU,568,17341,341712
27,OGUN,07,IFO,01,IFO  I,006,27/07/01/006,ADENRELE PRY. SCHOOL  I,EXISTING PU,568,17341,341713
27,OGUN,07,IFO,01,IFO  I,007,27/07/01/007,ADENRELE PRY. SCHOOL  II,EXISTING PU,568,17341,341714
27,OGUN,07,IFO,01,IFO  I,008,27/07/01/008,OLOSE PRY. SCHOOL  I,EXISTING PU,568,17341,341715
27,OGUN,07,IFO,01,IFO  I,009,27/07/01/009,OLOSE PRY. SCHOOL  II,EXISTING PU,568,17341,341716
27,OGUN,07,IFO,01,IFO  I,010,27/07/01/010,AGRIC. PHASE  I,EXISTING PU,568,17341,341717
27,OGUN,07,IFO,01,IFO  I,011,27/07/01/011,AGRIC. PHASE  II,EXISTING PU,568,17341,341718
27,OGUN,07,IFO,01,IFO  I,012,27/07/01/012,AGRIC. PHASE  III,EXISTING PU,568,17341,341719
27,OGUN,07,IFO,01,IFO  I,013,27/07/01/013,OPEN SPACE IFELODUN COMMUNITY ISOPAKO,NEW PU,568,17341,341720
27,OGUN,07,IFO,01,IFO  I,014,27/07/01/014,T. JUNCTION OLOHUNDA COMMUNITY ISOPAKO,NEW PU,568,17341,341721
27,OGUN,07,IFO,01,IFO  I,015,27/07/01/015,AGBELOBA/AKOREDE JUNCTION VESPA,NEW PU,568,17341,341722
27,OGUN,07,IFO,01,IFO  I,016,27/07/01/016,"OPEN SPACE BACK OF ACCESS,IKE ANOBI JUNCTION",NEW PU,568,17341,341723
27,OGUN,07,IFO,01,IFO  I,017,27/07/01/017,COMMUNITY PRY SCH ABATA BANGALOW,NEW PU,568,17341,341724
27,OGUN,07,IFO,01,IFO  I,018,27/07/01/018,OPEN SPACE ILUPEJU COMMUNITY,NEW PU,568,17341,341725
27,OGUN,07,IFO,01,IFO  I,019,27/07/01/019,OPEN SPACE IFELODUN JUNCTION,NEW PU,568,17341,341726
27,OGUN,07,IFO,01,IFO  I,020,27/07/01/020,"OPEN SPACE NEAR TRANSFORMER, ABATA TUNTUN",NEW PU,568,17341,341727
27,OGUN,07,IFO,01,IFO  I,021,27/07/01/021,"OPEN SPACE UNDER WATER TANK OKEOLA, IFO",NEW PU,568,17341,341728
27,OGUN,07,IFO,01,IFO  I,022,27/07/01/022,OPEN SPACE REX-AGE,NEW PU,568,17341,341729
27,OGUN,07,IFO,01,IFO  I,023,27/07/01/023,OPEN SPACE MIKEL GAS ABATA JUNCTION,NEW PU,568,17341,341730
27,OGUN,07,IFO,01,IFO  I,024,27/07/01/024,N.U.D PRY SCHOOL,NEW PU,568,17341,341731
27,OGUN,07,IFO,01,IFO  I,025,27/07/01/025,OPEN SPACE TOLU OLAJIDE/ALFA SAKA,NEW PU,568,17341,341732
27,OGUN,07,IFO,01,IFO  I,026,27/07/01/026,T.JUNCTION OPEYEMI ISOPAKO,NEW PU,568,17341,341733
27,OGUN,07,IFO,02,IFO  II,001,27/07/02/001,R.C.M. SCHOOL  I,EXISTING PU,568,17342,341734
27,OGUN,07,IFO,02,IFO  II,002,27/07/02/002,R.C.M. SCHOOL  II,EXISTING PU,568,17342,341735
27,OGUN,07,IFO,02,IFO  II,003,27/07/02/003,R.C.M. SCHOOL  III,EXISTING PU,568,17342,341736
27,OGUN,07,IFO,02,IFO  II,004,27/07/02/004,OKENLA ROAD  I,EXISTING PU,568,17342,341737
27,OGUN,07,IFO,02,IFO  II,005,27/07/02/005,OKENLA ROAD  II,EXISTING PU,568,17342,341738
27,OGUN,07,IFO,02,IFO  II,006,27/07/02/006,FRONT OF EMMANUEL CHURCH I,EXISTING PU,568,17342,341739
27,OGUN,07,IFO,02,IFO  II,007,27/07/02/007,FRONT OF EMMANUEL CHURECH II,EXISTING PU,568,17342,341740
27,OGUN,07,IFO,02,IFO  II,008,27/07/02/008,HAUSA QUARTERS  I,EXISTING PU,568,17342,341741
27,OGUN,07,IFO,02,IFO  II,009,27/07/02/009,HAUSA QUARTERS  II,EXISTING PU,568,17342,341742
27,OGUN,07,IFO,02,IFO  II,010,27/07/02/010,COKER ROAD JUNCTION  I,EXISTING PU,568,17342,341743
27,OGUN,07,IFO,02,IFO  II,011,27/07/02/011,COKER ROAD JUNCTION  II,EXISTING PU,568,17342,341744
27,OGUN,07,IFO,02,IFO  II,012,27/07/02/012,CRAIG LANE ILUPEJU  I,EXISTING PU,568,17342,341745
27,OGUN,07,IFO,02,IFO  II,013,27/07/02/013,CRAIG LANE ILUPEJU  II,EXISTING PU,568,17342,341746
27,OGUN,07,IFO,02,IFO  II,014,27/07/02/014,IKORITA MEJE JUNCTION,NEW PU,568,17342,341747
27,OGUN,07,IFO,02,IFO  II,015,27/07/02/015,OKENLA PRY. SCHOOL,NEW PU,568,17342,341748
27,OGUN,07,IFO,02,IFO  II,016,27/07/02/016,ANGLICAN GRAMMAR SCHOOL,NEW PU,568,17342,341749
27,OGUN,07,IFO,02,IFO  II,017,27/07/02/017,"OPEN SPACE, TEMIDIRE JUNCTION",NEW PU,568,17342,341750
27,OGUN,07,IFO,02,IFO  II,018,27/07/02/018,JUNCTION OKO IREKE COMMUNITY,NEW PU,568,17342,341751
27,OGUN,07,IFO,02,IFO  II,019,27/07/02/019,GLOBAL JUNCTION,NEW PU,568,17342,341752
27,OGUN,07,IFO,02,IFO  II,020,27/07/02/020,OPPOSITE POST OFFICE,NEW PU,568,17342,341753
27,OGUN,07,IFO,02,IFO  II,021,27/07/02/021,"IFO HIGH SCHOOL, IFO",NEW PU,568,17342,341754
27,OGUN,07,IFO,02,IFO  II,022,27/07/02/022,"OPEN SPACE, AKINHANMI JUNCTION. MARKET AREA, IFO",NEW PU,568,17342,341755
27,OGUN,07,IFO,02,IFO  II,023,27/07/02/023,"OPEN SPACE, AKINHANMI JUNCTION. MARKET AREA, IFO",NEW PU,568,17342,341756
27,OGUN,07,IFO,02,IFO  II,024,27/07/02/024,"ORISUNMIBARE BY ALAFIA JUNCTION, ORISUNMIBARE, IFO",NEW PU,568,17342,341757
27,OGUN,07,IFO,02,IFO  II,025,27/07/02/025,"OLUWALOSEYI, ABC ROAD, OKENLA EXTENSION, IFO",NEW PU,568,17342,341758
27,OGUN,07,IFO,02,IFO  II,026,27/07/02/026,"FADARORI COMMUNITY, IFO",NEW PU,568,17342,341759
27,OGUN,07,IFO,03,IFO  III,001,27/07/03/001,OLUOMO-ROAD,EXISTING PU,568,17343,341760
27,OGUN,07,IFO,03,IFO  III,002,27/07/03/002,WILLIAMS HOUSE  I,EXISTING PU,568,17343,341761
27,OGUN,07,IFO,03,IFO  III,003,27/07/03/003,WILLIAMS HOUSE  II,EXISTING PU,568,17343,341762
27,OGUN,07,IFO,03,IFO  III,004,27/07/03/004,ORILE IFO  II,EXISTING PU,568,17343,341763
27,OGUN,07,IFO,03,IFO  III,005,27/07/03/005,ORILE IFO (OPP. APATA MOSQUE),EXISTING PU,568,17343,341764
27,OGUN,07,IFO,03,IFO  III,006,27/07/03/006,ALFA SALISU/YIDI  I,EXISTING PU,568,17343,341765
27,OGUN,07,IFO,03,IFO  III,007,27/07/03/007,ALFA SALISU/YIDI  II,EXISTING PU,568,17343,341766
27,OGUN,07,IFO,03,IFO  III,008,27/07/03/008,ALFA SALISU/YIDI  III,EXISTING PU,568,17343,341767
27,OGUN,07,IFO,03,IFO  III,009,27/07/03/009,FRONT OF SERIKI HOUSE I,EXISTING PU,568,17343,341768
27,OGUN,07,IFO,03,IFO  III,010,27/07/03/010,FRONT OF SERIKI HOUSE II,EXISTING PU,568,17343,341769
27,OGUN,07,IFO,03,IFO  III,011,27/07/03/011,AGOSI ESTATE  I,EXISTING PU,568,17343,341770
27,OGUN,07,IFO,03,IFO  III,012,27/07/03/012,AGOSI ESTATE  II,EXISTING PU,568,17343,341771
27,OGUN,07,IFO,03,IFO  III,013,27/07/03/013,AGOSI ESTATE  III,EXISTING PU,568,17343,341772
27,OGUN,07,IFO,03,IFO  III,014,27/07/03/014,NEAR IDERE BAKERY  I,EXISTING PU,568,17343,341773
27,OGUN,07,IFO,03,IFO  III,015,27/07/03/015,NEAR IDERE BAKERY  II,EXISTING PU,568,17343,341774
27,OGUN,07,IFO,03,IFO  III,016,27/07/03/016,ABEKOKO RIGHT  I,EXISTING PU,568,17343,341775
27,OGUN,07,IFO,03,IFO  III,017,27/07/03/017,ABEKOKO RIGHT  II,EXISTING PU,568,17343,341776
27,OGUN,07,IFO,03,IFO  III,018,27/07/03/018,ABEKOKO RIGHT  III,EXISTING PU,568,17343,341777
27,OGUN,07,IFO,03,IFO  III,019,27/07/03/019,OLUOMO'S QUARTERS  I,EXISTING PU,568,17343,341778
27,OGUN,07,IFO,03,IFO  III,020,27/07/03/020,OLUOMO'S QUARTERS  II,EXISTING PU,568,17343,341779
27,OGUN,07,IFO,03,IFO  III,021,27/07/03/021,LOCAL GOVT. SCH. ABEKOKO I,EXISTING PU,568,17343,341780
27,OGUN,07,IFO,03,IFO  III,022,27/07/03/022,LOCAL GOVT. SCH. ABEKOKO II,EXISTING PU,568,17343,341781
27,OGUN,07,IFO,03,IFO  III,023,27/07/03/023,LOCAL GOVT. SCH. ABEKOKO III,EXISTING PU,568,17343,341782
27,OGUN,07,IFO,03,IFO  III,024,27/07/03/024,OLU-OMO ROAD II,EXISTING PU,568,17343,341783
27,OGUN,07,IFO,03,IFO  III,025,27/07/03/025,OPEN SPACE IFELODUN ARAROMI,NEW PU,568,17343,341784
27,OGUN,07,IFO,03,IFO  III,026,27/07/03/026,COMMUNITY NUR.PRY.SCH.,NEW PU,568,17343,341785
27,OGUN,07,IFO,03,IFO  III,027,27/07/03/027,OPEN SPACE ALAMUKU,NEW PU,568,17343,341786
27,OGUN,07,IFO,03,IFO  III,028,27/07/03/028,OPEN SPACE SO-SAFE CORP GROUND SOJUOLU ROAD IFO,NEW PU,568,17343,341787
27,OGUN,07,IFO,03,IFO  III,029,27/07/03/029,OPEN SPACE OMOTAYO JUNCTION,NEW PU,568,17343,341788
27,OGUN,07,IFO,03,IFO  III,030,27/07/03/030,OPEN SPACE BACK OF RAILLINE,NEW PU,568,17343,341789
27,OGUN,07,IFO,03,IFO  III,031,27/07/03/031,OPEN SPACE OJERINDE JUNCTION,NEW PU,568,17343,341790
27,OGUN,07,IFO,03,IFO  III,032,27/07/03/032,OPEN SPACE AT AGOSI PRIMARY HEALTH CENTER,NEW PU,568,17343,341791
27,OGUN,07,IFO,03,IFO  III,033,27/07/03/033,COMMUNITY PRIMARY SCHOOL,NEW PU,568,17343,341792
27,OGUN,07,IFO,03,IFO  III,034,27/07/03/034,OPEN SPACE AT POWER LINE,NEW PU,568,17343,341793
27,OGUN,07,IFO,03,IFO  III,035,27/07/03/035,"OPEN SPACE,OREOFE JUNCTION",NEW PU,568,17343,341794
27,OGUN,07,IFO,03,IFO  III,036,27/07/03/036,EMILY COMMUNITY PRIMARY SCHOOL,NEW PU,568,17343,341795
27,OGUN,07,IFO,03,IFO  III,037,27/07/03/037,"OPEN SPACE, ADEBOTE STREET AJOWA ABEKOKO",NEW PU,568,17343,341796
27,OGUN,07,IFO,03,IFO  III,038,27/07/03/038,ADEBOWALE JUNCTION BOKURU,NEW PU,568,17343,341797
27,OGUN,07,IFO,03,IFO  III,039,27/07/03/039,OPEN SPACE AT MERCY LAND JUNCTION,NEW PU,568,17343,341798
27,OGUN,07,IFO,03,IFO  III,040,27/07/03/040,OPEN SPACE DARUL-MUMEEN AVENUE JUNCTION,NEW PU,568,17343,341799
27,OGUN,07,IFO,04,AGBADO,001,27/07/04/001,N.U.D. SCHOOL  I,EXISTING PU,568,17344,341800
27,OGUN,07,IFO,04,AGBADO,002,27/07/04/002,N.U.D. SCHOOL  II,EXISTING PU,568,17344,341801
27,OGUN,07,IFO,04,AGBADO,003,27/07/04/003,N.U.D. SCHOOL  III,EXISTING PU,568,17344,341802
27,OGUN,07,IFO,04,AGBADO,004,27/07/04/004,COURT JUNCTION  I,EXISTING PU,568,17344,341803
27,OGUN,07,IFO,04,AGBADO,005,27/07/04/005,COURT JUNCTION  II,EXISTING PU,568,17344,341804
27,OGUN,07,IFO,04,AGBADO,006,27/07/04/006,COURT JUNCTION  III,EXISTING PU,568,17344,341805
27,OGUN,07,IFO,04,AGBADO,007,27/07/04/007,"A.C. SCHOOL, AGBADO  I",EXISTING PU,568,17344,341806
27,OGUN,07,IFO,04,AGBADO,008,27/07/04/008,"A.C. SCHOOL, AGBADO  II",EXISTING PU,568,17344,341807
27,OGUN,07,IFO,04,AGBADO,009,27/07/04/009,"A.C. SCHOOL, AGBADO  III",EXISTING PU,568,17344,341808
27,OGUN,07,IFO,04,AGBADO,010,27/07/04/010,AKERA  I,EXISTING PU,568,17344,341809
27,OGUN,07,IFO,04,AGBADO,011,27/07/04/011,AKERA  II,EXISTING PU,568,17344,341810
27,OGUN,07,IFO,04,AGBADO,012,27/07/04/012,L.G.A. OFFICE  I,EXISTING PU,568,17344,341811
27,OGUN,07,IFO,04,AGBADO,013,27/07/04/013,L.G.A. OFFICE  II,EXISTING PU,568,17344,341812
27,OGUN,07,IFO,04,AGBADO,014,27/07/04/014,MARKET  I,EXISTING PU,568,17344,341813
27,OGUN,07,IFO,04,AGBADO,015,27/07/04/015,MARKET  II,EXISTING PU,568,17344,341814
27,OGUN,07,IFO,04,AGBADO,016,27/07/04/016,MARKET  III,EXISTING PU,568,17344,341815
27,OGUN,07,IFO,04,AGBADO,017,27/07/04/017,ISAGA ABOSULE  I,EXISTING PU,568,17344,341816
27,OGUN,07,IFO,04,AGBADO,018,27/07/04/018,ISAGA ABOSULE  II,EXISTING PU,568,17344,341817
27,OGUN,07,IFO,04,AGBADO,019,27/07/04/019,ISAGA ABOSULE  III,EXISTING PU,568,17344,341818
27,OGUN,07,IFO,04,AGBADO,020,27/07/04/020,POWER LINE  I,EXISTING PU,568,17344,341819
27,OGUN,07,IFO,04,AGBADO,021,27/07/04/021,POWER LINE  II,EXISTING PU,568,17344,341820
27,OGUN,07,IFO,04,AGBADO,022,27/07/04/022,ADUBULEJA  I,EXISTING PU,568,17344,341821
27,OGUN,07,IFO,04,AGBADO,023,27/07/04/023,ADUBULEJA  II,EXISTING PU,568,17344,341822
27,OGUN,07,IFO,04,AGBADO,024,27/07/04/024,RAILWAY CROSSING  I,EXISTING PU,568,17344,341823
27,OGUN,07,IFO,04,AGBADO,025,27/07/04/025,RAILWAY CROSSING  II,EXISTING PU,568,17344,341824
27,OGUN,07,IFO,04,AGBADO,026,27/07/04/026,ABORO AREA  I,EXISTING PU,568,17344,341825
27,OGUN,07,IFO,04,AGBADO,027,27/07/04/027,ABORO AREA  II,EXISTING PU,568,17344,341826
27,OGUN,07,IFO,04,AGBADO,028,27/07/04/028,ABORO AREA  III,EXISTING PU,568,17344,341827
27,OGUN,07,IFO,04,AGBADO,029,27/07/04/029,JESU OSEUN (AKARA)  I,EXISTING PU,568,17344,341828
27,OGUN,07,IFO,04,AGBADO,030,27/07/04/030,JESU OSEUN (AKARA)  II,EXISTING PU,568,17344,341829
27,OGUN,07,IFO,04,AGBADO,031,27/07/04/031,C.D.C. OFFICE (OREMERIN) I,EXISTING PU,568,17344,341830
27,OGUN,07,IFO,04,AGBADO,032,27/07/04/032,C.D.C. OFFICE (OREMERIN) II,EXISTING PU,568,17344,341831
27,OGUN,07,IFO,04,AGBADO,033,27/07/04/033,OPEN SPACE IFELODUN JUNCTION,NEW PU,568,17344,341832
27,OGUN,07,IFO,04,AGBADO,034,27/07/04/034,OPEN SPACE ODO OBA STR.,NEW PU,568,17344,341833
27,OGUN,07,IFO,04,AGBADO,035,27/07/04/035,OPEN SPACE UNITY AVENUE,NEW PU,568,17344,341834
27,OGUN,07,IFO,04,AGBADO,036,27/07/04/036,OPEN SPACE ELEFONDE JUNCTION,NEW PU,568,17344,341835
27,OGUN,07,IFO,04,AGBADO,037,27/07/04/037,OPEN SPACE ALFA NLA JUNCTION,NEW PU,568,17344,341836
27,OGUN,07,IFO,04,AGBADO,038,27/07/04/038,OWONIKOKO COMMUNITY HAL,NEW PU,568,17344,341837
27,OGUN,07,IFO,04,AGBADO,039,27/07/04/039,OPEN SPACE IYANIWURO JUCTION,NEW PU,568,17344,341838
27,OGUN,07,IFO,04,AGBADO,040,27/07/04/040,OPEN SPACE TAIWO OJIKUTU,NEW PU,568,17344,341839
27,OGUN,07,IFO,04,AGBADO,041,27/07/04/041,OPEN SPACE BABS ADETORO JUNCTUON,NEW PU,568,17344,341840
27,OGUN,07,IFO,04,AGBADO,042,27/07/04/042,OPEN SPACE ONIKEKU JUNCTION,NEW PU,568,17344,341841
27,OGUN,07,IFO,04,AGBADO,043,27/07/04/043,OPEN SPACE IDOWU JUNCTUON,NEW PU,568,17344,341842
27,OGUN,07,IFO,04,AGBADO,044,27/07/04/044,OPEN SPACE AKINDELE JUNCTION,NEW PU,568,17344,341843
27,OGUN,07,IFO,04,AGBADO,045,27/07/04/045,OPEN SPACE SHONDE JUNCTION,NEW PU,568,17344,341844
27,OGUN,07,IFO,04,AGBADO,046,27/07/04/046,OPEN SPACE ORELOPE  JUNCTION.,NEW PU,568,17344,341845
27,OGUN,07,IFO,04,AGBADO,047,27/07/04/047,OPEN SPACE AT POWER LINE WATER SUPPLY,NEW PU,568,17344,341846
27,OGUN,07,IFO,04,AGBADO,048,27/07/04/048,OPEN SPACE ILE ISE JUNCTION,NEW PU,568,17344,341847
27,OGUN,07,IFO,04,AGBADO,049,27/07/04/049,OPEN SPACE SOLA OYELEYE JUNCTION,NEW PU,568,17344,341848
27,OGUN,07,IFO,04,AGBADO,050,27/07/04/050,OPEN SPACE ASUNJE JUNCTION,NEW PU,568,17344,341849
27,OGUN,07,IFO,04,AGBADO,051,27/07/04/051,OPEN SPACE JUBRIL LIASU JUNCTION,NEW PU,568,17344,341850
27,OGUN,07,IFO,04,AGBADO,052,27/07/04/052,OPEN SPACE SAWMILL ADIYAN,NEW PU,568,17344,341851
27,OGUN,07,IFO,04,AGBADO,053,27/07/04/053,OPEN SPACE MURI ABIOLA,NEW PU,568,17344,341852
27,OGUN,07,IFO,04,AGBADO,054,27/07/04/054,OPEN SPACE OYEYUWO,NEW PU,568,17344,341853
27,OGUN,07,IFO,04,AGBADO,055,27/07/04/055,OPEN SPACE SURULERE ABATAN,NEW PU,568,17344,341854
27,OGUN,07,IFO,04,AGBADO,056,27/07/04/056,OPEN SPACE OLAOLUWA JUNCTION,NEW PU,568,17344,341855
27,OGUN,07,IFO,04,AGBADO,057,27/07/04/057,OPEN SPACE FALOLU JUNCTION,NEW PU,568,17344,341856
27,OGUN,07,IFO,04,AGBADO,058,27/07/04/058,OPEN SPACE AGO ALAGBEDE,NEW PU,568,17344,341857
27,OGUN,07,IFO,04,AGBADO,059,27/07/04/059,OPEN SPACE IDOWU AKERA JUNCTION,NEW PU,568,17344,341858
27,OGUN,07,IFO,04,AGBADO,060,27/07/04/060,OPEN SPACE NIYI ADENIRAN JUNCTION,NEW PU,568,17344,341859
27,OGUN,07,IFO,04,AGBADO,061,27/07/04/061,OPEN SPACE AINA JUNCTION,NEW PU,568,17344,341860
27,OGUN,07,IFO,04,AGBADO,062,27/07/04/062,OPEN SPACE OGUNBOTE JUNCTION,NEW PU,568,17344,341861
27,OGUN,07,IFO,04,AGBADO,063,27/07/04/063,OPEN SPACE ADEYEMI JUNCTION,NEW PU,568,17344,341862
27,OGUN,07,IFO,04,AGBADO,064,27/07/04/064,"OPEN SPACE FADIPE STR,",NEW PU,568,17344,341863
27,OGUN,07,IFO,04,AGBADO,065,27/07/04/065,OPEN SPACE RAMONI AMUSA JUNCTION,NEW PU,568,17344,341864
27,OGUN,07,IFO,04,AGBADO,066,27/07/04/066,OPEN SPACE AYOOLA EDUN JUNCTION,NEW PU,568,17344,341865
27,OGUN,07,IFO,04,AGBADO,067,27/07/04/067,OPEN SPACE BADMUS STR.,NEW PU,568,17344,341866
27,OGUN,07,IFO,04,AGBADO,068,27/07/04/068,OPEN SPACE BLUE HOUSE JUNCTION,NEW PU,568,17344,341867
27,OGUN,07,IFO,04,AGBADO,069,27/07/04/069,OPEN SPACE ALABI MUSTAPHA JUNCTION,NEW PU,568,17344,341868
27,OGUN,07,IFO,04,AGBADO,070,27/07/04/070,OPEN SPACE FATAI NASIRU JUNCTION,NEW PU,568,17344,341869
27,OGUN,07,IFO,04,AGBADO,071,27/07/04/071,OPEN SPACE AREGBE JUNCTION,NEW PU,568,17344,341870
27,OGUN,07,IFO,05,ISERI,001,27/07/05/001,"SCHOOL PREMISES, ISERI  I",EXISTING PU,568,17345,341871
27,OGUN,07,IFO,05,ISERI,002,27/07/05/002,"SCHOOL PREMISES, ISERI  II",EXISTING PU,568,17345,341872
27,OGUN,07,IFO,05,ISERI,003,27/07/05/003,MAWERE,EXISTING PU,568,17345,341873
27,OGUN,07,IFO,05,ISERI,004,27/07/05/004,IWO JUCTION  I,EXISTING PU,568,17345,341874
27,OGUN,07,IFO,05,ISERI,005,27/07/05/005,IWO JUCTION  II,EXISTING PU,568,17345,341875
27,OGUN,07,IFO,05,ISERI,006,27/07/05/006,IWO JUCTION  III,EXISTING PU,568,17345,341876
27,OGUN,07,IFO,05,ISERI,007,27/07/05/007,KAJOLA JUNCTION  I,EXISTING PU,568,17345,341877
27,OGUN,07,IFO,05,ISERI,008,27/07/05/008,KAJOLA JUNCTION  II,EXISTING PU,568,17345,341878
27,OGUN,07,IFO,05,ISERI,009,27/07/05/009,YAKOYO  I,EXISTING PU,568,17345,341879
27,OGUN,07,IFO,05,ISERI,010,27/07/05/010,YAKOYO  II,EXISTING PU,568,17345,341880
27,OGUN,07,IFO,05,ISERI,011,27/07/05/011,"SCHOOL PREMISES, OJODU  I",EXISTING PU,568,17345,341881
27,OGUN,07,IFO,05,ISERI,012,27/07/05/012,"SCHOOL PREMISES, OJODU  II",EXISTING PU,568,17345,341882
27,OGUN,07,IFO,05,ISERI,013,27/07/05/013,"SCHOOL PREMISES, OJODU  III",EXISTING PU,568,17345,341883
27,OGUN,07,IFO,05,ISERI,014,27/07/05/014,"SCHOOL PREMISES, OJODU  IV",EXISTING PU,568,17345,341884
27,OGUN,07,IFO,05,ISERI,015,27/07/05/015,WARIWA/BAOKU VILLAGE  I,EXISTING PU,568,17345,341885
27,OGUN,07,IFO,05,ISERI,016,27/07/05/016,WARIWA/BAOKU VILLAGE  II,EXISTING PU,568,17345,341886
27,OGUN,07,IFO,05,ISERI,017,27/07/05/017,IGBEHIN ADUN  I,EXISTING PU,568,17345,341887
27,OGUN,07,IFO,05,ISERI,018,27/07/05/018,IGBEHIN ADUN  II,EXISTING PU,568,17345,341888
27,OGUN,07,IFO,05,ISERI,019,27/07/05/019,C.M.S. AGO-IJAYE,EXISTING PU,568,17345,341889
27,OGUN,07,IFO,05,ISERI,020,27/07/05/020,OPEN SPACE MADONNA ESTATE,NEW PU,568,17345,341890
27,OGUN,07,IFO,05,ISERI,021,27/07/05/021,BABA SULE JUNCTION,NEW PU,568,17345,341891
27,OGUN,07,IFO,05,ISERI,022,27/07/05/022,OPEN SPACE KINGS AVENUE,NEW PU,568,17345,341892
27,OGUN,07,IFO,05,ISERI,023,27/07/05/023,OPEN SPACE FOOD UNION,NEW PU,568,17345,341893
27,OGUN,07,IFO,05,ISERI,024,27/07/05/024,OPEN SPACE EMAKIRUN JUNCTION,NEW PU,568,17345,341894
27,OGUN,07,IFO,05,ISERI,025,27/07/05/025,OPEN SPACE ADIGBOLUJA STREE,NEW PU,568,17345,341895
27,OGUN,07,IFO,05,ISERI,026,27/07/05/026,OPEN SPACE ISLAMIC JUNCTION,NEW PU,568,17345,341896
27,OGUN,07,IFO,05,ISERI,027,27/07/05/027,OPEN SPACE OLADEJO JUNCTION,NEW PU,568,17345,341897
27,OGUN,07,IFO,05,ISERI,028,27/07/05/028,OPEN SPACE AGBEDINA JUNCTION,NEW PU,568,17345,341898
27,OGUN,07,IFO,05,ISERI,029,27/07/05/029,OPEN SPACE ADEBISI ADEBAMBO JUNCTION,NEW PU,568,17345,341899
27,OGUN,07,IFO,05,ISERI,030,27/07/05/030,OPEN SPACE OPP. JUST RITE,NEW PU,568,17345,341900
27,OGUN,07,IFO,05,ISERI,031,27/07/05/031,OPEN SPACE ISHERI ENTRANCE,NEW PU,568,17345,341901
27,OGUN,07,IFO,05,ISERI,032,27/07/05/032,KARA UNDER BRIDGE,NEW PU,568,17345,341902
27,OGUN,07,IFO,05,ISERI,033,27/07/05/033,OPEN SPACE OPP. CHANNELS,NEW PU,568,17345,341903
27,OGUN,07,IFO,05,ISERI,034,27/07/05/034,OPEN SPACE RIVER VIEW ESTATE GATE,NEW PU,568,17345,341904
27,OGUN,07,IFO,05,ISERI,035,27/07/05/035,MODEL PRY HEALTH CENTER,NEW PU,568,17345,341905
27,OGUN,07,IFO,05,ISERI,036,27/07/05/036,OPEN SPACE MOKORE JUNCTION,NEW PU,568,17345,341906
27,OGUN,07,IFO,05,ISERI,037,27/07/05/037,OPEN SPACE OGUNNAIKE/IWOROKO,NEW PU,568,17345,341907
27,OGUN,07,IFO,05,ISERI,038,27/07/05/038,OLUWAKEMI JUNCTION,NEW PU,568,17345,341908
27,OGUN,07,IFO,05,ISERI,039,27/07/05/039,PENIEFIELD JUNCTION,NEW PU,568,17345,341909
27,OGUN,07,IFO,05,ISERI,040,27/07/05/040,OKE-ALAFIA JUNCTION,NEW PU,568,17345,341910
27,OGUN,07,IFO,05,ISERI,041,27/07/05/041,"COMMUNITY HALL, EBO FIELD",NEW PU,568,17345,341911
27,OGUN,07,IFO,05,ISERI,042,27/07/05/042,DANKARO GATE BY ODOZIE,NEW PU,568,17345,341912
27,OGUN,07,IFO,05,ISERI,043,27/07/05/043,OPEN SPACE BY CCC WILMER,NEW PU,568,17345,341913
27,OGUN,07,IFO,05,ISERI,044,27/07/05/044,OPEN SPACE NIYI AYEYE JUNCTION,NEW PU,568,17345,341914
27,OGUN,07,IFO,05,ISERI,045,27/07/05/045,OPEN SPACE BY SPARKLIGHT ESTATE,NEW PU,568,17345,341915
27,OGUN,07,IFO,05,ISERI,046,27/07/05/046,"OPEN SPACE MONDAY OBOZE STR, BANKU",NEW PU,568,17345,341916
27,OGUN,07,IFO,06,AJUWON/AKUTE,001,27/07/06/001,SCHOOL PREMISES AJUWON  I,EXISTING PU,568,17346,341917
27,OGUN,07,IFO,06,AJUWON/AKUTE,002,27/07/06/002,SCHOOL PREMISES AJUWON II,EXISTING PU,568,17346,341918
27,OGUN,07,IFO,06,AJUWON/AKUTE,003,27/07/06/003,OGUNLOWO  I,EXISTING PU,568,17346,341919
27,OGUN,07,IFO,06,AJUWON/AKUTE,004,27/07/06/004,OGUNLOWO  II,EXISTING PU,568,17346,341920
27,OGUN,07,IFO,06,AJUWON/AKUTE,005,27/07/06/005,OGUNLOWO  III,EXISTING PU,568,17346,341921
27,OGUN,07,IFO,06,AJUWON/AKUTE,006,27/07/06/006,OJO SUNMONU  I,EXISTING PU,568,17346,341922
27,OGUN,07,IFO,06,AJUWON/AKUTE,007,27/07/06/007,OJO SUNMONU  II,EXISTING PU,568,17346,341923
27,OGUN,07,IFO,06,AJUWON/AKUTE,008,27/07/06/008,SCH. PREM. AKUTE/FABOLADE  I,EXISTING PU,568,17346,341924
27,OGUN,07,IFO,06,AJUWON/AKUTE,009,27/07/06/009,SCH. PREM. AKUTE/FABOLADE  II,EXISTING PU,568,17346,341925
27,OGUN,07,IFO,06,AJUWON/AKUTE,010,27/07/06/010,SCH. PREM. AKUTE/FABOLADE  III,EXISTING PU,568,17346,341926
27,OGUN,07,IFO,06,AJUWON/AKUTE,011,27/07/06/011,ISASI  I,EXISTING PU,568,17346,341927
27,OGUN,07,IFO,06,AJUWON/AKUTE,012,27/07/06/012,ISASI  II,EXISTING PU,568,17346,341928
27,OGUN,07,IFO,06,AJUWON/AKUTE,013,27/07/06/013,ARAROMI/MORICAS  I,EXISTING PU,568,17346,341929
27,OGUN,07,IFO,06,AJUWON/AKUTE,014,27/07/06/014,ARAROMI/MORICAS  II,EXISTING PU,568,17346,341930
27,OGUN,07,IFO,06,AJUWON/AKUTE,015,27/07/06/015,ARAROMI/MORICAS  III,EXISTING PU,568,17346,341931
27,OGUN,07,IFO,06,AJUWON/AKUTE,016,27/07/06/016,Z.I. SCHOOL II AKUTE I,EXISTING PU,568,17346,341932
27,OGUN,07,IFO,06,AJUWON/AKUTE,017,27/07/06/017,Z.I. SCHOOL II AKUTE II,EXISTING PU,568,17346,341933
27,OGUN,07,IFO,06,AJUWON/AKUTE,018,27/07/06/018,TAJU BELLO (ABEKOKO)  I,EXISTING PU,568,17346,341934
27,OGUN,07,IFO,06,AJUWON/AKUTE,019,27/07/06/019,TAJU BELLO (ABEKOKO)  II,EXISTING PU,568,17346,341935
27,OGUN,07,IFO,06,AJUWON/AKUTE,020,27/07/06/020,BAALE AKINOSI  I,EXISTING PU,568,17346,341936
27,OGUN,07,IFO,06,AJUWON/AKUTE,021,27/07/06/021,BAALE AKINOSI  II,EXISTING PU,568,17346,341937
27,OGUN,07,IFO,06,AJUWON/AKUTE,022,27/07/06/022,BAALE AKINOSI  III,EXISTING PU,568,17346,341938
27,OGUN,07,IFO,06,AJUWON/AKUTE,023,27/07/06/023,BAALE AKINOSI  IV,EXISTING PU,568,17346,341939
27,OGUN,07,IFO,06,AJUWON/AKUTE,024,27/07/06/024,BAALE AKINOSI  V,EXISTING PU,568,17346,341940
27,OGUN,07,IFO,06,AJUWON/AKUTE,025,27/07/06/025,BAALE AKINOSI  VI,EXISTING PU,568,17346,341941
27,OGUN,07,IFO,06,AJUWON/AKUTE,026,27/07/06/026,IJU AGA MARKET  I,EXISTING PU,568,17346,341942
27,OGUN,07,IFO,06,AJUWON/AKUTE,027,27/07/06/027,IJU AGA MARKET  II,EXISTING PU,568,17346,341943
27,OGUN,07,IFO,06,AJUWON/AKUTE,028,27/07/06/028,IJU AGA MARKET  III,EXISTING PU,568,17346,341944
27,OGUN,07,IFO,06,AJUWON/AKUTE,029,27/07/06/029,GAUN  I,EXISTING PU,568,17346,341945
27,OGUN,07,IFO,06,AJUWON/AKUTE,030,27/07/06/030,GAUN  II,EXISTING PU,568,17346,341946
27,OGUN,07,IFO,06,AJUWON/AKUTE,031,27/07/06/031,AJUWON VILLAGE  I,EXISTING PU,568,17346,341947
27,OGUN,07,IFO,06,AJUWON/AKUTE,032,27/07/06/032,AJUWON VILLAGE  II,EXISTING PU,568,17346,341948
27,OGUN,07,IFO,06,AJUWON/AKUTE,033,27/07/06/033,AJUWON VILLAGE  III,EXISTING PU,568,17346,341949
27,OGUN,07,IFO,06,AJUWON/AKUTE,034,27/07/06/034,AJUWON JUCTION  I,EXISTING PU,568,17346,341950
27,OGUN,07,IFO,06,AJUWON/AKUTE,035,27/07/06/035,AJUWON JUCTION  II,EXISTING PU,568,17346,341951
27,OGUN,07,IFO,06,AJUWON/AKUTE,036,27/07/06/036,EGAN ADO AREA,EXISTING PU,568,17346,341952
27,OGUN,07,IFO,06,AJUWON/AKUTE,037,27/07/06/037,ONIBUDO,EXISTING PU,568,17346,341953
27,OGUN,07,IFO,06,AJUWON/AKUTE,038,27/07/06/038,POWER LINE,EXISTING PU,568,17346,341954
27,OGUN,07,IFO,06,AJUWON/AKUTE,039,27/07/06/039,OPEN SPACE  OYEYEMI JUNCTION,NEW PU,568,17346,341955
27,OGUN,07,IFO,06,AJUWON/AKUTE,040,27/07/06/040,OPEN SPACE OGUNSEYE STR,NEW PU,568,17346,341956
27,OGUN,07,IFO,06,AJUWON/AKUTE,041,27/07/06/041,OPEN SPACE TOWN HALL ALAGBOLE,NEW PU,568,17346,341957
27,OGUN,07,IFO,06,AJUWON/AKUTE,042,27/07/06/042,OPEN SPACE MARTIN'S JUNCTION ALAGBOLE,NEW PU,568,17346,341958
27,OGUN,07,IFO,06,AJUWON/AKUTE,043,27/07/06/043,VILLAGE SQUARE ESORUN,NEW PU,568,17346,341959
27,OGUN,07,IFO,06,AJUWON/AKUTE,044,27/07/06/044,OPEN SPACE JAMES OREBE JUNCTION IBOKO,NEW PU,568,17346,341960
27,OGUN,07,IFO,06,AJUWON/AKUTE,045,27/07/06/045,OPEN SPACE KOLAQ JUNCTION,NEW PU,568,17346,341961
27,OGUN,07,IFO,06,AJUWON/AKUTE,046,27/07/06/046,OPEN SPACE ALFATEDO JUNCTION MARTIN'S,NEW PU,568,17346,341962
27,OGUN,07,IFO,06,AJUWON/AKUTE,047,27/07/06/047,TOWN HALL AKUTE ODO,NEW PU,568,17346,341963
27,OGUN,07,IFO,06,AJUWON/AKUTE,048,27/07/06/048,OPEN SPACE HERITAGE JUNCTION WATER PIPELINE,NEW PU,568,17346,341964
27,OGUN,07,IFO,06,AJUWON/AKUTE,049,27/07/06/049,HEALTH CENTRE  ARIFANLA,NEW PU,568,17346,341965
27,OGUN,07,IFO,06,AJUWON/AKUTE,050,27/07/06/050,OPEN SPACE KAJOLA MARKET,NEW PU,568,17346,341966
27,OGUN,07,IFO,06,AJUWON/AKUTE,051,27/07/06/051,OPEN SPACE KUYARO JUNCTION  PHASE 2,NEW PU,568,17346,341967
27,OGUN,07,IFO,06,AJUWON/AKUTE,052,27/07/06/052,OPEN SPACE PLAYING GROUND,NEW PU,568,17346,341968
27,OGUN,07,IFO,06,AJUWON/AKUTE,053,27/07/06/053,OPEN SPACE ATS JUNCTION,NEW PU,568,17346,341969
27,OGUN,07,IFO,06,AJUWON/AKUTE,054,27/07/06/054,OPEN SPACE MARKET SQUARE,NEW PU,568,17346,341970
27,OGUN,07,IFO,06,AJUWON/AKUTE,055,27/07/06/055,COMMUNITY HALL,NEW PU,568,17346,341971
27,OGUN,07,IFO,06,AJUWON/AKUTE,056,27/07/06/056,ZION AFRICAN CHURCH  PRY SCH,NEW PU,568,17346,341972
27,OGUN,07,IFO,06,AJUWON/AKUTE,057,27/07/06/057,OPEN SPACE ADENLE JUNCTION ARIFANLA,NEW PU,568,17346,341973
27,OGUN,07,IFO,06,AJUWON/AKUTE,058,27/07/06/058,VILLAGE SQUARE AKINLABI,NEW PU,568,17346,341974
27,OGUN,07,IFO,06,AJUWON/AKUTE,059,27/07/06/059,OPEN SPACE ASORE JUNCTION,NEW PU,568,17346,341975
27,OGUN,07,IFO,06,AJUWON/AKUTE,060,27/07/06/060,"OPEN SPACE AT ANWO, ASORE",NEW PU,568,17346,341976
27,OGUN,07,IFO,07,OKE-ARO/IBARAGUN/ROBIYAN,001,27/07/07/001,OKUN GBOLU  I,EXISTING PU,568,17347,341977
27,OGUN,07,IFO,07,OKE-ARO/IBARAGUN/ROBIYAN,002,27/07/07/002,OKUN GBOLU  II,EXISTING PU,568,17347,341978
27,OGUN,07,IFO,07,OKE-ARO/IBARAGUN/ROBIYAN,003,27/07/07/003,SCHOOL PREM MATOGUN  I,EXISTING PU,568,17347,341979
27,OGUN,07,IFO,07,OKE-ARO/IBARAGUN/ROBIYAN,004,27/07/07/004,SCHOOL PREM MATOGUN  II,EXISTING PU,568,17347,341980
27,OGUN,07,IFO,07,OKE-ARO/IBARAGUN/ROBIYAN,005,27/07/07/005,SCHOOL PREM. ROBIYAN,EXISTING PU,568,17347,341981
27,OGUN,07,IFO,07,OKE-ARO/IBARAGUN/ROBIYAN,006,27/07/07/006,SCH. PREM IBARAGUN  I,EXISTING PU,568,17347,341982
27,OGUN,07,IFO,07,OKE-ARO/IBARAGUN/ROBIYAN,007,27/07/07/007,SCH. PREM IBARAGUN  II,EXISTING PU,568,17347,341983
27,OGUN,07,IFO,07,OKE-ARO/IBARAGUN/ROBIYAN,008,27/07/07/008,SCH. PREM. OKE ARO  I,EXISTING PU,568,17347,341984
27,OGUN,07,IFO,07,OKE-ARO/IBARAGUN/ROBIYAN,009,27/07/07/009,SCH. PREM. OKE ARO  II,EXISTING PU,568,17347,341985
27,OGUN,07,IFO,07,OKE-ARO/IBARAGUN/ROBIYAN,010,27/07/07/010,SCH. PREM. OKE ARO  III,EXISTING PU,568,17347,341986
27,OGUN,07,IFO,07,OKE-ARO/IBARAGUN/ROBIYAN,011,27/07/07/011,SCH. PREM. OKE ARO  IV,EXISTING PU,568,17347,341987
27,OGUN,07,IFO,07,OKE-ARO/IBARAGUN/ROBIYAN,012,27/07/07/012,OPE ILU IDIROKO  I,EXISTING PU,568,17347,341988
27,OGUN,07,IFO,07,OKE-ARO/IBARAGUN/ROBIYAN,013,27/07/07/013,OPE ILU IDIROKO  II,EXISTING PU,568,17347,341989
27,OGUN,07,IFO,07,OKE-ARO/IBARAGUN/ROBIYAN,014,27/07/07/014,YEWANDE  I,EXISTING PU,568,17347,341990
27,OGUN,07,IFO,07,OKE-ARO/IBARAGUN/ROBIYAN,015,27/07/07/015,YEWANDE  II,EXISTING PU,568,17347,341991
27,OGUN,07,IFO,07,OKE-ARO/IBARAGUN/ROBIYAN,016,27/07/07/016,YEWANDE  III,EXISTING PU,568,17347,341992
27,OGUN,07,IFO,07,OKE-ARO/IBARAGUN/ROBIYAN,017,27/07/07/017,YEWANDE  IV,EXISTING PU,568,17347,341993
27,OGUN,07,IFO,07,OKE-ARO/IBARAGUN/ROBIYAN,018,27/07/07/018,OLAMBE  I,EXISTING PU,568,17347,341994
27,OGUN,07,IFO,07,OKE-ARO/IBARAGUN/ROBIYAN,019,27/07/07/019,OLAMBE  II,EXISTING PU,568,17347,341995
27,OGUN,07,IFO,07,OKE-ARO/IBARAGUN/ROBIYAN,020,27/07/07/020,ITOKI  I,EXISTING PU,568,17347,341996
27,OGUN,07,IFO,07,OKE-ARO/IBARAGUN/ROBIYAN,021,27/07/07/021,ITOKI  II,EXISTING PU,568,17347,341997
27,OGUN,07,IFO,07,OKE-ARO/IBARAGUN/ROBIYAN,022,27/07/07/022,ADIYAN AJEGUNLE  I,EXISTING PU,568,17347,341998
27,OGUN,07,IFO,07,OKE-ARO/IBARAGUN/ROBIYAN,023,27/07/07/023,ADIYAN AJEGUNLE  II,EXISTING PU,568,17347,341999
27,OGUN,07,IFO,07,OKE-ARO/IBARAGUN/ROBIYAN,024,27/07/07/024,ADIYAN AJEGUNLE  III,EXISTING PU,568,17347,342000
27,OGUN,07,IFO,07,OKE-ARO/IBARAGUN/ROBIYAN,025,27/07/07/025,PETER VILLAGE JUNCTION  I,EXISTING PU,568,17347,342001
27,OGUN,07,IFO,07,OKE-ARO/IBARAGUN/ROBIYAN,026,27/07/07/026,PETER VILLAGE JUNCTION  II,EXISTING PU,568,17347,342002
27,OGUN,07,IFO,07,OKE-ARO/IBARAGUN/ROBIYAN,027,27/07/07/027,LEGUN VILLAGE,EXISTING PU,568,17347,342003
27,OGUN,07,IFO,07,OKE-ARO/IBARAGUN/ROBIYAN,028,27/07/07/028,OLUWO JAFA  I,EXISTING PU,568,17347,342004
27,OGUN,07,IFO,07,OKE-ARO/IBARAGUN/ROBIYAN,029,27/07/07/029,OLUWO JAFA  II,EXISTING PU,568,17347,342005
27,OGUN,07,IFO,07,OKE-ARO/IBARAGUN/ROBIYAN,030,27/07/07/030,ABULE EKUN  I,EXISTING PU,568,17347,342006
27,OGUN,07,IFO,07,OKE-ARO/IBARAGUN/ROBIYAN,031,27/07/07/031,ABULE EKUN  II,EXISTING PU,568,17347,342007
27,OGUN,07,IFO,07,OKE-ARO/IBARAGUN/ROBIYAN,032,27/07/07/032,ENILOLOBO YEWANDE,EXISTING PU,568,17347,342008
27,OGUN,07,IFO,07,OKE-ARO/IBARAGUN/ROBIYAN,033,27/07/07/033,ST JOHN'S COMMUNITY PRY SCH,NEW PU,568,17347,342009
27,OGUN,07,IFO,07,OKE-ARO/IBARAGUN/ROBIYAN,034,27/07/07/034,ADEYEMI/ADEYEMO JUNCTION,NEW PU,568,17347,342010
27,OGUN,07,IFO,07,OKE-ARO/IBARAGUN/ROBIYAN,035,27/07/07/035,LGA PRY SCH.,NEW PU,568,17347,342011
27,OGUN,07,IFO,07,OKE-ARO/IBARAGUN/ROBIYAN,036,27/07/07/036,OTEMUYI COMMUNITY PRY SCH.,NEW PU,568,17347,342012
27,OGUN,07,IFO,07,OKE-ARO/IBARAGUN/ROBIYAN,037,27/07/07/037,"TEN-TEN JUNCTION,",NEW PU,568,17347,342013
27,OGUN,07,IFO,07,OKE-ARO/IBARAGUN/ROBIYAN,038,27/07/07/038,OPEN SPACE OLORUNSOGO ROAD,NEW PU,568,17347,342014
27,OGUN,07,IFO,07,OKE-ARO/IBARAGUN/ROBIYAN,039,27/07/07/039,MOSAFEJO VILLAGE JUNCTION,NEW PU,568,17347,342015
27,OGUN,07,IFO,07,OKE-ARO/IBARAGUN/ROBIYAN,040,27/07/07/040,ANUOLUWAPO COMMUNITY HIGH SCH,NEW PU,568,17347,342016
27,OGUN,07,IFO,07,OKE-ARO/IBARAGUN/ROBIYAN,041,27/07/07/041,COMMUNITY PRIMARY SCH. IJAOLA,NEW PU,568,17347,342017
27,OGUN,07,IFO,07,OKE-ARO/IBARAGUN/ROBIYAN,042,27/07/07/042,"ORISUNBARE JUNCTION, ANIMASAUN",NEW PU,568,17347,342018
27,OGUN,07,IFO,07,OKE-ARO/IBARAGUN/ROBIYAN,043,27/07/07/043,TEMIDIRE JUNCTION,NEW PU,568,17347,342019
27,OGUN,07,IFO,07,OKE-ARO/IBARAGUN/ROBIYAN,044,27/07/07/044,ODUGBILE JUNCTION,NEW PU,568,17347,342020
27,OGUN,07,IFO,07,OKE-ARO/IBARAGUN/ROBIYAN,045,27/07/07/045,HEALTH CENTRE MAIDAN,NEW PU,568,17347,342021
27,OGUN,07,IFO,07,OKE-ARO/IBARAGUN/ROBIYAN,046,27/07/07/046,OJU OLUWA JUNCTION,NEW PU,568,17347,342022
27,OGUN,07,IFO,07,OKE-ARO/IBARAGUN/ROBIYAN,047,27/07/07/047,KAMPALA JUNCTION,NEW PU,568,17347,342023
27,OGUN,07,IFO,07,OKE-ARO/IBARAGUN/ROBIYAN,048,27/07/07/048,COMMUNITY PRY SCHOOL,NEW PU,568,17347,342024
27,OGUN,07,IFO,07,OKE-ARO/IBARAGUN/ROBIYAN,049,27/07/07/049,"COMMUNITY PRY SCHOOL, TEMIDIRE",NEW PU,568,17347,342025
27,OGUN,07,IFO,07,OKE-ARO/IBARAGUN/ROBIYAN,050,27/07/07/050,OBANLA JUNCTION,NEW PU,568,17347,342026
27,OGUN,07,IFO,07,OKE-ARO/IBARAGUN/ROBIYAN,051,27/07/07/051,OLOWOOKERE/OLATUNBOSUN JUNCTION,NEW PU,568,17347,342027
27,OGUN,07,IFO,07,OKE-ARO/IBARAGUN/ROBIYAN,052,27/07/07/052,AKINYALE/OMO-OWO JUNCTION,NEW PU,568,17347,342028
27,OGUN,07,IFO,07,OKE-ARO/IBARAGUN/ROBIYAN,053,27/07/07/053,TINA JUNCTION,NEW PU,568,17347,342029
27,OGUN,07,IFO,07,OKE-ARO/IBARAGUN/ROBIYAN,054,27/07/07/054,"N.U.D PRY SCHOOL, ODULAGUN",NEW PU,568,17347,342030
27,OGUN,07,IFO,07,OKE-ARO/IBARAGUN/ROBIYAN,055,27/07/07/055,OPEN SPACE ORUDU AGIRA PLAYING GROUND,NEW PU,568,17347,342031
27,OGUN,07,IFO,07,OKE-ARO/IBARAGUN/ROBIYAN,056,27/07/07/056,COMMUNITY HEALTH CENTRE,NEW PU,568,17347,342032
27,OGUN,07,IFO,07,OKE-ARO/IBARAGUN/ROBIYAN,057,27/07/07/057,OPEN SPACE DAVID CAMP.,NEW PU,568,17347,342033
27,OGUN,07,IFO,07,OKE-ARO/IBARAGUN/ROBIYAN,058,27/07/07/058,API COMMUNITY PRY.SCH.AJAWO,NEW PU,568,17347,342034
27,OGUN,07,IFO,08,OSOSUN,001,27/07/08/001,SCH. PREM. OSOSUN,EXISTING PU,568,17348,342035
27,OGUN,07,IFO,08,OSOSUN,002,27/07/08/002,BAAMU,EXISTING PU,568,17348,342036
27,OGUN,07,IFO,08,OSOSUN,003,27/07/08/003,BALOGUN VILLAGE,EXISTING PU,568,17348,342037
27,OGUN,07,IFO,08,OSOSUN,004,27/07/08/004,SCH. PREM. OLOMU,EXISTING PU,568,17348,342038
27,OGUN,07,IFO,08,OSOSUN,005,27/07/08/005,SCH. PREM SERIKI  I,EXISTING PU,568,17348,342039
27,OGUN,07,IFO,08,OSOSUN,006,27/07/08/006,SCH. PREM SERIKI  II,EXISTING PU,568,17348,342040
27,OGUN,07,IFO,08,OSOSUN,007,27/07/08/007,AGBEGISE,EXISTING PU,568,17348,342041
27,OGUN,07,IFO,08,OSOSUN,008,27/07/08/008,OYERO VILLAGE,EXISTING PU,568,17348,342042
27,OGUN,07,IFO,08,OSOSUN,009,27/07/08/009,SCH. PREM OLUKE,EXISTING PU,568,17348,342043
27,OGUN,07,IFO,08,OSOSUN,010,27/07/08/010,RATE OFFICE IJOKO  I,EXISTING PU,568,17348,342044
27,OGUN,07,IFO,08,OSOSUN,011,27/07/08/011,RATE OFFICE IJOKO  II,EXISTING PU,568,17348,342045
27,OGUN,07,IFO,08,OSOSUN,012,27/07/08/012,OLAYEMI PRY. SCHOOL,EXISTING PU,568,17348,342046
27,OGUN,07,IFO,08,OSOSUN,013,27/07/08/013,SCH. PREM ALAJA,EXISTING PU,568,17348,342047
27,OGUN,07,IFO,08,OSOSUN,014,27/07/08/014,SCH. PREM. KAJOLA,EXISTING PU,568,17348,342048
27,OGUN,07,IFO,08,OSOSUN,015,27/07/08/015,LERIN VILLAGE,EXISTING PU,568,17348,342049
27,OGUN,07,IFO,08,OSOSUN,016,27/07/08/016,SONEKAN VILLAGE,EXISTING PU,568,17348,342050
27,OGUN,07,IFO,08,OSOSUN,017,27/07/08/017,DEMOKULA,EXISTING PU,568,17348,342051
27,OGUN,07,IFO,08,OSOSUN,018,27/07/08/018,OPEN SPACE ITESIWAJU JUNCTION,NEW PU,568,17348,342052
27,OGUN,07,IFO,08,OSOSUN,019,27/07/08/019,OPEN SPACE TEE JUNCTION EGAN COMMUNITY,NEW PU,568,17348,342053
27,OGUN,07,IFO,08,OSOSUN,020,27/07/08/020,FRONT OF LISA HEALTH CENTRE,NEW PU,568,17348,342054
27,OGUN,07,IFO,08,OSOSUN,021,27/07/08/021,OPEN SPACE OLUWALOGBON JUNCTION,NEW PU,568,17348,342055
27,OGUN,07,IFO,08,OSOSUN,022,27/07/08/022,OPEN SPACE AGBAGI,NEW PU,568,17348,342056
27,OGUN,07,IFO,08,OSOSUN,023,27/07/08/023,BALOGUN TUNTUN MARKET,NEW PU,568,17348,342057
27,OGUN,07,IFO,08,OSOSUN,024,27/07/08/024,OPEN SPACE GAS LINE JUNCTION,NEW PU,568,17348,342058
27,OGUN,07,IFO,08,OSOSUN,025,27/07/08/025,COMMUNITY PRY SCH KAJOLA ORILE,NEW PU,568,17348,342059
27,OGUN,07,IFO,08,OSOSUN,026,27/07/08/026,FADAMA MARKET,NEW PU,568,17348,342060
27,OGUN,07,IFO,08,OSOSUN,027,27/07/08/027,OPEN SPACE SHONDE,NEW PU,568,17348,342061
27,OGUN,07,IFO,08,OSOSUN,028,27/07/08/028,OPEN SPACE OLOKO JUNCTION,NEW PU,568,17348,342062
27,OGUN,07,IFO,08,OSOSUN,029,27/07/08/029,PAPA OKO JUNCTION,NEW PU,568,17348,342063
27,OGUN,07,IFO,08,OSOSUN,030,27/07/08/030,OPEN SPACE MARKET SQUARE LISA,NEW PU,568,17348,342064
27,OGUN,07,IFO,08,OSOSUN,031,27/07/08/031,TOWN HALL AYEGBE,NEW PU,568,17348,342065
27,OGUN,07,IFO,08,OSOSUN,032,27/07/08/032,ARUGUDO COMMUNITY TOWN HALL,NEW PU,568,17348,342066
27,OGUN,07,IFO,08,OSOSUN,033,27/07/08/033,OPEN SPACE ONIREKE HEALTH CENTER,NEW PU,568,17348,342067
27,OGUN,07,IFO,08,OSOSUN,034,27/07/08/034,AREPO COMMUNITY PRY SCHOOL,NEW PU,568,17348,342068
27,OGUN,07,IFO,08,OSOSUN,035,27/07/08/035,OPEN SPACE BABA MONDAY JUNCTION,NEW PU,568,17348,342069
27,OGUN,07,IFO,08,OSOSUN,036,27/07/08/036,OLORUNDA MODEL MARKET OYERO,NEW PU,568,17348,342070
27,OGUN,07,IFO,08,OSOSUN,037,27/07/08/037,OPEN SPACE AWURE TOWN HALL,NEW PU,568,17348,342071
27,OGUN,07,IFO,08,OSOSUN,038,27/07/08/038,TOFUNMI JUNCTION DANIEL ESTATE,NEW PU,568,17348,342072
27,OGUN,07,IFO,08,OSOSUN,039,27/07/08/039,OPEN SPACE OJUALALE ROAD NEAR YIDI PLAYING GROUND,NEW PU,568,17348,342073
27,OGUN,07,IFO,08,OSOSUN,040,27/07/08/040,OPEN SPACE OKE ALAFIA JUNCTION MEGI,NEW PU,568,17348,342074
27,OGUN,07,IFO,08,OSOSUN,041,27/07/08/041,OPEN SPACE LAJEGUN/SERIKI OLORUNDA JUNCTION,NEW PU,568,17348,342075
27,OGUN,07,IFO,08,OSOSUN,042,27/07/08/042,OPEN SPACE AKINTOYE JUNCTION OLOPARUN,NEW PU,568,17348,342076
27,OGUN,07,IFO,08,OSOSUN,043,27/07/08/043,LOCAL GOVERNMENT PRY.SCH,NEW PU,568,17348,342077
27,OGUN,07,IFO,08,OSOSUN,044,27/07/08/044,OPEN SPACE NEAR TRANSFORMER IGBO ELERIN TOWN,NEW PU,568,17348,342078
27,OGUN,07,IFO,08,OSOSUN,045,27/07/08/045,OPEN SPACE ANTENNA JUNCTION NEAR TRANSFORMER,NEW PU,568,17348,342079
27,OGUN,07,IFO,08,OSOSUN,046,27/07/08/046,OPEN SPACE SHOTANDE JUNCTION,NEW PU,568,17348,342080
27,OGUN,07,IFO,08,OSOSUN,047,27/07/08/047,OPEN SPACE OLOKEMEJI SAWMILL,NEW PU,568,17348,342081
27,OGUN,07,IFO,08,OSOSUN,048,27/07/08/048,OPEN SPACE POWERLINE JUNCTION,NEW PU,568,17348,342082
27,OGUN,07,IFO,08,OSOSUN,049,27/07/08/049,OPEN SPACE ODO BABAKUDI ARIFA JUNCTION,NEW PU,568,17348,342083
27,OGUN,07,IFO,09,SUNREN,001,27/07/09/001,ANG. SCHOOL SUNREN,EXISTING PU,568,17349,342084
27,OGUN,07,IFO,09,SUNREN,002,27/07/09/002,SCHOOL PREM APODE,EXISTING PU,568,17349,342085
27,OGUN,07,IFO,09,SUNREN,003,27/07/09/003,SCHOOL PREM. ISOLA,EXISTING PU,568,17349,342086
27,OGUN,07,IFO,09,SUNREN,004,27/07/09/004,SCHOOL PREM. OBA OKE,EXISTING PU,568,17349,342087
27,OGUN,07,IFO,09,SUNREN,005,27/07/09/005,OBASA MARKET,EXISTING PU,568,17349,342088
27,OGUN,07,IFO,09,SUNREN,006,27/07/09/006,LOKI VILLAGE,EXISTING PU,568,17349,342089
27,OGUN,07,IFO,09,SUNREN,007,27/07/09/007,YANBI VILLAGE,EXISTING PU,568,17349,342090
27,OGUN,07,IFO,09,SUNREN,008,27/07/09/008,OLORUNSOGO,EXISTING PU,568,17349,342091
27,OGUN,07,IFO,09,SUNREN,009,27/07/09/009,COMMUNITY PRY SCH OLORUNSAGO,NEW PU,568,17349,342092
27,OGUN,07,IFO,09,SUNREN,010,27/07/09/010,OPEN SPACE LERIN JUNCTION,NEW PU,568,17349,342093
27,OGUN,07,IFO,09,SUNREN,011,27/07/09/011,OPEN SPACE TOWN HALL,NEW PU,568,17349,342094
27,OGUN,07,IFO,10,COKER,001,27/07/10/001,OKE OJI  I,EXISTING PU,568,17350,342095
27,OGUN,07,IFO,10,COKER,002,27/07/10/002,OKE OJI  II,EXISTING PU,568,17350,342096
27,OGUN,07,IFO,10,COKER,003,27/07/10/003,SCH. PREM. FARM SETTLEMENT  ISALU ARMY COKER,EXISTING PU,568,17350,342097
27,OGUN,07,IFO,10,COKER,004,27/07/10/004,SALU ARMY COKER,EXISTING PU,568,17350,342098
27,OGUN,07,IFO,10,COKER,005,27/07/10/005,SCH. PREM. ILEPA  I,EXISTING PU,568,17350,342099
27,OGUN,07,IFO,10,COKER,006,27/07/10/006,SCH. PREM. ILEPA  II,EXISTING PU,568,17350,342100
27,OGUN,07,IFO,10,COKER,007,27/07/10/007,SCH. PREM. ILEPA  III,EXISTING PU,568,17350,342101
27,OGUN,07,IFO,10,COKER,008,27/07/10/008,ODUSANGO,EXISTING PU,568,17350,342102
27,OGUN,07,IFO,10,COKER,009,27/07/10/009,ABULE OKE,EXISTING PU,568,17350,342103
27,OGUN,07,IFO,10,COKER,010,27/07/10/010,OLOWO VILLAGE,EXISTING PU,568,17350,342104
27,OGUN,07,IFO,10,COKER,011,27/07/10/011,FARM SETTLEMENT,EXISTING PU,568,17350,342105
27,OGUN,07,IFO,10,COKER,012,27/07/10/012,OPEN SPACE BOLUWATIFE MARKET,NEW PU,568,17350,342106
27,OGUN,07,IFO,10,COKER,013,27/07/10/013,IGBUSI COMPREHENSIVE HIGH,NEW PU,568,17350,342107
27,OGUN,07,IFO,10,COKER,014,27/07/10/014,FIRE CAMP. JUNCTION,NEW PU,568,17350,342108
27,OGUN,07,IFO,10,COKER,015,27/07/10/015,COMMUNITY PRY SCHOOL,NEW PU,568,17350,342109
27,OGUN,07,IFO,10,COKER,016,27/07/10/016,HEALTH CENTRE FADAMA,NEW PU,568,17350,342110
27,OGUN,07,IFO,10,COKER,017,27/07/10/017,OPEN SPACE HUMAN RIGHT,NEW PU,568,17350,342111
27,OGUN,07,IFO,10,COKER,018,27/07/10/018,OPEN SPACE SAWMIL,NEW PU,568,17350,342112
27,OGUN,07,IFO,10,COKER,019,27/07/10/019,COMMUNITY PRY. SCHOOL,NEW PU,568,17350,342113
27,OGUN,07,IFO,10,COKER,020,27/07/10/020,PAKOTO PRY. SCHOOL,NEW PU,568,17350,342114
27,OGUN,07,IFO,10,COKER,021,27/07/10/021,OPEN SPACE KASUMU OGUNREMI JUNCTION,NEW PU,568,17350,342115
27,OGUN,07,IFO,10,COKER,022,27/07/10/022,ILEPA COMMUNITY TOWN HALL,NEW PU,568,17350,342116
27,OGUN,07,IFO,10,COKER,023,27/07/10/023,HIGH COURT JUNCTION,NEW PU,568,17350,342117
27,OGUN,07,IFO,10,COKER,024,27/07/10/024,OPEN SPACE COKER GARAGE,NEW PU,568,17350,342118
27,OGUN,07,IFO,10,COKER,025,27/07/10/025,OPEN SPACEE JAMBU JUNCTION.,NEW PU,568,17350,342119
27,OGUN,07,IFO,10,COKER,026,27/07/10/026,OPEN SPACE BABS SORINOLA,NEW PU,568,17350,342120
27,OGUN,07,IFO,10,COKER,027,27/07/10/027,UNITED ANGLICAN PRY.SCHOOL,NEW PU,568,17350,342121
27,OGUN,07,IFO,10,COKER,028,27/07/10/028,OPEN SPACE SEVEN DAYS AVENTISE JUNCTION,NEW PU,568,17350,342122
27,OGUN,07,IFO,10,COKER,029,27/07/10/029,OPEN SPACE IDI KANGA JUNCTION,NEW PU,568,17350,342123
27,OGUN,07,IFO,10,COKER,030,27/07/10/030,OPEN SPACE ORISUNBARE JUNCTION,NEW PU,568,17350,342124
27,OGUN,07,IFO,10,COKER,031,27/07/10/031,OPEN SPACE NEW WORLD ESTATE JUNCTION,NEW PU,568,17350,342125
27,OGUN,07,IFO,10,COKER,032,27/07/10/032,OPEN SPACE AKWA JUNCTION,NEW PU,568,17350,342126
27,OGUN,07,IFO,10,COKER,033,27/07/10/033,OPEN SPACE LUKMAON AYENA JUNCTION OPP. RIDWANULLAI MOSQUE,NEW PU,568,17350,342127
27,OGUN,07,IFO,10,COKER,034,27/07/10/034,OPEN SPACE IGBUSI ELESHIN JUNCTION,NEW PU,568,17350,342128
27,OGUN,07,IFO,10,COKER,035,27/07/10/035,OPEN SPACE IGBUSI ABULE JUNCTION,NEW PU,568,17350,342129
27,OGUN,07,IFO,10,COKER,036,27/07/10/036,OPEN SPACE ABULE IGBUSI ROAD,NEW PU,568,17350,342130
27,OGUN,07,IFO,10,COKER,037,27/07/10/037,OPEN SPACE YAH LATEEF JUNCTION,NEW PU,568,17350,342131
27,OGUN,07,IFO,10,COKER,038,27/07/10/038,OPEN SPACE BOSUN JUNCTION,NEW PU,568,17350,342132
27,OGUN,07,IFO,10,COKER,039,27/07/10/039,OPEN SPACE IMRAN OLAINUKAN JUNCTION,NEW PU,568,17350,342133
27,OGUN,07,IFO,10,COKER,040,27/07/10/040,OPEN SPACE IFEOLUWA/ANSARUL-HAQ JUNCTION,NEW PU,568,17350,342134
27,OGUN,07,IFO,10,COKER,041,27/07/10/041,ONIHALE COMMUNITY PRY.SCHOOL,NEW PU,568,17350,342135
27,OGUN,07,IFO,11,IBOGUN,001,27/07/11/001,AKINSINDE  I,EXISTING PU,568,17351,342136
27,OGUN,07,IFO,11,IBOGUN,002,27/07/11/002,AKINSINDE  II,EXISTING PU,568,17351,342137
27,OGUN,07,IFO,11,IBOGUN,003,27/07/11/003,ST. DAVIS SCH. SOWUNMI I,EXISTING PU,568,17351,342138
27,OGUN,07,IFO,11,IBOGUN,004,27/07/11/004,ST. DAVIS SCH. SOWUNMI II,EXISTING PU,568,17351,342139
27,OGUN,07,IFO,11,IBOGUN,005,27/07/11/005,SCH. PREM. SOWUNMI  I,EXISTING PU,568,17351,342140
27,OGUN,07,IFO,11,IBOGUN,006,27/07/11/006,SCH. PREM. SOWUNMI  II,EXISTING PU,568,17351,342141
27,OGUN,07,IFO,11,IBOGUN,007,27/07/11/007,A/C SCH. ODERINLO  I,EXISTING PU,568,17351,342142
27,OGUN,07,IFO,11,IBOGUN,008,27/07/11/008,A/C SCH. ODERINLO  II,EXISTING PU,568,17351,342143
27,OGUN,07,IFO,11,IBOGUN,009,27/07/11/009,OLOPARUN VILLAGE  I,EXISTING PU,568,17351,342144
27,OGUN,07,IFO,11,IBOGUN,010,27/07/11/010,OLOPARUN VILLAGE  II,EXISTING PU,568,17351,342145
27,OGUN,07,IFO,11,IBOGUN,011,27/07/11/011,SOGUNJE,EXISTING PU,568,17351,342146
27,OGUN,07,IFO,11,IBOGUN,012,27/07/11/012,ALAPAKO OKE,EXISTING PU,568,17351,342147
27,OGUN,07,IFO,11,IBOGUN,013,27/07/11/013,OLAOGUN  I,EXISTING PU,568,17351,342148
27,OGUN,07,IFO,11,IBOGUN,014,27/07/11/014,OLAOGUN  II,EXISTING PU,568,17351,342149
27,OGUN,07,IFO,11,IBOGUN,015,27/07/11/015,OLAOGUN  III,EXISTING PU,568,17351,342150
27,OGUN,07,IFO,11,IBOGUN,016,27/07/11/016,EMMANUEL ANGLICAN SCHOOL ODEJIMI,NEW PU,568,17351,342151
27,OGUN,07,IFO,11,IBOGUN,017,27/07/11/017,OPEN SPACE OPP BALOGUN PALACE,NEW PU,568,17351,342152
27,OGUN,07,IFO,11,IBOGUN,018,27/07/11/018,OPEN SPACE OPO JUNCTION,NEW PU,568,17351,342153
27,OGUN,07,IFO,11,IBOGUN,019,27/07/11/019,OPEN SPACE OMITORO,NEW PU,568,17351,342154
27,OGUN,07,IFO,11,IBOGUN,020,27/07/11/020,OPEN SPACE AKIODE CASSAVA PROCESSOR,NEW PU,568,17351,342155
27,OGUN,08,IJEBU EAST,01,IJEBU MUSHIN  I,001,27/08/01/001,ODOSEGBUREN,EXISTING PU,569,17352,342156
27,OGUN,08,IJEBU EAST,01,IJEBU MUSHIN  I,002,27/08/01/002,IDONA CENTRAL,EXISTING PU,569,17352,342157
27,OGUN,08,IJEBU EAST,01,IJEBU MUSHIN  I,003,27/08/01/003,ST. PETERS CLEVER PRY. SCH.,EXISTING PU,569,17352,342158
27,OGUN,08,IJEBU EAST,01,IJEBU MUSHIN  I,004,27/08/01/004,EWUREN SQUARE,EXISTING PU,569,17352,342159
27,OGUN,08,IJEBU EAST,01,IJEBU MUSHIN  I,005,27/08/01/005,LOCAL GOVT. PRY. SCHOOL,EXISTING PU,569,17352,342160
27,OGUN,08,IJEBU EAST,01,IJEBU MUSHIN  I,006,27/08/01/006,ST. ANDREWS SCH. IMUWEN  I,EXISTING PU,569,17352,342161
27,OGUN,08,IJEBU EAST,01,IJEBU MUSHIN  I,007,27/08/01/007,ST. ANDREWS SCH. IMUWEN  II,EXISTING PU,569,17352,342162
27,OGUN,08,IJEBU EAST,01,IJEBU MUSHIN  I,008,27/08/01/008,FEDERAL TECHNICAL ITA MOGIRI,EXISTING PU,569,17352,342163
27,OGUN,08,IJEBU EAST,01,IJEBU MUSHIN  I,009,27/08/01/009,ESURE JUNCTION,EXISTING PU,569,17352,342164
27,OGUN,08,IJEBU EAST,01,IJEBU MUSHIN  I,010,27/08/01/010,EHINADE COMM. PRY SCH. IDOMODU,EXISTING PU,569,17352,342165
27,OGUN,08,IJEBU EAST,01,IJEBU MUSHIN  I,011,27/08/01/011,OPEN SPACE AT ST ROAD SQUARE,NEW PU,569,17352,342166
27,OGUN,08,IJEBU EAST,01,IJEBU MUSHIN  I,012,27/08/01/012,"MOSLEM PRY. SCH, ESURE",NEW PU,569,17352,342167
27,OGUN,08,IJEBU EAST,02,IJEBU MUSHIN  II,001,27/08/02/001,MUSHIN MARKET SQUARE,EXISTING PU,569,17353,342168
27,OGUN,08,IJEBU EAST,02,IJEBU MUSHIN  II,002,27/08/02/002,ST. MARY'S PRY OKEPO I,EXISTING PU,569,17353,342169
27,OGUN,08,IJEBU EAST,02,IJEBU MUSHIN  II,003,27/08/02/003,ST. MARY'S PRY OKEPO  II,EXISTING PU,569,17353,342170
27,OGUN,08,IJEBU EAST,02,IJEBU MUSHIN  II,004,27/08/02/004,"L.G. SCHOOL, KOKUNESERE",EXISTING PU,569,17353,342171
27,OGUN,08,IJEBU EAST,02,IJEBU MUSHIN  II,005,27/08/02/005,NEAR HEALTH CENTRE ILODO,EXISTING PU,569,17353,342172
27,OGUN,08,IJEBU EAST,02,IJEBU MUSHIN  II,006,27/08/02/006,AJEBO UNITED PRY. SCH. IKALA  -  006,EXISTING PU,569,17353,342173
27,OGUN,08,IJEBU EAST,02,IJEBU MUSHIN  II,007,27/08/02/007,OPEN SPACE INFORNT OF JEJENIWA'S HOUSE,EXISTING PU,569,17353,342174
27,OGUN,08,IJEBU EAST,02,IJEBU MUSHIN  II,008,27/08/02/008,TOJORO JUNCTION,EXISTING PU,569,17353,342175
27,OGUN,08,IJEBU EAST,02,IJEBU MUSHIN  II,009,27/08/02/009,ST. MARY'S SCH. EXTENSION,EXISTING PU,569,17353,342176
27,OGUN,08,IJEBU EAST,02,IJEBU MUSHIN  II,010,27/08/02/010,IDOKUNUSI CENTRE,EXISTING PU,569,17353,342177
27,OGUN,08,IJEBU EAST,02,IJEBU MUSHIN  II,011,27/08/02/011,FRONTAGE OF ADESANYA'S HOUSE ILAGUNJO,EXISTING PU,569,17353,342178
27,OGUN,08,IJEBU EAST,02,IJEBU MUSHIN  II,012,27/08/02/012,IMUSHIN HEALTH CENTER,NEW PU,569,17353,342179
27,OGUN,08,IJEBU EAST,02,IJEBU MUSHIN  II,013,27/08/02/013,IDOKUNUSI TOWN HALL,NEW PU,569,17353,342180
27,OGUN,08,IJEBU EAST,03,IJEBU IFE  I,001,27/08/03/001,ITAKO SQUARE,EXISTING PU,569,17354,342181
27,OGUN,08,IJEBU EAST,03,IJEBU IFE  I,002,27/08/03/002,"ST. LOUIS CATH. PRY., SCH. IFE.",EXISTING PU,569,17354,342182
27,OGUN,08,IJEBU EAST,03,IJEBU IFE  I,003,27/08/03/003,ITUNMODU SQUARE,EXISTING PU,569,17354,342183
27,OGUN,08,IJEBU EAST,03,IJEBU IFE  I,004,27/08/03/004,ANG. PRY SCH. IJEBU-IFE,EXISTING PU,569,17354,342184
27,OGUN,08,IJEBU EAST,03,IJEBU IFE  I,005,27/08/03/005,BAPTIST SCHOOL II IJEBU IFE,EXISTING PU,569,17354,342185
27,OGUN,08,IJEBU EAST,03,IJEBU IFE  I,006,27/08/03/006,MOBORODE,EXISTING PU,569,17354,342186
27,OGUN,08,IJEBU EAST,03,IJEBU IFE  I,007,27/08/03/007,ITORO /ODELA  SQUARE,EXISTING PU,569,17354,342187
27,OGUN,08,IJEBU EAST,03,IJEBU IFE  I,008,27/08/03/008,IROWO SQUARE,EXISTING PU,569,17354,342188
27,OGUN,08,IJEBU EAST,03,IJEBU IFE  I,009,27/08/03/009,ITORO/ODATA SQUARE,EXISTING PU,569,17354,342189
27,OGUN,08,IJEBU EAST,03,IJEBU IFE  I,010,27/08/03/010,IGBODU,EXISTING PU,569,17354,342190
27,OGUN,08,IJEBU EAST,03,IJEBU IFE  I,011,27/08/03/011,BESIDE OBADA MARKET,EXISTING PU,569,17354,342191
27,OGUN,08,IJEBU EAST,03,IJEBU IFE  I,012,27/08/03/012,ITAKO OLUWERI SQUARE,NEW PU,569,17354,342192
27,OGUN,08,IJEBU EAST,03,IJEBU IFE  I,013,27/08/03/013,BAPTIST SCHOOL II EXTENSION,NEW PU,569,17354,342193
27,OGUN,08,IJEBU EAST,03,IJEBU IFE  I,014,27/08/03/014,MOBORODE SQUARE,NEW PU,569,17354,342194
27,OGUN,08,IJEBU EAST,04,IJEBU IFE  II,001,27/08/04/001,"TOWN HALL IJEBU, IFE  I",EXISTING PU,569,17355,342195
27,OGUN,08,IJEBU EAST,04,IJEBU IFE  II,002,27/08/04/002,"TOWN HALL IJEBU, IFE  II",EXISTING PU,569,17355,342196
27,OGUN,08,IJEBU EAST,04,IJEBU IFE  II,003,27/08/04/003,COURT HALL,EXISTING PU,569,17355,342197
27,OGUN,08,IJEBU EAST,04,IJEBU IFE  II,004,27/08/04/004,ODUDUWA SQUARE,EXISTING PU,569,17355,342198
27,OGUN,08,IJEBU EAST,04,IJEBU IFE  II,005,27/08/04/005,TIMOROWO SQUARE,EXISTING PU,569,17355,342199
27,OGUN,08,IJEBU EAST,04,IJEBU IFE  II,006,27/08/04/006,MOSLEM SCHOOL  II,EXISTING PU,569,17355,342200
27,OGUN,08,IJEBU EAST,04,IJEBU IFE  II,007,27/08/04/007,TIROSOGUN SQUARE,EXISTING PU,569,17355,342201
27,OGUN,08,IJEBU EAST,04,IJEBU IFE  II,008,27/08/04/008,ABIDAGBA VILLAGE,EXISTING PU,569,17355,342202
27,OGUN,08,IJEBU EAST,04,IJEBU IFE  II,009,27/08/04/009,EHINADE ILASE,EXISTING PU,569,17355,342203
27,OGUN,08,IJEBU EAST,04,IJEBU IFE  II,010,27/08/04/010,SQUARE NEAR MOSQUE,EXISTING PU,569,17355,342204
27,OGUN,08,IJEBU EAST,04,IJEBU IFE  II,011,27/08/04/011,IWAYA ROAD,EXISTING PU,569,17355,342205
27,OGUN,08,IJEBU EAST,04,IJEBU IFE  II,012,27/08/04/012,"BAPTIST SCH. I, OKE IFE",EXISTING PU,569,17355,342206
27,OGUN,08,IJEBU EAST,05,OWU,001,27/08/05/001,AGLICAN PRY. SCHOOL OWU I,EXISTING PU,569,17356,342207
27,OGUN,08,IJEBU EAST,05,OWU,002,27/08/05/002,AGLICAN PRY. SCHOOL OWU  II,EXISTING PU,569,17356,342208
27,OGUN,08,IJEBU EAST,05,OWU,003,27/08/05/003,COMMUNITY PRY. SCH. ONIPETESI,EXISTING PU,569,17356,342209
27,OGUN,08,IJEBU EAST,05,OWU,004,27/08/05/004,L.G. SCH. EGBEDA,EXISTING PU,569,17356,342210
27,OGUN,08,IJEBU EAST,05,OWU,005,27/08/05/005,ABA OKONZIN JUCTION,EXISTING PU,569,17356,342211
27,OGUN,08,IJEBU EAST,05,OWU,006,27/08/05/006,ANG. PRY. SCH. II AGO OWU,EXISTING PU,569,17356,342212
27,OGUN,08,IJEBU EAST,05,OWU,007,27/08/05/007,AJEPODO,EXISTING PU,569,17356,342213
27,OGUN,08,IJEBU EAST,05,OWU,008,27/08/05/008,TOGUNMAGA,EXISTING PU,569,17356,342214
27,OGUN,08,IJEBU EAST,05,OWU,009,27/08/05/009,GBAMUGBAMU,EXISTING PU,569,17356,342215
27,OGUN,08,IJEBU EAST,05,OWU,010,27/08/05/010,ABU SORO,EXISTING PU,569,17356,342216
27,OGUN,08,IJEBU EAST,05,OWU,011,27/08/05/011,"TOWN HALL, ILORO",EXISTING PU,569,17356,342217
27,OGUN,08,IJEBU EAST,05,OWU,012,27/08/05/012,AGBORO SQUARE,NEW PU,569,17356,342218
27,OGUN,08,IJEBU EAST,05,OWU,013,27/08/05/013,ABA-EYO MARKET SQUARE,NEW PU,569,17356,342219
27,OGUN,08,IJEBU EAST,05,OWU,014,27/08/05/014,ISIBA SQUARE,NEW PU,569,17356,342220
27,OGUN,08,IJEBU EAST,05,OWU,015,27/08/05/015,ERINWONRAN MARKET SQUARE,NEW PU,569,17356,342221
27,OGUN,08,IJEBU EAST,05,OWU,016,27/08/05/016,OLOMIKOKO SQUARE,NEW PU,569,17356,342222
27,OGUN,08,IJEBU EAST,06,IKIJA,001,27/08/06/001,ANGLICAN PRY. SCH. IKIJA,EXISTING PU,569,17357,342223
27,OGUN,08,IJEBU EAST,06,IKIJA,002,27/08/06/002,ISOMU SQUARE,EXISTING PU,569,17357,342224
27,OGUN,08,IJEBU EAST,06,IKIJA,003,27/08/06/003,L.G. SCHOOL ISIRE,EXISTING PU,569,17357,342225
27,OGUN,08,IJEBU EAST,06,IKIJA,004,27/08/06/004,"COURT HALL, IKIJA",EXISTING PU,569,17357,342226
27,OGUN,08,IJEBU EAST,06,IKIJA,005,27/08/06/005,ANGLICAN PRY. SCH. IGAN IPABI,EXISTING PU,569,17357,342227
27,OGUN,08,IJEBU EAST,06,IKIJA,006,27/08/06/006,ODOMEFI SQUARE,EXISTING PU,569,17357,342228
27,OGUN,08,IJEBU EAST,06,IKIJA,007,27/08/06/007,OLOKOKO SQUARE,NEW PU,569,17357,342229
27,OGUN,08,IJEBU EAST,06,IKIJA,008,27/08/06/008,IMARERE SQUARE,NEW PU,569,17357,342230
27,OGUN,08,IJEBU EAST,07,ITELE,001,27/08/07/001,ST. JOHN'S SCH. ITELE  I,EXISTING PU,569,17358,342231
27,OGUN,08,IJEBU EAST,07,ITELE,002,27/08/07/002,ST. JOHN'S SCH. ITELE  II,EXISTING PU,569,17358,342232
27,OGUN,08,IJEBU EAST,07,ITELE,003,27/08/07/003,CATH. PRY. SCH. ITELE,EXISTING PU,569,17358,342233
27,OGUN,08,IJEBU EAST,07,ITELE,004,27/08/07/004,ITELE MOTOR PARK,EXISTING PU,569,17358,342234
27,OGUN,08,IJEBU EAST,07,ITELE,005,27/08/07/005,ST. JAMES SCH. ATOYO,EXISTING PU,569,17358,342235
27,OGUN,08,IJEBU EAST,07,ITELE,006,27/08/07/006,ST. PETERS SCH. OKO-EKO,EXISTING PU,569,17358,342236
27,OGUN,08,IJEBU EAST,07,ITELE,007,27/08/07/007,ST. JOHN'S SCH. LUMAFON,EXISTING PU,569,17358,342237
27,OGUN,08,IJEBU EAST,07,ITELE,008,27/08/07/008,COMM. PRY. SCH. IMEGUN,EXISTING PU,569,17358,342238
27,OGUN,08,IJEBU EAST,07,ITELE,009,27/08/07/009,OPP. HEALTH POST TIGBORI,EXISTING PU,569,17358,342239
27,OGUN,08,IJEBU EAST,07,ITELE,010,27/08/07/010,COMM. SQUARE AWOTUNDE,EXISTING PU,569,17358,342240
27,OGUN,08,IJEBU EAST,07,ITELE,011,27/08/07/011,AGERIGE,EXISTING PU,569,17358,342241
27,OGUN,08,IJEBU EAST,07,ITELE,012,27/08/07/012,ODOMORE ROUND ABOUT,NEW PU,569,17358,342242
27,OGUN,08,IJEBU EAST,07,ITELE,013,27/08/07/013,DAGUNJA OPEN SPACE,NEW PU,569,17358,342243
27,OGUN,08,IJEBU EAST,07,ITELE,014,27/08/07/014,ITELE TOWN HALL,NEW PU,569,17358,342244
27,OGUN,08,IJEBU EAST,07,ITELE,015,27/08/07/015,ITELE HEALTH CENTER,NEW PU,569,17358,342245
27,OGUN,08,IJEBU EAST,07,ITELE,016,27/08/07/016,ATOYO MATERNITY CENTER,NEW PU,569,17358,342246
27,OGUN,08,IJEBU EAST,07,ITELE,017,27/08/07/017,"MOTOR PARK, OGBERE JUNCTION",NEW PU,569,17358,342247
27,OGUN,08,IJEBU EAST,08,OGBERE,001,27/08/08/001,PALACE FRONTAGE,EXISTING PU,569,17359,342248
27,OGUN,08,IJEBU EAST,08,OGBERE,002,27/08/08/002,NEAR MOTOR PARK OGBERE,EXISTING PU,569,17359,342249
27,OGUN,08,IJEBU EAST,08,OGBERE,003,27/08/08/003,ST. MARY SCHOOL OGBERE I,EXISTING PU,569,17359,342250
27,OGUN,08,IJEBU EAST,08,OGBERE,004,27/08/08/004,ST. MARY SCHOOL OGBERE II,EXISTING PU,569,17359,342251
27,OGUN,08,IJEBU EAST,08,OGBERE,005,27/08/08/005,COMM. PRY. SCHOOL KAJOLA,EXISTING PU,569,17359,342252
27,OGUN,08,IJEBU EAST,08,OGBERE,006,27/08/08/006,ST. PAULS SCH. URO,EXISTING PU,569,17359,342253
27,OGUN,08,IJEBU EAST,08,OGBERE,007,27/08/08/007,ST. PAULS SCH. OGURU,EXISTING PU,569,17359,342254
27,OGUN,08,IJEBU EAST,08,OGBERE,008,27/08/08/008,MOBORODE VILLAGE,EXISTING PU,569,17359,342255
27,OGUN,08,IJEBU EAST,08,OGBERE,009,27/08/08/009,J. 3,EXISTING PU,569,17359,342256
27,OGUN,08,IJEBU EAST,08,OGBERE,010,27/08/08/010,ST. JOHN'S SCH. KOREDE,EXISTING PU,569,17359,342257
27,OGUN,08,IJEBU EAST,08,OGBERE,011,27/08/08/011,LOCAL GOVERNMENT SCH. IMAYAN,EXISTING PU,569,17359,342258
27,OGUN,08,IJEBU EAST,08,OGBERE,012,27/08/08/012,ORITA IMOBI,EXISTING PU,569,17359,342259
27,OGUN,08,IJEBU EAST,08,OGBERE,013,27/08/08/013,TRIANGA,EXISTING PU,569,17359,342260
27,OGUN,08,IJEBU EAST,08,OGBERE,014,27/08/08/014,OPEN SPACE BESIDE ANGLICAN CHURCH,NEW PU,569,17359,342261
27,OGUN,08,IJEBU EAST,08,OGBERE,015,27/08/08/015,MATERNITY CENTER OGBERE,NEW PU,569,17359,342262
27,OGUN,08,IJEBU EAST,08,OGBERE,016,27/08/08/016,OGBERE SHOPPING COMPLEX,NEW PU,569,17359,342263
27,OGUN,08,IJEBU EAST,08,OGBERE,017,27/08/08/017,"ST. BRENDANS GRAMMAR SCH., OGBERE",NEW PU,569,17359,342264
27,OGUN,08,IJEBU EAST,08,OGBERE,018,27/08/08/018,"COMMUNITY PRY. SCH., OKEMISHA",NEW PU,569,17359,342265
27,OGUN,08,IJEBU EAST,08,OGBERE,019,27/08/08/019,"OPEN SPACE, BETWEEN",NEW PU,569,17359,342266
27,OGUN,08,IJEBU EAST,08,OGBERE,020,27/08/08/020,COMMUNITY PRY SCH. OGUNGBO,NEW PU,569,17359,342267
27,OGUN,08,IJEBU EAST,08,OGBERE,021,27/08/08/021,"COMMUNITY PRY. SCH., AJEDE",NEW PU,569,17359,342268
27,OGUN,08,IJEBU EAST,09,IMOBI  I,001,27/08/09/001,ST. MARY'S SCHOOL FOWOSEJE  I,EXISTING PU,569,17360,342269
27,OGUN,08,IJEBU EAST,09,IMOBI  I,002,27/08/09/002,ST. MARY'S SCHOOL FOWOSEJE II,EXISTING PU,569,17360,342270
27,OGUN,08,IJEBU EAST,09,IMOBI  I,003,27/08/09/003,CATH. PRY. SCH. FOTEDO,EXISTING PU,569,17360,342271
27,OGUN,08,IJEBU EAST,09,IMOBI  I,004,27/08/09/004,DENUREN,EXISTING PU,569,17360,342272
27,OGUN,08,IJEBU EAST,09,IMOBI  I,005,27/08/09/005,MOSLEM PRY. SCH. ITA PAMPA,EXISTING PU,569,17360,342273
27,OGUN,08,IJEBU EAST,09,IMOBI  I,006,27/08/09/006,MOSLEM PRY. SCH. TERELU,EXISTING PU,569,17360,342274
27,OGUN,08,IJEBU EAST,09,IMOBI  I,007,27/08/09/007,TOLIWO OKE-IMOBI,EXISTING PU,569,17360,342275
27,OGUN,08,IJEBU EAST,09,IMOBI  I,008,27/08/09/008,MAFOWOKU,EXISTING PU,569,17360,342276
27,OGUN,08,IJEBU EAST,10,IMOBI  II,001,27/08/10/001,CATH. SCHOOL ITASIN,EXISTING PU,569,17361,342277
27,OGUN,08,IJEBU EAST,10,IMOBI  II,002,27/08/10/002,CATH. SCHOOL EBUTE - IMOBI,EXISTING PU,569,17361,342278
27,OGUN,08,IJEBU EAST,10,IMOBI  II,003,27/08/10/003,ANG. PRY. SCH. OKI-ARAROMI,EXISTING PU,569,17361,342279
27,OGUN,08,IJEBU EAST,10,IMOBI  II,004,27/08/10/004,CATH. SCH. OKI- IGBODE  I,EXISTING PU,569,17361,342280
27,OGUN,08,IJEBU EAST,10,IMOBI  II,005,27/08/10/005,CATH. SCH. OKI- IGBODE  II,EXISTING PU,569,17361,342281
27,OGUN,08,IJEBU EAST,10,IMOBI  II,006,27/08/10/006,ST. COLUMBUS OKE - MAKUN,EXISTING PU,569,17361,342282
27,OGUN,08,IJEBU EAST,10,IMOBI  II,007,27/08/10/007,TOGUNSELU SQUARE,EXISTING PU,569,17361,342283
27,OGUN,08,IJEBU EAST,10,IMOBI  II,008,27/08/10/008,TOTUNBA,EXISTING PU,569,17361,342284
27,OGUN,08,IJEBU EAST,11,AJEBANDELE,001,27/08/11/001,COMMUNITY PRY. SCHOOL ORITA J 4,EXISTING PU,569,17362,342285
27,OGUN,08,IJEBU EAST,11,AJEBANDELE,002,27/08/11/002,AJEGBENDE,EXISTING PU,569,17362,342286
27,OGUN,08,IJEBU EAST,11,AJEBANDELE,003,27/08/11/003,ORISUMBARE,EXISTING PU,569,17362,342287
27,OGUN,08,IJEBU EAST,11,AJEBANDELE,004,27/08/11/004,ST. SAVIOUR'S SCH. AJEBANDELE  I,EXISTING PU,569,17362,342288
27,OGUN,08,IJEBU EAST,11,AJEBANDELE,005,27/08/11/005,ST. SAVIOUR'S SCH. AJEBANDELE  II,EXISTING PU,569,17362,342289
27,OGUN,08,IJEBU EAST,11,AJEBANDELE,006,27/08/11/006,COMM. PRY. SCH. OLOJI,EXISTING PU,569,17362,342290
27,OGUN,08,IJEBU EAST,11,AJEBANDELE,007,27/08/11/007,COMM. PRY. SCH. ABERU,EXISTING PU,569,17362,342291
27,OGUN,08,IJEBU EAST,11,AJEBANDELE,008,27/08/11/008,ST. PETERS SCH. FOWOWA  J4,EXISTING PU,569,17362,342292
27,OGUN,08,IJEBU EAST,11,AJEBANDELE,009,27/08/11/009,OPEN SPACE AT ALAFIA CAMP,EXISTING PU,569,17362,342293
27,OGUN,08,IJEBU EAST,11,AJEBANDELE,010,27/08/11/010,AJELANWA,EXISTING PU,569,17362,342294
27,OGUN,08,IJEBU EAST,11,AJEBANDELE,011,27/08/11/011,MOYAFOKO TOWN HALL,NEW PU,569,17362,342295
27,OGUN,08,IJEBU EAST,11,AJEBANDELE,012,27/08/11/012,AGO/SULE TOWN HALL,NEW PU,569,17362,342296
27,OGUN,08,IJEBU EAST,11,AJEBANDELE,013,27/08/11/013,BASHIRU TOWN HALL,NEW PU,569,17362,342297
27,OGUN,08,IJEBU EAST,11,AJEBANDELE,014,27/08/11/014,OLOKE ALLI TOWN HALL,NEW PU,569,17362,342298
27,OGUN,08,IJEBU EAST,11,AJEBANDELE,015,27/08/11/015,OWODE COMMUNITY PRY. SCH,NEW PU,569,17362,342299
27,OGUN,08,IJEBU EAST,11,AJEBANDELE,016,27/08/11/016,TEMIDIRE TOWN HALL,NEW PU,569,17362,342300
27,OGUN,08,IJEBU EAST,11,AJEBANDELE,017,27/08/11/017,AJEBO TOWN HALL,NEW PU,569,17362,342301
27,OGUN,08,IJEBU EAST,11,AJEBANDELE,018,27/08/11/018,LUKOSI COMMUNITY PRIMARY SCHOOL,NEW PU,569,17362,342302
27,OGUN,08,IJEBU EAST,11,AJEBANDELE,019,27/08/11/019,LAAGAN TOWN HALL,NEW PU,569,17362,342303
27,OGUN,08,IJEBU EAST,11,AJEBANDELE,020,27/08/11/020,"COMMUNITY PRIMARY SCHOOL, IDI EGUN SITE",NEW PU,569,17362,342304
27,OGUN,08,IJEBU EAST,11,AJEBANDELE,021,27/08/11/021,"COMMUNITY PRIMARY SCHOOL, ADEMOLA IDI EGUN",NEW PU,569,17362,342305
27,OGUN,08,IJEBU EAST,11,AJEBANDELE,022,27/08/11/022,AJELANWA MARKET SQUARE,NEW PU,569,17362,342306
27,OGUN,08,IJEBU EAST,11,AJEBANDELE,023,27/08/11/023,ABA SADIKU TOWN HALL,NEW PU,569,17362,342307
27,OGUN,08,IJEBU EAST,11,AJEBANDELE,024,27/08/11/024,AFUYE/OGBARA TOWN HALL,NEW PU,569,17362,342308
27,OGUN,08,IJEBU EAST,11,AJEBANDELE,025,27/08/11/025,OLORUNPODO COMMUNITY PRY SCH.,NEW PU,569,17362,342309
27,OGUN,09,IJEBU NORTH,01,ATIKORI,001,27/09/01/001,IN FRONT OF OLOYEDE'S HOUSE,EXISTING PU,570,17363,342310
27,OGUN,09,IJEBU NORTH,01,ATIKORI,002,27/09/01/002,CHRIST DISCIPLES SCHOOL,EXISTING PU,570,17363,342311
27,OGUN,09,IJEBU NORTH,01,ATIKORI,003,27/09/01/003,NEAR BOGIJIE'S HOUSE I,EXISTING PU,570,17363,342312
27,OGUN,09,IJEBU NORTH,01,ATIKORI,004,27/09/01/004,NEAR BOGIJIE'S HOUSE II,EXISTING PU,570,17363,342313
27,OGUN,09,IJEBU NORTH,01,ATIKORI,005,27/09/01/005,"HEALTH CENTRE, OKE - IFE I",EXISTING PU,570,17363,342314
27,OGUN,09,IJEBU NORTH,01,ATIKORI,006,27/09/01/006,"HEALTH CENTRE, OKE - IFE II",EXISTING PU,570,17363,342315
27,OGUN,09,IJEBU NORTH,01,ATIKORI,007,27/09/01/007,ST. JAMES' SCHOOL  I,EXISTING PU,570,17363,342316
27,OGUN,09,IJEBU NORTH,01,ATIKORI,008,27/09/01/008,IN FRONT OF DR. SOJOBI'S HOUSE  I,EXISTING PU,570,17363,342317
27,OGUN,09,IJEBU NORTH,01,ATIKORI,009,27/09/01/009,IN FRONT OF DR. SOJOBI'S HOUSE II,EXISTING PU,570,17363,342318
27,OGUN,09,IJEBU NORTH,01,ATIKORI,010,27/09/01/010,IN FRONT OF JEBODA'S HOUSE I,EXISTING PU,570,17363,342319
27,OGUN,09,IJEBU NORTH,01,ATIKORI,011,27/09/01/011,IN FRONT OF JEBODA'S HOUSE II,EXISTING PU,570,17363,342320
27,OGUN,09,IJEBU NORTH,01,ATIKORI,012,27/09/01/012,IN FRONT OF IMAM'S HOUSE OKUMOJE  I,EXISTING PU,570,17363,342321
27,OGUN,09,IJEBU NORTH,01,ATIKORI,013,27/09/01/013,IN FRONT OF IMAM'S HOUSE  OKUMOJE II,EXISTING PU,570,17363,342322
27,OGUN,09,IJEBU NORTH,01,ATIKORI,014,27/09/01/014,IN FRONT OF ONIGBURE'S HOUSE,EXISTING PU,570,17363,342323
27,OGUN,09,IJEBU NORTH,01,ATIKORI,015,27/09/01/015,DAGBOLU MOTOR PARK,EXISTING PU,570,17363,342324
27,OGUN,09,IJEBU NORTH,01,ATIKORI,016,27/09/01/016,HEALTH CENTRE,EXISTING PU,570,17363,342325
27,OGUN,09,IJEBU NORTH,01,ATIKORI,017,27/09/01/017,ST. JAMES' SCHOOL II,EXISTING PU,570,17363,342326
27,OGUN,09,IJEBU NORTH,01,ATIKORI,018,27/09/01/018,OSUN MOTOR PARK,NEW PU,570,17363,342327
27,OGUN,09,IJEBU NORTH,01,ATIKORI,019,27/09/01/019,SHAMUSU-SUUDIL ISLAMIC PRY.SCH. ATIKORI,NEW PU,570,17363,342328
27,OGUN,09,IJEBU NORTH,01,ATIKORI,020,27/09/01/020,OPEN SPACE BESIDE VULCANISER HOUSE OLD ROTIMI JOBO JUNCTION,NEW PU,570,17363,342329
27,OGUN,09,IJEBU NORTH,01,ATIKORI,021,27/09/01/021,OPEN SPACE IN FRONT OF MAGISTRATE COURT,NEW PU,570,17363,342330
27,OGUN,09,IJEBU NORTH,01,ATIKORI,022,27/09/01/022,KEGBO COMPREHENSIVE HIGH SCHOOL,NEW PU,570,17363,342331
27,OGUN,09,IJEBU NORTH,02,JAPARA/OJOWO,001,27/09/02/001,IN FRONT OF NUBI CARPENTER'S HOUSE,EXISTING PU,570,17364,342332
27,OGUN,09,IJEBU NORTH,02,JAPARA/OJOWO,002,27/09/02/002,AT LOCAL GOVT. MARKET,EXISTING PU,570,17364,342333
27,OGUN,09,IJEBU NORTH,02,JAPARA/OJOWO,003,27/09/02/003,IN FRONT OF OLORITUN'S HOUSE,EXISTING PU,570,17364,342334
27,OGUN,09,IJEBU NORTH,02,JAPARA/OJOWO,004,27/09/02/004,ST. MATHEW SCHOOL II,EXISTING PU,570,17364,342335
27,OGUN,09,IJEBU NORTH,02,JAPARA/OJOWO,005,27/09/02/005,AT VICARAGE,EXISTING PU,570,17364,342336
27,OGUN,09,IJEBU NORTH,02,JAPARA/OJOWO,006,27/09/02/006,ST. MATHEW SCHOOL I,EXISTING PU,570,17364,342337
27,OGUN,09,IJEBU NORTH,02,JAPARA/OJOWO,007,27/09/02/007,"ST. LUKE'S SCHOOL, JAPARA",EXISTING PU,570,17364,342338
27,OGUN,09,IJEBU NORTH,02,JAPARA/OJOWO,008,27/09/02/008,FRONT OF SODINA'S HOUSE,EXISTING PU,570,17364,342339
27,OGUN,09,IJEBU NORTH,02,JAPARA/OJOWO,009,27/09/02/009,"FRONT OF HEALTH CENTRE, JAPARA",EXISTING PU,570,17364,342340
27,OGUN,09,IJEBU NORTH,02,JAPARA/OJOWO,010,27/09/02/010,FRONT OF AYANWALE'S HOUSE OJOWO,EXISTING PU,570,17364,342341
27,OGUN,09,IJEBU NORTH,02,JAPARA/OJOWO,011,27/09/02/011,FRONT OF ALHAJI LAWALS HOUSE ODORABOYEJI,EXISTING PU,570,17364,342342
27,OGUN,09,IJEBU NORTH,02,JAPARA/OJOWO,012,27/09/02/012,FRONT OF ABEGUNDE'S HOUSE ALEDO,EXISTING PU,570,17364,342343
27,OGUN,09,IJEBU NORTH,02,JAPARA/OJOWO,013,27/09/02/013,FRONT OF ABEGUNDE'S HOUSE ALEDO  II,EXISTING PU,570,17364,342344
27,OGUN,09,IJEBU NORTH,02,JAPARA/OJOWO,014,27/09/02/014,ROUNDABOUT ODOSENBADEJO,EXISTING PU,570,17364,342345
27,OGUN,09,IJEBU NORTH,02,JAPARA/OJOWO,015,27/09/02/015,ABIDUN HALL,EXISTING PU,570,17364,342346
27,OGUN,09,IJEBU NORTH,02,JAPARA/OJOWO,016,27/09/02/016,FRONT OF ADARAMAJA' HOUSE,EXISTING PU,570,17364,342347
27,OGUN,09,IJEBU NORTH,02,JAPARA/OJOWO,017,27/09/02/017,FRONT OF S.S. BANJO'S HOUSE,EXISTING PU,570,17364,342348
27,OGUN,09,IJEBU NORTH,02,JAPARA/OJOWO,018,27/09/02/018,OPEN SPACE AT ARO ADEBISI JUNCTION,NEW PU,570,17364,342349
27,OGUN,09,IJEBU NORTH,02,JAPARA/OJOWO,019,27/09/02/019,"IJEBU IGBO GIRL GRAMMAR SCH, OJOWO",NEW PU,570,17364,342350
27,OGUN,09,IJEBU NORTH,02,JAPARA/OJOWO,020,27/09/02/020,"JAPARA HIGH SCHOOL, JAPARA, IJEBU NORTH",NEW PU,570,17364,342351
27,OGUN,09,IJEBU NORTH,03,OMEN,001,27/09/03/001,PAPA OLOGBONI'S VILLAGE,EXISTING PU,570,17365,342352
27,OGUN,09,IJEBU NORTH,03,OMEN,002,27/09/03/002,IPAKODO VILLAGE,EXISTING PU,570,17365,342353
27,OGUN,09,IJEBU NORTH,03,OMEN,003,27/09/03/003,DAGBOLU LOCAL GOVT. SCH. I,EXISTING PU,570,17365,342354
27,OGUN,09,IJEBU NORTH,03,OMEN,004,27/09/03/004,DAGBOLU LOCAL GOVT. SCH. II,EXISTING PU,570,17365,342355
27,OGUN,09,IJEBU NORTH,03,OMEN,005,27/09/03/005,ITA EGBA ANGLICAN SCH.,EXISTING PU,570,17365,342356
27,OGUN,09,IJEBU NORTH,03,OMEN,006,27/09/03/006,L.G. SCH. LUMOGEDE,EXISTING PU,570,17365,342357
27,OGUN,09,IJEBU NORTH,03,OMEN,007,27/09/03/007,"L.G. SCH. GANRIGAN, JAPARA",EXISTING PU,570,17365,342358
27,OGUN,09,IJEBU NORTH,03,OMEN,008,27/09/03/008,AJEBANDELE OGUNYE VILLAGE,EXISTING PU,570,17365,342359
27,OGUN,09,IJEBU NORTH,03,OMEN,009,27/09/03/009,OKOLIYAN VILLAGE,EXISTING PU,570,17365,342360
27,OGUN,09,IJEBU NORTH,03,OMEN,010,27/09/03/010,ODULAJA BAALE PRY. SCHOOL,EXISTING PU,570,17365,342361
27,OGUN,09,IJEBU NORTH,03,OMEN,011,27/09/03/011,IDIOPARUN VILLAGE   I,EXISTING PU,570,17365,342362
27,OGUN,09,IJEBU NORTH,03,OMEN,012,27/09/03/012,IDIOPARUN VILLAGE   II,EXISTING PU,570,17365,342363
27,OGUN,09,IJEBU NORTH,03,OMEN,013,27/09/03/013,ERIDU VILLAGE,EXISTING PU,570,17365,342364
27,OGUN,09,IJEBU NORTH,03,OMEN,014,27/09/03/014,ORITA AGBADE I,EXISTING PU,570,17365,342365
27,OGUN,09,IJEBU NORTH,03,OMEN,015,27/09/03/015,ORITA AGBADE II,EXISTING PU,570,17365,342366
27,OGUN,09,IJEBU NORTH,03,OMEN,016,27/09/03/016,ABA TITUN VILLAGE I,EXISTING PU,570,17365,342367
27,OGUN,09,IJEBU NORTH,03,OMEN,017,27/09/03/017,ABA TITUN VILLAGE II,EXISTING PU,570,17365,342368
27,OGUN,09,IJEBU NORTH,03,OMEN,018,27/09/03/018,OSHUNBUDEPO I,EXISTING PU,570,17365,342369
27,OGUN,09,IJEBU NORTH,03,OMEN,019,27/09/03/019,OSHUNBUDEPO II,EXISTING PU,570,17365,342370
27,OGUN,09,IJEBU NORTH,03,OMEN,020,27/09/03/020,AGBALASON VILLAGE,EXISTING PU,570,17365,342371
27,OGUN,09,IJEBU NORTH,03,OMEN,021,27/09/03/021,ODULAJA HOUSE,EXISTING PU,570,17365,342372
27,OGUN,09,IJEBU NORTH,03,OMEN,022,27/09/03/022,IDIOPARUN VILLAGE,EXISTING PU,570,17365,342373
27,OGUN,09,IJEBU NORTH,04,OSUN,001,27/09/04/001,IMOPA MARKET  I,EXISTING PU,570,17366,342374
27,OGUN,09,IJEBU NORTH,04,OSUN,002,27/09/04/002,IMOPA MARKET  II,EXISTING PU,570,17366,342375
27,OGUN,09,IJEBU NORTH,04,OSUN,003,27/09/04/003,R.C.M. SCHOOL IDAGOLU,EXISTING PU,570,17366,342376
27,OGUN,09,IJEBU NORTH,04,OSUN,004,27/09/04/004,"ST. GEORGE'S SCH., APARAKI",EXISTING PU,570,17366,342377
27,OGUN,09,IJEBU NORTH,04,OSUN,005,27/09/04/005,L.G. SCH. EGAMORO,EXISTING PU,570,17366,342378
27,OGUN,09,IJEBU NORTH,04,OSUN,006,27/09/04/006,ODOOSUN VILLAGE,EXISTING PU,570,17366,342379
27,OGUN,09,IJEBU NORTH,04,OSUN,007,27/09/04/007,ST. STEPHEN'S SCH. ASIGIDI,EXISTING PU,570,17366,342380
27,OGUN,09,IJEBU NORTH,04,OSUN,008,27/09/04/008,ST. PETER'S SCH. AGUNBOYE,EXISTING PU,570,17366,342381
27,OGUN,09,IJEBU NORTH,04,OSUN,009,27/09/04/009,ARAROMI ADEKANBI,EXISTING PU,570,17366,342382
27,OGUN,09,IJEBU NORTH,04,OSUN,010,27/09/04/010,OLORUNMODI VILLAGE I,EXISTING PU,570,17366,342383
27,OGUN,09,IJEBU NORTH,04,OSUN,011,27/09/04/011,OLORUNMODI VILLAGE II,EXISTING PU,570,17366,342384
27,OGUN,09,IJEBU NORTH,04,OSUN,012,27/09/04/012,"ST. GEORGE PRY. R.C.M. SCHOOL, TOGUNBERO",EXISTING PU,570,17366,342385
27,OGUN,09,IJEBU NORTH,04,OSUN,013,27/09/04/013,"L.G. OUT SCHOOL, AKINLADE, OBISESAN",EXISTING PU,570,17366,342386
27,OGUN,09,IJEBU NORTH,04,OSUN,014,27/09/04/014,DANDOLA VILLAGE,EXISTING PU,570,17366,342387
27,OGUN,09,IJEBU NORTH,04,OSUN,015,27/09/04/015,L.G. SCHOOL APOJE,EXISTING PU,570,17366,342388
27,OGUN,09,IJEBU NORTH,04,OSUN,016,27/09/04/016,IDEKAN CAMP,EXISTING PU,570,17366,342389
27,OGUN,09,IJEBU NORTH,04,OSUN,017,27/09/04/017,TISABA VILLAGE,EXISTING PU,570,17366,342390
27,OGUN,09,IJEBU NORTH,04,OSUN,018,27/09/04/018,TIGIWA VILLAGE,EXISTING PU,570,17366,342391
27,OGUN,09,IJEBU NORTH,04,OSUN,019,27/09/04/019,AGBORO VILLAGE,EXISTING PU,570,17366,342392
27,OGUN,09,IJEBU NORTH,04,OSUN,020,27/09/04/020,ABEKU EAST  I(ABEKU AGBA),EXISTING PU,570,17366,342393
27,OGUN,09,IJEBU NORTH,04,OSUN,021,27/09/04/021,ABEKU EAST  II (IDI OPEPE ),EXISTING PU,570,17366,342394
27,OGUN,09,IJEBU NORTH,04,OSUN,022,27/09/04/022,ERIGBORO VILLAGE,EXISTING PU,570,17366,342395
27,OGUN,09,IJEBU NORTH,04,OSUN,023,27/09/04/023,TEMIDIRE VILLAGE,EXISTING PU,570,17366,342396
27,OGUN,09,IJEBU NORTH,04,OSUN,024,27/09/04/024,ABEKU EAST III  (TEMIDIRE ABATUNTUN ),EXISTING PU,570,17366,342397
27,OGUN,09,IJEBU NORTH,04,OSUN,025,27/09/04/025,ABEKU (TOGEDENGBE),EXISTING PU,570,17366,342398
27,OGUN,09,IJEBU NORTH,04,OSUN,026,27/09/04/026,LAOSE OSOKO VILLAGE,EXISTING PU,570,17366,342399
27,OGUN,09,IJEBU NORTH,04,OSUN,027,27/09/04/027,BAOKU  VILLAGE SQUARE,NEW PU,570,17366,342400
27,OGUN,09,IJEBU NORTH,04,OSUN,028,27/09/04/028,OPEN SPACE AT TEMIDIRE ABA TUNTUN,NEW PU,570,17366,342401
27,OGUN,09,IJEBU NORTH,04,OSUN,029,27/09/04/029,"OSHOKO COMMUNITY PRY  SCHOOL , OSHOKO",NEW PU,570,17366,342402
27,OGUN,09,IJEBU NORTH,05,OKE AGBO,001,27/09/05/001,OPP. OJUBANIRE'S HOUSE I,EXISTING PU,570,17367,342403
27,OGUN,09,IJEBU NORTH,05,OKE AGBO,002,27/09/05/002,OPP. OJUBANIRE'S HOUSE II,EXISTING PU,570,17367,342404
27,OGUN,09,IJEBU NORTH,05,OKE AGBO,003,27/09/05/003,FRONT OF ODEKU'S HOUSE OKEMORO  I,EXISTING PU,570,17367,342405
27,OGUN,09,IJEBU NORTH,05,OKE AGBO,004,27/09/05/004,FRONT OF ODEKU'S HOUSE OKEMORO  II,EXISTING PU,570,17367,342406
27,OGUN,09,IJEBU NORTH,05,OKE AGBO,005,27/09/05/005,FRONT OF EASY LIFE HOUSE I,EXISTING PU,570,17367,342407
27,OGUN,09,IJEBU NORTH,05,OKE AGBO,006,27/09/05/006,HOLY ANGEL'S PRY. SCH. IDOSA,EXISTING PU,570,17367,342408
27,OGUN,09,IJEBU NORTH,05,OKE AGBO,007,27/09/05/007,ST. PHILIPS SCHOOL II,EXISTING PU,570,17367,342409
27,OGUN,09,IJEBU NORTH,05,OKE AGBO,008,27/09/05/008,FRONT OF ELEYUN'S HOUSE,EXISTING PU,570,17367,342410
27,OGUN,09,IJEBU NORTH,05,OKE AGBO,009,27/09/05/009,ST. PHILIPS SCHOOL I,EXISTING PU,570,17367,342411
27,OGUN,09,IJEBU NORTH,05,OKE AGBO,010,27/09/05/010,L.G. PRY. SCHOOL ALEDO,EXISTING PU,570,17367,342412
27,OGUN,09,IJEBU NORTH,05,OKE AGBO,011,27/09/05/011,FRONT OF CHIEF BADEJO'S HOUSE (BABAMO)  I,EXISTING PU,570,17367,342413
27,OGUN,09,IJEBU NORTH,05,OKE AGBO,012,27/09/05/012,FRONT OF CHIEF BADEJO'S HOUSE (BABAMO) II,EXISTING PU,570,17367,342414
27,OGUN,09,IJEBU NORTH,05,OKE AGBO,013,27/09/05/013,FRONT OF DACOSTAL'S HOUSE,EXISTING PU,570,17367,342415
27,OGUN,09,IJEBU NORTH,05,OKE AGBO,014,27/09/05/014,FRONT OF IGAMOSA,EXISTING PU,570,17367,342416
27,OGUN,09,IJEBU NORTH,05,OKE AGBO,015,27/09/05/015,FRONT OF ALEDO'S MOSQ.,EXISTING PU,570,17367,342417
27,OGUN,09,IJEBU NORTH,05,OKE AGBO,016,27/09/05/016,BESIDE IDESAN MOSQ.  I,EXISTING PU,570,17367,342418
27,OGUN,09,IJEBU NORTH,05,OKE AGBO,017,27/09/05/017,BESIDE IDESAN MOSQ.  II,EXISTING PU,570,17367,342419
27,OGUN,09,IJEBU NORTH,05,OKE AGBO,018,27/09/05/018,OPP. Y.K. ALASO OKE'S HOUSE I,EXISTING PU,570,17367,342420
27,OGUN,09,IJEBU NORTH,05,OKE AGBO,019,27/09/05/019,OPP. Y.K. ALASO OKE'S HOUSE II,EXISTING PU,570,17367,342421
27,OGUN,09,IJEBU NORTH,05,OKE AGBO,020,27/09/05/020,OPP. APOLE'S HOUSE,EXISTING PU,570,17367,342422
27,OGUN,09,IJEBU NORTH,05,OKE AGBO,021,27/09/05/021,IN FRONT OF BALA BUKOLA'S HOUSE,EXISTING PU,570,17367,342423
27,OGUN,09,IJEBU NORTH,05,OKE AGBO,022,27/09/05/022,KADIRI JUNCTION,EXISTING PU,570,17367,342424
27,OGUN,09,IJEBU NORTH,05,OKE AGBO,023,27/09/05/023,IN FRONT OF EASY LIFE HOUSE II,EXISTING PU,570,17367,342425
27,OGUN,09,IJEBU NORTH,05,OKE AGBO,024,27/09/05/024,FRONT OF ELEYIN'S HOUSE,EXISTING PU,570,17367,342426
27,OGUN,09,IJEBU NORTH,05,OKE AGBO,025,27/09/05/025,"ITAALE MOTOR PARK , OKE AGBO",NEW PU,570,17367,342427
27,OGUN,09,IJEBU NORTH,05,OKE AGBO,026,27/09/05/026,SHAMSUDEEN GRAMMAR SCHOOL .OKE AGBO,NEW PU,570,17367,342428
27,OGUN,09,IJEBU NORTH,06,OKE SOPIN,001,27/09/06/001,SPACE AT ODO BALOGUN'S,EXISTING PU,570,17368,342429
27,OGUN,09,IJEBU NORTH,06,OKE SOPIN,002,27/09/06/002,FRONT OF ALH. ALUBANKUDI'S HOUSE I,EXISTING PU,570,17368,342430
27,OGUN,09,IJEBU NORTH,06,OKE SOPIN,003,27/09/06/003,FRONT OF ALH. ALUBANKUDI'S HOUSE II,EXISTING PU,570,17368,342431
27,OGUN,09,IJEBU NORTH,06,OKE SOPIN,004,27/09/06/004,"ST. JOHN'S CATH. SCH., OKE PADI",EXISTING PU,570,17368,342432
27,OGUN,09,IJEBU NORTH,06,OKE SOPIN,005,27/09/06/005,"ST. JOHN'S CATH. SCH., OKE PADI II",EXISTING PU,570,17368,342433
27,OGUN,09,IJEBU NORTH,06,OKE SOPIN,006,27/09/06/006,NEAR LEGUMSEN MOSQ. ITOWO,EXISTING PU,570,17368,342434
27,OGUN,09,IJEBU NORTH,06,OKE SOPIN,007,27/09/06/007,ODOYANGUSISE JUNCTION,EXISTING PU,570,17368,342435
27,OGUN,09,IJEBU NORTH,06,OKE SOPIN,008,27/09/06/008,SPACE AT OJOLO,EXISTING PU,570,17368,342436
27,OGUN,09,IJEBU NORTH,06,OKE SOPIN,009,27/09/06/009,NEAR ODOBOTU'S MOSQ. I,EXISTING PU,570,17368,342437
27,OGUN,09,IJEBU NORTH,06,OKE SOPIN,010,27/09/06/010,FRONT OF FUNWONDARA MOSQ. I,EXISTING PU,570,17368,342438
27,OGUN,09,IJEBU NORTH,06,OKE SOPIN,011,27/09/06/011,OBADA MOTOR PARK,EXISTING PU,570,17368,342439
27,OGUN,09,IJEBU NORTH,06,OKE SOPIN,012,27/09/06/012,IDI-ABA IGBAIRE,EXISTING PU,570,17368,342440
27,OGUN,09,IJEBU NORTH,06,OKE SOPIN,013,27/09/06/013,MOSLEM SCHOOL IGBARE I,EXISTING PU,570,17368,342441
27,OGUN,09,IJEBU NORTH,06,OKE SOPIN,014,27/09/06/014,MOSLEM SCHOOL IGBARE II,EXISTING PU,570,17368,342442
27,OGUN,09,IJEBU NORTH,06,OKE SOPIN,015,27/09/06/015,FRONT OF ODORAYE'S HOUSE,EXISTING PU,570,17368,342443
27,OGUN,09,IJEBU NORTH,06,OKE SOPIN,016,27/09/06/016,BESIDE PUBLIC LIBRARY OGUNGBO STREET I,EXISTING PU,570,17368,342444
27,OGUN,09,IJEBU NORTH,06,OKE SOPIN,017,27/09/06/017,BESIDE PUBLIC LIBRARY OGUNGBO STREET II,EXISTING PU,570,17368,342445
27,OGUN,09,IJEBU NORTH,06,OKE SOPIN,018,27/09/06/018,BESIDE ITOWO MOSQUE,EXISTING PU,570,17368,342446
27,OGUN,09,IJEBU NORTH,06,OKE SOPIN,019,27/09/06/019,"ST. JOHN'S SCHOOL, OKE JAGA",EXISTING PU,570,17368,342447
27,OGUN,09,IJEBU NORTH,06,OKE SOPIN,020,27/09/06/020,BESIDE ODORAMUSEGUN MOSQUE,EXISTING PU,570,17368,342448
27,OGUN,09,IJEBU NORTH,06,OKE SOPIN,021,27/09/06/021,A.U.D. PRY. SCHOOL OKE-SOPIN,EXISTING PU,570,17368,342449
27,OGUN,09,IJEBU NORTH,06,OKE SOPIN,022,27/09/06/022,FRONT OF OLLY  THE TAILOR I,EXISTING PU,570,17368,342450
27,OGUN,09,IJEBU NORTH,06,OKE SOPIN,023,27/09/06/023,"FRONT OF PARAMOLE'S HOUSE, OKE TAKO",EXISTING PU,570,17368,342451
27,OGUN,09,IJEBU NORTH,06,OKE SOPIN,024,27/09/06/024,SHOKA'S JUNCTION,EXISTING PU,570,17368,342452
27,OGUN,09,IJEBU NORTH,06,OKE SOPIN,025,27/09/06/025,FRONT OF ODORASOYIN,EXISTING PU,570,17368,342453
27,OGUN,09,IJEBU NORTH,06,OKE SOPIN,026,27/09/06/026,BESIDE TADEN GARDEN HOTEL EGBE,EXISTING PU,570,17368,342454
27,OGUN,09,IJEBU NORTH,06,OKE SOPIN,027,27/09/06/027,ODO-BALOGUN JUNCTION,EXISTING PU,570,17368,342455
27,OGUN,09,IJEBU NORTH,06,OKE SOPIN,028,27/09/06/028,FRONT OF FUNWONDARA'S HOUSE II,EXISTING PU,570,17368,342456
27,OGUN,09,IJEBU NORTH,06,OKE SOPIN,029,27/09/06/029,"MOSLEM SCHOOL, IGBAIRE III",EXISTING PU,570,17368,342457
27,OGUN,09,IJEBU NORTH,06,OKE SOPIN,030,27/09/06/030,NEAR ODOBOTU'S MOSQ. II,EXISTING PU,570,17368,342458
27,OGUN,09,IJEBU NORTH,06,OKE SOPIN,031,27/09/06/031,FRONT OF ALUBANKUDI  HOUSE III,EXISTING PU,570,17368,342459
27,OGUN,09,IJEBU NORTH,06,OKE SOPIN,032,27/09/06/032,FRONT OLLY TAILOR II,EXISTING PU,570,17368,342460
27,OGUN,09,IJEBU NORTH,06,OKE SOPIN,033,27/09/06/033,ST JOSEPH RCM PRY SCH SOPIN,NEW PU,570,17368,342461
27,OGUN,09,IJEBU NORTH,06,OKE SOPIN,034,27/09/06/034,OPEN SPACE AT SHONUBI JUNCTION,NEW PU,570,17368,342462
27,OGUN,09,IJEBU NORTH,06,OKE SOPIN,035,27/09/06/035,ST THOMAS AC PRY SCHOOL OBADA,NEW PU,570,17368,342463
27,OGUN,09,IJEBU NORTH,06,OKE SOPIN,036,27/09/06/036,MOLUSI COLLEGE,NEW PU,570,17368,342464
27,OGUN,09,IJEBU NORTH,06,OKE SOPIN,037,27/09/06/037,"OPEN SPACE AT HOPE IMMACULATE  SCH, SHOKAS",NEW PU,570,17368,342465
27,OGUN,09,IJEBU NORTH,06,OKE SOPIN,038,27/09/06/038,"FRONT  OF ABUSI EDUMARE ACADEMY SCHOOL, IJEBU IGBO",NEW PU,570,17368,342466
27,OGUN,09,IJEBU NORTH,06,OKE SOPIN,039,27/09/06/039,"INFRONT OF EGBE HEALTH CENTRE, OKE SOPIN",NEW PU,570,17368,342467
27,OGUN,09,IJEBU NORTH,07,ORU/AWA/ILAPORU,001,27/09/07/001,SAGUN UNITED PRY. SCH. - ORU,EXISTING PU,570,17369,342468
27,OGUN,09,IJEBU NORTH,07,ORU/AWA/ILAPORU,002,27/09/07/002,ITALE AWA,EXISTING PU,570,17369,342469
27,OGUN,09,IJEBU NORTH,07,ORU/AWA/ILAPORU,003,27/09/07/003,"AJEBO MOSLEM SCHOOL, ORU",EXISTING PU,570,17369,342470
27,OGUN,09,IJEBU NORTH,07,ORU/AWA/ILAPORU,004,27/09/07/004,ST. MARKS PRY SCH. FALAFOMU ORU,EXISTING PU,570,17369,342471
27,OGUN,09,IJEBU NORTH,07,ORU/AWA/ILAPORU,005,27/09/07/005,WESLEY SCH. AWA,EXISTING PU,570,17369,342472
27,OGUN,09,IJEBU NORTH,07,ORU/AWA/ILAPORU,006,27/09/07/006,MOSLEM SCHOOL AWA,EXISTING PU,570,17369,342473
27,OGUN,09,IJEBU NORTH,07,ORU/AWA/ILAPORU,007,27/09/07/007,"AJEGUNLE PRY. SCHOOL, AWA",EXISTING PU,570,17369,342474
27,OGUN,09,IJEBU NORTH,07,ORU/AWA/ILAPORU,008,27/09/07/008,"ST. ROSE'S CATH. SCHOOL, ORU",EXISTING PU,570,17369,342475
27,OGUN,09,IJEBU NORTH,07,ORU/AWA/ILAPORU,009,27/09/07/009,"IDOFE COMP. HIGH SCHOOL, ORU",EXISTING PU,570,17369,342476
27,OGUN,09,IJEBU NORTH,07,ORU/AWA/ILAPORU,010,27/09/07/010,ITALE ORU I,EXISTING PU,570,17369,342477
27,OGUN,09,IJEBU NORTH,07,ORU/AWA/ILAPORU,011,27/09/07/011,"ST. MICHAEL'S ANG. SCHOOL, AREDI-AWA",EXISTING PU,570,17369,342478
27,OGUN,09,IJEBU NORTH,07,ORU/AWA/ILAPORU,012,27/09/07/012,"IN FRONT OF TIYAMIYU HOUSE, OKE-IFE ORU",EXISTING PU,570,17369,342479
27,OGUN,09,IJEBU NORTH,07,ORU/AWA/ILAPORU,013,27/09/07/013,OKE SEWON AWA,EXISTING PU,570,17369,342480
27,OGUN,09,IJEBU NORTH,07,ORU/AWA/ILAPORU,014,27/09/07/014,IN FRONT OF JIMOH NUSI'S HOUSE ILAPORU,EXISTING PU,570,17369,342481
27,OGUN,09,IJEBU NORTH,07,ORU/AWA/ILAPORU,015,27/09/07/015,"ST' ANDREW CATHOLIC PRY SCHOOL, AWA",EXISTING PU,570,17369,342482
27,OGUN,09,IJEBU NORTH,07,ORU/AWA/ILAPORU,016,27/09/07/016,ITALE ORU II,EXISTING PU,570,17369,342483
27,OGUN,09,IJEBU NORTH,07,ORU/AWA/ILAPORU,017,27/09/07/017,FRONT OF MUSI'S HOUSE,EXISTING PU,570,17369,342484
27,OGUN,09,IJEBU NORTH,07,ORU/AWA/ILAPORU,018,27/09/07/018,"OPEN SPACE METHODIST CHURCH , AWA",EXISTING PU,570,17369,342485
27,OGUN,09,IJEBU NORTH,07,ORU/AWA/ILAPORU,019,27/09/07/019,"OPEN SPACE IMOTA QUARTERS, ORU",NEW PU,570,17369,342486
27,OGUN,09,IJEBU NORTH,07,ORU/AWA/ILAPORU,020,27/09/07/020,"OPEN SPACE  AT ODOGBE STREET, ORU",NEW PU,570,17369,342487
27,OGUN,09,IJEBU NORTH,07,ORU/AWA/ILAPORU,021,27/09/07/021,"OPEN SPACE AT AYEGBAMI STREET, AWA",NEW PU,570,17369,342488
27,OGUN,09,IJEBU NORTH,07,ORU/AWA/ILAPORU,022,27/09/07/022,ORU TOWN HALL,NEW PU,570,17369,342489
27,OGUN,09,IJEBU NORTH,07,ORU/AWA/ILAPORU,023,27/09/07/023,"OPEN SPACE BESIDE NSCDC OFFICE, AWA",NEW PU,570,17369,342490
27,OGUN,09,IJEBU NORTH,07,ORU/AWA/ILAPORU,024,27/09/07/024,"REFUGE PRY. SCHOOL , ORU",NEW PU,570,17369,342491
27,OGUN,09,IJEBU NORTH,08,AGO IWOYE  I,001,27/09/08/001,L.G. AREA OFFICE,EXISTING PU,570,17370,342492
27,OGUN,09,IJEBU NORTH,08,AGO IWOYE  I,002,27/09/08/002,OYINKORO JUNCTION,EXISTING PU,570,17370,342493
27,OGUN,09,IJEBU NORTH,08,AGO IWOYE  I,003,27/09/08/003,R. ODUS'S JUNCTION,EXISTING PU,570,17370,342494
27,OGUN,09,IJEBU NORTH,08,AGO IWOYE  I,004,27/09/08/004,NEAR OWOSENI'S HOUSE,EXISTING PU,570,17370,342495
27,OGUN,09,IJEBU NORTH,08,AGO IWOYE  I,005,27/09/08/005,IDODE WESLEY SCHOOL,EXISTING PU,570,17370,342496
27,OGUN,09,IJEBU NORTH,08,AGO IWOYE  I,006,27/09/08/006,IDODE JUNCTION,EXISTING PU,570,17370,342497
27,OGUN,09,IJEBU NORTH,08,AGO IWOYE  I,007,27/09/08/007,OPP. ADESEGUN'S HOUSE,EXISTING PU,570,17370,342498
27,OGUN,09,IJEBU NORTH,08,AGO IWOYE  I,008,27/09/08/008,"LOCAL GOVT. SCHOOL, IGAN",EXISTING PU,570,17370,342499
27,OGUN,09,IJEBU NORTH,08,AGO IWOYE  I,009,27/09/08/009,IN FRONT OF OSIYEMI'S HOUSE,EXISTING PU,570,17370,342500
27,OGUN,09,IJEBU NORTH,08,AGO IWOYE  I,010,27/09/08/010,WESLEY PRY. SCHOOL,EXISTING PU,570,17370,342501
27,OGUN,09,IJEBU NORTH,08,AGO IWOYE  I,011,27/09/08/011,ODOMOLASA VILLAGE,EXISTING PU,570,17370,342502
27,OGUN,09,IJEBU NORTH,08,AGO IWOYE  I,012,27/09/08/012,IN FRONT OF OGUNMOSU'S HOUSE I,EXISTING PU,570,17370,342503
27,OGUN,09,IJEBU NORTH,08,AGO IWOYE  I,013,27/09/08/013,"MOSLEM SCHOOL, OKE-ODO",EXISTING PU,570,17370,342504
27,OGUN,09,IJEBU NORTH,08,AGO IWOYE  I,014,27/09/08/014,IN FRONT OF BAALE'S HOUSE,EXISTING PU,570,17370,342505
27,OGUN,09,IJEBU NORTH,08,AGO IWOYE  I,015,27/09/08/015,IN FRONT OF OGUNMOSU'S HOUSE II,EXISTING PU,570,17370,342506
27,OGUN,09,IJEBU NORTH,08,AGO IWOYE  I,016,27/09/08/016,IN FRONT OF ODEKOMAYA'S  HOUSE,EXISTING PU,570,17370,342507
27,OGUN,09,IJEBU NORTH,08,AGO IWOYE  I,017,27/09/08/017,BOOTH OPP. FAGBAMILA'S HOUSE,EXISTING PU,570,17370,342508
27,OGUN,09,IJEBU NORTH,08,AGO IWOYE  I,018,27/09/08/018,BOOTH NEAR ONANUGA'S HOUSE,EXISTING PU,570,17370,342509
27,OGUN,09,IJEBU NORTH,08,AGO IWOYE  I,019,27/09/08/019,BOOTH OPP. BAALE'S MABINU'S HOUSE,EXISTING PU,570,17370,342510
27,OGUN,09,IJEBU NORTH,08,AGO IWOYE  I,020,27/09/08/020,BOOTH OPP. DUNIYA'S HOUSE,EXISTING PU,570,17370,342511
27,OGUN,09,IJEBU NORTH,08,AGO IWOYE  I,021,27/09/08/021,"OPEN SPACE F.G COMMUNITY WATER PROJECT, ABOBI",NEW PU,570,17370,342512
27,OGUN,09,IJEBU NORTH,08,AGO IWOYE  I,022,27/09/08/022,ABOBI COMPREHENSIVE HIGH SCHOOL,NEW PU,570,17370,342513
27,OGUN,09,IJEBU NORTH,08,AGO IWOYE  I,023,27/09/08/023,ITA MERIN COMPREHENSIVE HIGH SCHOOL,NEW PU,570,17370,342514
27,OGUN,09,IJEBU NORTH,08,AGO IWOYE  I,024,27/09/08/024,OKE ODO PRIMARY HEALTH CENTRE,NEW PU,570,17370,342515
27,OGUN,09,IJEBU NORTH,08,AGO IWOYE  I,025,27/09/08/025,"OPEN AT SPACE KOROKO AREA, IGO IWOYE",NEW PU,570,17370,342516
27,OGUN,09,IJEBU NORTH,08,AGO IWOYE  I,026,27/09/08/026,OPEN SPACE AT KONIGBA JUNCTION AGO IWOYE,NEW PU,570,17370,342517
27,OGUN,09,IJEBU NORTH,08,AGO IWOYE  I,027,27/09/08/027,"OPEN SPACE AT LUGBEDU COMMUNITY MARKET, AGO IWOYE",NEW PU,570,17370,342518
27,OGUN,09,IJEBU NORTH,09,AGO IWOYE II,001,27/09/09/001,OMOEDUMARE MODEL PRY. SCHOOL,EXISTING PU,570,17371,342519
27,OGUN,09,IJEBU NORTH,09,AGO IWOYE II,002,27/09/09/002,NEAR ALH. OLOWO IGBO'S HOUSE,EXISTING PU,570,17371,342520
27,OGUN,09,IJEBU NORTH,09,AGO IWOYE II,003,27/09/09/003,FRONT OF ADEGBERIN'S HOUSE,EXISTING PU,570,17371,342521
27,OGUN,09,IJEBU NORTH,09,AGO IWOYE II,004,27/09/09/004,OKANLAWON JUNCTION,EXISTING PU,570,17371,342522
27,OGUN,09,IJEBU NORTH,09,AGO IWOYE II,005,27/09/09/005,AKO MOSLEM SCHOOL,EXISTING PU,570,17371,342523
27,OGUN,09,IJEBU NORTH,09,AGO IWOYE II,006,27/09/09/006,IN FRONT OF OSIYOKUN IMOISISI QUARTERS,EXISTING PU,570,17371,342524
27,OGUN,09,IJEBU NORTH,09,AGO IWOYE II,007,27/09/09/007,ODO YANGBURIN'S JUCTION,EXISTING PU,570,17371,342525
27,OGUN,09,IJEBU NORTH,09,AGO IWOYE II,008,27/09/09/008,FRONT OF AKINSOLAS HOUSE,EXISTING PU,570,17371,342526
27,OGUN,09,IJEBU NORTH,09,AGO IWOYE II,009,27/09/09/009,IMOSISI WESLEY SCHOOL,EXISTING PU,570,17371,342527
27,OGUN,09,IJEBU NORTH,09,AGO IWOYE II,010,27/09/09/010,OPEN SPACE IN FRONT OF J.M.K'S HOUSE,EXISTING PU,570,17371,342528
27,OGUN,09,IJEBU NORTH,09,AGO IWOYE II,011,27/09/09/011,FRONT OF OGUN SOWOBO'S HOUSE,EXISTING PU,570,17371,342529
27,OGUN,09,IJEBU NORTH,09,AGO IWOYE II,012,27/09/09/012,MUSLIM HIGH SCHOOL,EXISTING PU,570,17371,342530
27,OGUN,09,IJEBU NORTH,09,AGO IWOYE II,013,27/09/09/013,IMERE MOSLEM SCHOOL,EXISTING PU,570,17371,342531
27,OGUN,09,IJEBU NORTH,09,AGO IWOYE II,014,27/09/09/014,BESIDE HIGH CLASS,EXISTING PU,570,17371,342532
27,OGUN,09,IJEBU NORTH,09,AGO IWOYE II,015,27/09/09/015,ST. PAUL'S PRY. SCHOOL IMERE,EXISTING PU,570,17371,342533
27,OGUN,09,IJEBU NORTH,09,AGO IWOYE II,016,27/09/09/016,AGO IWOYE SECONDARY SCHOOL,EXISTING PU,570,17371,342534
27,OGUN,09,IJEBU NORTH,09,AGO IWOYE II,017,27/09/09/017,BOOTH OPP. KUNKUSIS HOUSE,EXISTING PU,570,17371,342535
27,OGUN,09,IJEBU NORTH,09,AGO IWOYE II,018,27/09/09/018,BOOTH OPP. GBINDIN'S HOUSE,EXISTING PU,570,17371,342536
27,OGUN,09,IJEBU NORTH,09,AGO IWOYE II,019,27/09/09/019,"FOWOSEJE COMPREHENSIVE HIGH SCHOOL, AGO IWOYE",NEW PU,570,17371,342537
27,OGUN,09,IJEBU NORTH,09,AGO IWOYE II,020,27/09/09/020,OPEN SPACE OPP. CHIPS FILLLING STATION,NEW PU,570,17371,342538
27,OGUN,09,IJEBU NORTH,10,AKO-ONIGBAGBO/GELETE,001,27/09/10/001,AKO WESLEY SCHOOL,EXISTING PU,570,17372,342539
27,OGUN,09,IJEBU NORTH,10,AKO-ONIGBAGBO/GELETE,002,27/09/10/002,IPADO VILLAGE,EXISTING PU,570,17372,342540
27,OGUN,09,IJEBU NORTH,10,AKO-ONIGBAGBO/GELETE,003,27/09/10/003,ELEGBERE JUNCTION,EXISTING PU,570,17372,342541
27,OGUN,09,IJEBU NORTH,10,AKO-ONIGBAGBO/GELETE,004,27/09/10/004,IDIAKALA ANG. SCHOOL,EXISTING PU,570,17372,342542
27,OGUN,09,IJEBU NORTH,10,AKO-ONIGBAGBO/GELETE,005,27/09/10/005,L.G. SCHOOL FARM SETTLEMENT I,EXISTING PU,570,17372,342543
27,OGUN,09,IJEBU NORTH,10,AKO-ONIGBAGBO/GELETE,006,27/09/10/006,L.G. SCHOOL FARM SETTLEMENT  II,EXISTING PU,570,17372,342544
27,OGUN,09,IJEBU NORTH,10,AKO-ONIGBAGBO/GELETE,007,27/09/10/007,OKE EGBE WESLEY SCHOOL,EXISTING PU,570,17372,342545
27,OGUN,09,IJEBU NORTH,10,AKO-ONIGBAGBO/GELETE,008,27/09/10/008,ODOYE MOSLEM SCHOOL I,EXISTING PU,570,17372,342546
27,OGUN,09,IJEBU NORTH,10,AKO-ONIGBAGBO/GELETE,009,27/09/10/009,ODOYE MOSLEM SCHOOL II,EXISTING PU,570,17372,342547
27,OGUN,09,IJEBU NORTH,10,AKO-ONIGBAGBO/GELETE,010,27/09/10/010,OKE BIRITIRO JUNCTION,EXISTING PU,570,17372,342548
27,OGUN,09,IJEBU NORTH,10,AKO-ONIGBAGBO/GELETE,011,27/09/10/011,IDAGOLU VILLAGE,EXISTING PU,570,17372,342549
27,OGUN,09,IJEBU NORTH,10,AKO-ONIGBAGBO/GELETE,012,27/09/10/012,IPAKODO VILLAGE,EXISTING PU,570,17372,342550
27,OGUN,09,IJEBU NORTH,10,AKO-ONIGBAGBO/GELETE,013,27/09/10/013,EREDO WESLEY SCHOOL,EXISTING PU,570,17372,342551
27,OGUN,09,IJEBU NORTH,10,AKO-ONIGBAGBO/GELETE,014,27/09/10/014,OKE MASE VILLAGE,EXISTING PU,570,17372,342552
27,OGUN,09,IJEBU NORTH,10,AKO-ONIGBAGBO/GELETE,015,27/09/10/015,ORIWU VILLAGE,EXISTING PU,570,17372,342553
27,OGUN,09,IJEBU NORTH,10,AKO-ONIGBAGBO/GELETE,016,27/09/10/016,LOCAL GOVT. SCHOOL OKO-ODO,EXISTING PU,570,17372,342554
27,OGUN,09,IJEBU NORTH,10,AKO-ONIGBAGBO/GELETE,017,27/09/10/017,ORILE IBIPE VILLAGE,EXISTING PU,570,17372,342555
27,OGUN,09,IJEBU NORTH,10,AKO-ONIGBAGBO/GELETE,018,27/09/10/018,AHMADIYYA HIGH SCH. . AGO IWOYE,NEW PU,570,17372,342556
27,OGUN,09,IJEBU NORTH,10,AKO-ONIGBAGBO/GELETE,019,27/09/10/019,ORIBE EYIN ODI (GELETE),NEW PU,570,17372,342557
27,OGUN,09,IJEBU NORTH,11,MAMU/ETIRI,001,27/09/11/001,ABA PANA VILLAGE,EXISTING PU,570,17373,342558
27,OGUN,09,IJEBU NORTH,11,MAMU/ETIRI,002,27/09/11/002,WESLEY SCHOOL ERIKAMO,EXISTING PU,570,17373,342559
27,OGUN,09,IJEBU NORTH,11,MAMU/ETIRI,003,27/09/11/003,OKE ERIGBA VILLAGE,EXISTING PU,570,17373,342560
27,OGUN,09,IJEBU NORTH,11,MAMU/ETIRI,004,27/09/11/004,WESLEY SCHOOL EHIM ETIRI,EXISTING PU,570,17373,342561
27,OGUN,09,IJEBU NORTH,11,MAMU/ETIRI,005,27/09/11/005,"L.G. SCHOOL, AWORI, J.J.",EXISTING PU,570,17373,342562
27,OGUN,09,IJEBU NORTH,11,MAMU/ETIRI,006,27/09/11/006,ORIGBANLA VILLAGE,EXISTING PU,570,17373,342563
27,OGUN,09,IJEBU NORTH,11,MAMU/ETIRI,007,27/09/11/007,ELEGUNESAN PRY SCH.,EXISTING PU,570,17373,342564
27,OGUN,09,IJEBU NORTH,11,MAMU/ETIRI,008,27/09/11/008,L.G. SCHOOL OKE-MOJO,EXISTING PU,570,17373,342565
27,OGUN,09,IJEBU NORTH,11,MAMU/ETIRI,009,27/09/11/009,OKE AROWA VILLAGE,EXISTING PU,570,17373,342566
27,OGUN,09,IJEBU NORTH,11,MAMU/ETIRI,010,27/09/11/010,IPAKODO VILLAGE,EXISTING PU,570,17373,342567
27,OGUN,09,IJEBU NORTH,11,MAMU/ETIRI,011,27/09/11/011,HEALTH CENTRE MAMU I,EXISTING PU,570,17373,342568
27,OGUN,09,IJEBU NORTH,11,MAMU/ETIRI,012,27/09/11/012,OBADA VILLAGE,EXISTING PU,570,17373,342569
27,OGUN,09,IJEBU NORTH,11,MAMU/ETIRI,013,27/09/11/013,EREGINRIN VILLAGE,EXISTING PU,570,17373,342570
27,OGUN,09,IJEBU NORTH,11,MAMU/ETIRI,014,27/09/11/014,IGAN ORILE,EXISTING PU,570,17373,342571
27,OGUN,09,IJEBU NORTH,11,MAMU/ETIRI,015,27/09/11/015,HEALTH CENTRE MAMU II,EXISTING PU,570,17373,342572
27,OGUN,09,IJEBU NORTH,11,MAMU/ETIRI,016,27/09/11/016,SEMORU OGUNOIKI,EXISTING PU,570,17373,342573
27,OGUN,09,IJEBU NORTH,11,MAMU/ETIRI,017,27/09/11/017,HEALTH CENTRE MAMU III,EXISTING PU,570,17373,342574
27,OGUN,09,IJEBU NORTH,11,MAMU/ETIRI,018,27/09/11/018,BOOTH AT ODO EJOGUN,EXISTING PU,570,17373,342575
27,OGUN,09,IJEBU NORTH,11,MAMU/ETIRI,019,27/09/11/019,BOOTH AT ERIAJE,EXISTING PU,570,17373,342576
27,OGUN,09,IJEBU NORTH,11,MAMU/ETIRI,020,27/09/11/020,METHODIST SCH. OKE-MOJO,EXISTING PU,570,17373,342577
27,OGUN,10,IJEBU NORTH EAST,01,ATAN/IMUKU,001,27/10/01/001,R.C.M. PRY. SCHOOL ATAN  I,EXISTING PU,571,17374,342578
27,OGUN,10,IJEBU NORTH EAST,01,ATAN/IMUKU,002,27/10/01/002,FRONT OF OLUMUKU PALACE,EXISTING PU,571,17374,342579
27,OGUN,10,IJEBU NORTH EAST,01,ATAN/IMUKU,003,27/10/01/003,ODOGOGO VILLAGE CENTRE,EXISTING PU,571,17374,342580
27,OGUN,10,IJEBU NORTH EAST,01,ATAN/IMUKU,004,27/10/01/004,AFRICAN CHURCH BETHEL SCH. IDONA,EXISTING PU,571,17374,342581
27,OGUN,10,IJEBU NORTH EAST,01,ATAN/IMUKU,005,27/10/01/005,A/C PRY. SCHOOL ODOTU,EXISTING PU,571,17374,342582
27,OGUN,10,IJEBU NORTH EAST,01,ATAN/IMUKU,006,27/10/01/006,FRONT OF IMAFON MOSQUE,EXISTING PU,571,17374,342583
27,OGUN,10,IJEBU NORTH EAST,01,ATAN/IMUKU,007,27/10/01/007,FRONT OF L.G.E.A. IMUROKO,EXISTING PU,571,17374,342584
27,OGUN,10,IJEBU NORTH EAST,01,ATAN/IMUKU,008,27/10/01/008,ST. PETER'S PRY. SCHOOL IWAYE,EXISTING PU,571,17374,342585
27,OGUN,10,IJEBU NORTH EAST,01,ATAN/IMUKU,009,27/10/01/009,L.G. PRY SCHOOL IMUKU/ISOWE,EXISTING PU,571,17374,342586
27,OGUN,10,IJEBU NORTH EAST,01,ATAN/IMUKU,010,27/10/01/010,IGBASA VILLAGE SQUARE,EXISTING PU,571,17374,342587
27,OGUN,10,IJEBU NORTH EAST,02,ODOSIMADEGUN/ODOSEBORA,001,27/10/02/001,ST. JOHN'S PRY. SCH. ODOSIMADEGUN,EXISTING PU,571,17375,342588
27,OGUN,10,IJEBU NORTH EAST,02,ODOSIMADEGUN/ODOSEBORA,002,27/10/02/002,"ILODU, FRONTAGE OREKOYA'S HOUSE",EXISTING PU,571,17375,342589
27,OGUN,10,IJEBU NORTH EAST,02,ODOSIMADEGUN/ODOSEBORA,003,27/10/02/003,CHRIST CHURCH SCH. ODOSENBORA,EXISTING PU,571,17375,342590
27,OGUN,10,IJEBU NORTH EAST,02,ODOSIMADEGUN/ODOSEBORA,004,27/10/02/004,C.A.C. PRY SCHOOL ODOSIWONADE,EXISTING PU,571,17375,342591
27,OGUN,10,IJEBU NORTH EAST,02,ODOSIMADEGUN/ODOSEBORA,005,27/10/02/005,ILUGUN CENTRAL ACADEMY IBIDO,EXISTING PU,571,17375,342592
27,OGUN,10,IJEBU NORTH EAST,02,ODOSIMADEGUN/ODOSEBORA,006,27/10/02/006,EBENEZER PRY. SCH. OMUTEDO,EXISTING PU,571,17375,342593
27,OGUN,10,IJEBU NORTH EAST,02,ODOSIMADEGUN/ODOSEBORA,007,27/10/02/007,ST. PETER'S PRY. SCH. OKE-AYE,EXISTING PU,571,17375,342594
27,OGUN,10,IJEBU NORTH EAST,02,ODOSIMADEGUN/ODOSEBORA,008,27/10/02/008,FRONTAGE ONAKOYA'S HOUSE IWOROMOSUN,EXISTING PU,571,17375,342595
27,OGUN,10,IJEBU NORTH EAST,02,ODOSIMADEGUN/ODOSEBORA,009,27/10/02/009,ST. PAUL'S PRY SCHOOL ORIWU,EXISTING PU,571,17375,342596
27,OGUN,10,IJEBU NORTH EAST,02,ODOSIMADEGUN/ODOSEBORA,010,27/10/02/010,FRONTAGE BAALE'S HOUSE IDORUNWON,EXISTING PU,571,17375,342597
27,OGUN,10,IJEBU NORTH EAST,02,ODOSIMADEGUN/ODOSEBORA,011,27/10/02/011,FRONTAGE BAALE'S HOUSE GBAWONJO,EXISTING PU,571,17375,342598
27,OGUN,10,IJEBU NORTH EAST,02,ODOSIMADEGUN/ODOSEBORA,012,27/10/02/012,OKETI ORLANDO'S HOUSE,EXISTING PU,571,17375,342599
27,OGUN,10,IJEBU NORTH EAST,02,ODOSIMADEGUN/ODOSEBORA,013,27/10/02/013,FRONTAGE NEW CHURCH ODOSENBORA,EXISTING PU,571,17375,342600
27,OGUN,10,IJEBU NORTH EAST,02,ODOSIMADEGUN/ODOSEBORA,014,27/10/02/014,ST. PAUL SCH. ODOSUGBAGBAWA VILLAGE,EXISTING PU,571,17375,342601
27,OGUN,10,IJEBU NORTH EAST,02,ODOSIMADEGUN/ODOSEBORA,015,27/10/02/015,ILUMERIN VILLAGE CENTRE,EXISTING PU,571,17375,342602
27,OGUN,10,IJEBU NORTH EAST,02,ODOSIMADEGUN/ODOSEBORA,016,27/10/02/016,IWOROMOSUN,EXISTING PU,571,17375,342603
27,OGUN,10,IJEBU NORTH EAST,03,IMEWIRO/ODODEYO/IMOMO,001,27/10/03/001,COMM. PRY. SCH. IMEWURO,EXISTING PU,571,17376,342604
27,OGUN,10,IJEBU NORTH EAST,03,IMEWIRO/ODODEYO/IMOMO,002,27/10/03/002,MARKET SQUARE IDODE,EXISTING PU,571,17376,342605
27,OGUN,10,IJEBU NORTH EAST,03,IMEWIRO/ODODEYO/IMOMO,003,27/10/03/003,CATHOLIC PRY. SCHOOL IMOMO I,EXISTING PU,571,17376,342606
27,OGUN,10,IJEBU NORTH EAST,03,IMEWIRO/ODODEYO/IMOMO,004,27/10/03/004,ANG. CHURCH ODEDEYO,EXISTING PU,571,17376,342607
27,OGUN,10,IJEBU NORTH EAST,03,IMEWIRO/ODODEYO/IMOMO,005,27/10/03/005,ST. JOHN'S PRY. SCH. IDODE I,EXISTING PU,571,17376,342608
27,OGUN,10,IJEBU NORTH EAST,03,IMEWIRO/ODODEYO/IMOMO,006,27/10/03/006,FRONTAGE BAALE'S HOUSE IBADAN - IJEBU,EXISTING PU,571,17376,342609
27,OGUN,10,IJEBU NORTH EAST,03,IMEWIRO/ODODEYO/IMOMO,007,27/10/03/007,FRONTAGE BAALE TIKEKU AKUNRUNDUN - EBUTE,EXISTING PU,571,17376,342610
27,OGUN,10,IJEBU NORTH EAST,03,IMEWIRO/ODODEYO/IMOMO,008,27/10/03/008,FRONTAGE OWOTOMO'S HOUSE IWORO,EXISTING PU,571,17376,342611
27,OGUN,10,IJEBU NORTH EAST,03,IMEWIRO/ODODEYO/IMOMO,009,27/10/03/009,ANG. PRY SCHOOL ORUNWA,EXISTING PU,571,17376,342612
27,OGUN,10,IJEBU NORTH EAST,03,IMEWIRO/ODODEYO/IMOMO,010,27/10/03/010,ST. MICHAEL'S PRY. SCH. ODEDEYO,EXISTING PU,571,17376,342613
27,OGUN,10,IJEBU NORTH EAST,03,IMEWIRO/ODODEYO/IMOMO,011,27/10/03/011,"VICARAGE FRONTAGE, IMEWURO",EXISTING PU,571,17376,342614
27,OGUN,10,IJEBU NORTH EAST,03,IMEWIRO/ODODEYO/IMOMO,012,27/10/03/012,ETI OBU JUNCTION ALEDO ODEDEYO,EXISTING PU,571,17376,342615
27,OGUN,10,IJEBU NORTH EAST,03,IMEWIRO/ODODEYO/IMOMO,013,27/10/03/013,ALEDO ODEDEYO,EXISTING PU,571,17376,342616
27,OGUN,10,IJEBU NORTH EAST,03,IMEWIRO/ODODEYO/IMOMO,014,27/10/03/014,ABA YUSUFF,EXISTING PU,571,17376,342617
27,OGUN,10,IJEBU NORTH EAST,03,IMEWIRO/ODODEYO/IMOMO,015,27/10/03/015,VILLAGE SQUARE OKE EKI,EXISTING PU,571,17376,342618
27,OGUN,10,IJEBU NORTH EAST,04,ODESENLU,001,27/10/04/001,CHRIST CHURCH SCH. ODOSENLU I,EXISTING PU,571,17377,342619
27,OGUN,10,IJEBU NORTH EAST,04,ODESENLU,002,27/10/04/002,CHRIST CHURCH SCH. ODOSENLU II,EXISTING PU,571,17377,342620
27,OGUN,10,IJEBU NORTH EAST,04,ODESENLU,003,27/10/04/003,OJU ORE SQUARE GROUND,EXISTING PU,571,17377,342621
27,OGUN,10,IJEBU NORTH EAST,04,ODESENLU,004,27/10/04/004,FRONTAGE MOSQUE AT ODOREGBE I,EXISTING PU,571,17377,342622
27,OGUN,10,IJEBU NORTH EAST,04,ODESENLU,005,27/10/04/005,OKE-OLA,EXISTING PU,571,17377,342623
27,OGUN,10,IJEBU NORTH EAST,04,ODESENLU,006,27/10/04/006,OKE OLOWU,EXISTING PU,571,17377,342624
27,OGUN,10,IJEBU NORTH EAST,04,ODESENLU,007,27/10/04/007,ILONE,EXISTING PU,571,17377,342625
27,OGUN,10,IJEBU NORTH EAST,05,IGEDE/ITAMARUN,001,27/10/05/001,CATHOLIC PRY. SCHOOL IGEDE,EXISTING PU,571,17378,342626
27,OGUN,10,IJEBU NORTH EAST,05,IGEDE/ITAMARUN,002,27/10/05/002,A.C.H.S. ITAMARUN,EXISTING PU,571,17378,342627
27,OGUN,10,IJEBU NORTH EAST,05,IGEDE/ITAMARUN,003,27/10/05/003,ST. PETER'S SCHOOL ODOGBONDU,EXISTING PU,571,17378,342628
27,OGUN,10,IJEBU NORTH EAST,05,IGEDE/ITAMARUN,004,27/10/05/004,FRONTAGE OGUNKOYA'S HOUSE - OKEYEJO,EXISTING PU,571,17378,342629
27,OGUN,10,IJEBU NORTH EAST,05,IGEDE/ITAMARUN,005,27/10/05/005,FRONTAGE BOLA'S HOUSE EGBE,EXISTING PU,571,17378,342630
27,OGUN,10,IJEBU NORTH EAST,05,IGEDE/ITAMARUN,006,27/10/05/006,OKELUGBONGUN,EXISTING PU,571,17378,342631
27,OGUN,10,IJEBU NORTH EAST,06,OJU ONA,001,27/10/06/001,ST. MICHAEL'S SCH. IPARI NLA,EXISTING PU,571,17379,342632
27,OGUN,10,IJEBU NORTH EAST,06,OJU ONA,002,27/10/06/002,IWORO TOWN HALL,EXISTING PU,571,17379,342633
27,OGUN,10,IJEBU NORTH EAST,06,OJU ONA,003,27/10/06/003,"TOWN HALL, OKE AGBONLE",EXISTING PU,571,17379,342634
27,OGUN,10,IJEBU NORTH EAST,06,OJU ONA,004,27/10/06/004,IPARI OKE,EXISTING PU,571,17379,342635
27,OGUN,10,IJEBU NORTH EAST,06,OJU ONA,005,27/10/06/005,ODOKALABA,EXISTING PU,571,17379,342636
27,OGUN,10,IJEBU NORTH EAST,06,OJU ONA,006,27/10/06/006,FRONTAGE BAALE'S HOUSE - ITEBU,EXISTING PU,571,17379,342637
27,OGUN,10,IJEBU NORTH EAST,06,OJU ONA,007,27/10/06/007,ODOGBE VILLAGE SQUARE,EXISTING PU,571,17379,342638
27,OGUN,10,IJEBU NORTH EAST,06,OJU ONA,008,27/10/06/008,FRONTAGE OWOTOMO'S HOUSE,EXISTING PU,571,17379,342639
27,OGUN,10,IJEBU NORTH EAST,07,ISOYIN,001,27/10/07/001,EMMANUEL PRY. SCH. ISONYIN,EXISTING PU,571,17380,342640
27,OGUN,10,IJEBU NORTH EAST,07,ISOYIN,002,27/10/07/002,ISONYIN GRAMMAR SCHOOL,EXISTING PU,571,17380,342641
27,OGUN,10,IJEBU NORTH EAST,07,ISOYIN,003,27/10/07/003,FRONT OF BAALE'S HOUSE - ISONYIN,EXISTING PU,571,17380,342642
27,OGUN,10,IJEBU NORTH EAST,07,ISOYIN,004,27/10/07/004,ODOLE JUNCTION,EXISTING PU,571,17380,342643
27,OGUN,10,IJEBU NORTH EAST,07,ISOYIN,005,27/10/07/005,UNITED PRY. SCH. APUNEEIN,EXISTING PU,571,17380,342644
27,OGUN,10,IJEBU NORTH EAST,07,ISOYIN,006,27/10/07/006,ARABIC PRY. SCH. ISONYIN,EXISTING PU,571,17380,342645
27,OGUN,10,IJEBU NORTH EAST,07,ISOYIN,007,27/10/07/007,FRONT OF BAALE'S HOUSE AGBOWA,EXISTING PU,571,17380,342646
27,OGUN,10,IJEBU NORTH EAST,07,ISOYIN,008,27/10/07/008,FRONT OF BALE ILUPA,EXISTING PU,571,17380,342647
27,OGUN,10,IJEBU NORTH EAST,07,ISOYIN,009,27/10/07/009,FRONT OF ITUN OLUGBALA,EXISTING PU,571,17380,342648
27,OGUN,10,IJEBU NORTH EAST,08,ILESE,001,27/10/08/001,MOSLEM PRY. SCH. ILESE  I,EXISTING PU,571,17381,342649
27,OGUN,10,IJEBU NORTH EAST,08,ILESE,002,27/10/08/002,IDOMOWO VILLAGE CENTER,EXISTING PU,571,17381,342650
27,OGUN,10,IJEBU NORTH EAST,08,ILESE,003,27/10/08/003,ARMY BARRACKS  I,EXISTING PU,571,17381,342651
27,OGUN,10,IJEBU NORTH EAST,08,ILESE,004,27/10/08/004,IDOMILA VILLAGE SQUARE,EXISTING PU,571,17381,342652
27,OGUN,10,IJEBU NORTH EAST,08,ILESE,005,27/10/08/005,AKITIPA,EXISTING PU,571,17381,342653
27,OGUN,10,IJEBU NORTH EAST,08,ILESE,006,27/10/08/006,OKE LISA ILESE  I,EXISTING PU,571,17381,342654
27,OGUN,10,IJEBU NORTH EAST,08,ILESE,007,27/10/08/007,ILONE,EXISTING PU,571,17381,342655
27,OGUN,10,IJEBU NORTH EAST,08,ILESE,008,27/10/08/008,ALEDO ILESE,EXISTING PU,571,17381,342656
27,OGUN,10,IJEBU NORTH EAST,08,ILESE,009,27/10/08/009,ODOMOLASA VILLAGE,EXISTING PU,571,17381,342657
27,OGUN,10,IJEBU NORTH EAST,08,ILESE,010,27/10/08/010,ARMY BARRACKS  II,EXISTING PU,571,17381,342658
27,OGUN,10,IJEBU NORTH EAST,08,ILESE,011,27/10/08/011,ESEPA FRONTAGE SUARA'S HOUSE,EXISTING PU,571,17381,342659
27,OGUN,10,IJEBU NORTH EAST,08,ILESE,012,27/10/08/012,HEALTH TECH ILESE,NEW PU,571,17381,342660
27,OGUN,10,IJEBU NORTH EAST,08,ILESE,013,27/10/08/013,ILESE COMPREHESIVE HIGH SCHOOL,NEW PU,571,17381,342661
27,OGUN,10,IJEBU NORTH EAST,08,ILESE,014,27/10/08/014,IKEN TOWN HALL,NEW PU,571,17381,342662
27,OGUN,10,IJEBU NORTH EAST,08,ILESE,015,27/10/08/015,OPEN SPACE ISADE,NEW PU,571,17381,342663
27,OGUN,10,IJEBU NORTH EAST,08,ILESE,016,27/10/08/016,OPEN SPACE ESURU,NEW PU,571,17381,342664
27,OGUN,10,IJEBU NORTH EAST,08,ILESE,017,27/10/08/017,OPEN SPACE RASONWA,NEW PU,571,17381,342665
27,OGUN,10,IJEBU NORTH EAST,09,OKE-ERI/OGBOGBO,001,27/10/09/001,U.P.S. SCHOOL IMOWO,EXISTING PU,571,17382,342666
27,OGUN,10,IJEBU NORTH EAST,09,OKE-ERI/OGBOGBO,002,27/10/09/002,WESLEY PRY. SCHOOL OKE-ERI,EXISTING PU,571,17382,342667
27,OGUN,10,IJEBU NORTH EAST,09,OKE-ERI/OGBOGBO,003,27/10/09/003,BAALE'S HOUSE IREWON,EXISTING PU,571,17382,342668
27,OGUN,10,IJEBU NORTH EAST,09,OKE-ERI/OGBOGBO,004,27/10/09/004,"TOWN HALL, OGBOGBO  I",EXISTING PU,571,17382,342669
27,OGUN,10,IJEBU NORTH EAST,09,OKE-ERI/OGBOGBO,005,27/10/09/005,"TOWN HALL, OGBOGBO  II",EXISTING PU,571,17382,342670
27,OGUN,10,IJEBU NORTH EAST,09,OKE-ERI/OGBOGBO,006,27/10/09/006,FRONTAGE BAALE'S HOUSE - IJARI,EXISTING PU,571,17382,342671
27,OGUN,10,IJEBU NORTH EAST,09,OKE-ERI/OGBOGBO,007,27/10/09/007,IGOYA,EXISTING PU,571,17382,342672
27,OGUN,10,IJEBU NORTH EAST,09,OKE-ERI/OGBOGBO,008,27/10/09/008,FRONTAGE BAALE'S HOUSE IWESI,EXISTING PU,571,17382,342673
27,OGUN,10,IJEBU NORTH EAST,09,OKE-ERI/OGBOGBO,009,27/10/09/009,OPEN SPACE AT GOLDEN ESTATE,NEW PU,571,17382,342674
27,OGUN,10,IJEBU NORTH EAST,09,OKE-ERI/OGBOGBO,010,27/10/09/010,OPEN SPACE ALONG MOLIPA IREWON,NEW PU,571,17382,342675
27,OGUN,10,IJEBU NORTH EAST,09,OKE-ERI/OGBOGBO,011,27/10/09/011,OGBOGBO BAPTIST PRIMARY SCHOOL,NEW PU,571,17382,342676
27,OGUN,10,IJEBU NORTH EAST,09,OKE-ERI/OGBOGBO,012,27/10/09/012,OPEN SPACE OKELE  OGBOGBO,NEW PU,571,17382,342677
27,OGUN,10,IJEBU NORTH EAST,09,OKE-ERI/OGBOGBO,013,27/10/09/013,ONIRUGBO  OPEN SPACE,NEW PU,571,17382,342678
27,OGUN,10,IJEBU NORTH EAST,10,ERUNWON,001,27/10/10/001,EPHIPHANY PRY. SCH. ERUNWON,EXISTING PU,571,17383,342679
27,OGUN,10,IJEBU NORTH EAST,10,ERUNWON,002,27/10/10/002,B.A.C. ODOPOTU,EXISTING PU,571,17383,342680
27,OGUN,10,IJEBU NORTH EAST,10,ERUNWON,003,27/10/10/003,FRONTAGE BAALE'S HOUSE ODO AYE,EXISTING PU,571,17383,342681
27,OGUN,10,IJEBU NORTH EAST,10,ERUNWON,004,27/10/10/004,"FRONTAGE, SYNDICATE HOUSE IGBEBA",EXISTING PU,571,17383,342682
27,OGUN,10,IJEBU NORTH EAST,10,ERUNWON,005,27/10/10/005,ELERUNWON'S PALACE,EXISTING PU,571,17383,342683
27,OGUN,10,IJEBU NORTH EAST,10,ERUNWON,006,27/10/10/006,SECRETARIAT VIA OBOGBO,EXISTING PU,571,17383,342684
27,OGUN,10,IJEBU NORTH EAST,10,ERUNWON,007,27/10/10/007,OGIDI HEALTH CENTRE,EXISTING PU,571,17383,342685
27,OGUN,10,IJEBU NORTH EAST,10,ERUNWON,008,27/10/10/008,ILEFON,EXISTING PU,571,17383,342686
27,OGUN,10,IJEBU NORTH EAST,10,ERUNWON,009,27/10/10/009,OPEN SPACE ISAKI,NEW PU,571,17383,342687
27,OGUN,10,IJEBU NORTH EAST,10,ERUNWON,010,27/10/10/010,IYANUWUYRA OPEN SPACE,NEW PU,571,17383,342688
27,OGUN,11,IJEBU ODE,01,ISOKU/OSOSA,001,27/11/01/001,BESIDE CO-OP BUILDING,EXISTING PU,572,17384,342689
27,OGUN,11,IJEBU ODE,01,ISOKU/OSOSA,002,27/11/01/002,EMMANUEL SCHOOL I ITALUPE,EXISTING PU,572,17384,342690
27,OGUN,11,IJEBU ODE,01,ISOKU/OSOSA,003,27/11/01/003,"MOSLEM SCHOOL, ISOKU",EXISTING PU,572,17384,342691
27,OGUN,11,IJEBU ODE,01,ISOKU/OSOSA,004,27/11/01/004,FRONT OF TALABI'S HOUSE  OLISA STREET I,EXISTING PU,572,17384,342692
27,OGUN,11,IJEBU ODE,01,ISOKU/OSOSA,005,27/11/01/005,IMORU ROAD JUNCTION,EXISTING PU,572,17384,342693
27,OGUN,11,IJEBU ODE,01,ISOKU/OSOSA,006,27/11/01/006,OKE-OLA ILORIN,EXISTING PU,572,17384,342694
27,OGUN,11,IJEBU ODE,01,ISOKU/OSOSA,007,27/11/01/007,EMMANUEL SCHOOL  II,EXISTING PU,572,17384,342695
27,OGUN,11,IJEBU ODE,01,ISOKU/OSOSA,008,27/11/01/008,FRONT OF TALABI'S HOUSE  OLISA STREET II,EXISTING PU,572,17384,342696
27,OGUN,11,IJEBU ODE,01,ISOKU/OSOSA,009,27/11/01/009,"ADJACENT A. B SUNMOLA HOUSE, IJAGUN ROAD",NEW PU,572,17384,342697
27,OGUN,11,IJEBU ODE,01,ISOKU/OSOSA,010,27/11/01/010,"BESIDE 3A'S HOTEL,      IMORU ROAD",NEW PU,572,17384,342698
27,OGUN,11,IJEBU ODE,01,ISOKU/OSOSA,011,27/11/01/011,MOSLEM SCHOOL II           ONDO ROAD,NEW PU,572,17384,342699
27,OGUN,11,IJEBU ODE,02,ODO-ESA,001,27/11/02/001,BAPTIST DAY SCHOOL EREKO,EXISTING PU,572,17385,342700
27,OGUN,11,IJEBU ODE,02,ODO-ESA,002,27/11/02/002,FRONT OF OUR LADY'S SCHOOL,EXISTING PU,572,17385,342701
27,OGUN,11,IJEBU ODE,02,ODO-ESA,003,27/11/02/003,FRONT OF ALHAJI KUKOYI'S HOUSE,EXISTING PU,572,17385,342702
27,OGUN,11,IJEBU ODE,02,ODO-ESA,004,27/11/02/004,OPPOSITE ITAJANA MOSQUE,EXISTING PU,572,17385,342703
27,OGUN,11,IJEBU ODE,02,ODO-ESA,005,27/11/02/005,STATE HOSPITAL,EXISTING PU,572,17385,342704
27,OGUN,11,IJEBU ODE,02,ODO-ESA,006,27/11/02/006,DENTAL CENTRE,EXISTING PU,572,17385,342705
27,OGUN,11,IJEBU ODE,02,ODO-ESA,007,27/11/02/007,"BY ODO ESA PREMIER MOSQUE NEAR IDIROKO, OLISA",NEW PU,572,17385,342706
27,OGUN,11,IJEBU ODE,02,ODO-ESA,008,27/11/02/008,SAKA ASHIRU JUNCTION    VIA MAYOMAYO,NEW PU,572,17385,342707
27,OGUN,11,IJEBU ODE,02,ODO-ESA,009,27/11/02/009,OPEN SPACE BY OLORUNGBEBE MOSQUE,NEW PU,572,17385,342708
27,OGUN,11,IJEBU ODE,02,ODO-ESA,010,27/11/02/010,"JIMILEYIN JUNCTION, ADJACENT IREPODUN MOSQUE",NEW PU,572,17385,342709
27,OGUN,11,IJEBU ODE,02,ODO-ESA,011,27/11/02/011,OPEN SPACE AT OGUNTUGA FOUR JUNCTION,NEW PU,572,17385,342710
27,OGUN,11,IJEBU ODE,03,ITANTEBO,001,27/11/03/001,MOSLEM SCHOOL ETITALE I,EXISTING PU,572,17386,342711
27,OGUN,11,IJEBU ODE,03,ITANTEBO,002,27/11/03/002,OPP. OLORITUN'S HOUSE,EXISTING PU,572,17386,342712
27,OGUN,11,IJEBU ODE,03,ITANTEBO,003,27/11/03/003,FRONT OF IGBOBURO MOSQUE,EXISTING PU,572,17386,342713
27,OGUN,11,IJEBU ODE,03,ITANTEBO,004,27/11/03/004,FRONT OF BALOGUN KUKU'S HOUSE,EXISTING PU,572,17386,342714
27,OGUN,11,IJEBU ODE,03,ITANTEBO,005,27/11/03/005,ISOKUN / ITAOGBE JUNCTION,EXISTING PU,572,17386,342715
27,OGUN,11,IJEBU ODE,03,ITANTEBO,006,27/11/03/006,MOSELM SCHOOL ETITALE 11,EXISTING PU,572,17386,342716
27,OGUN,11,IJEBU ODE,03,ITANTEBO,007,27/11/03/007,"AHMMADIAH MOVEMENT B/S, ARAROMI",NEW PU,572,17386,342717
27,OGUN,11,IJEBU ODE,04,IJADE / IMEPE I,001,27/11/04/001,OLD WASIMI SCHOOL HALL,EXISTING PU,572,17387,342718
27,OGUN,11,IJEBU ODE,04,IJADE / IMEPE I,002,27/11/04/002,JOKE TAIWO PRY. SCHOOL,EXISTING PU,572,17387,342719
27,OGUN,11,IJEBU ODE,04,IJADE / IMEPE I,003,27/11/04/003,BALOGUN KUKU ROAD,EXISTING PU,572,17387,342720
27,OGUN,11,IJEBU ODE,04,IJADE / IMEPE I,004,27/11/04/004,OTUBU MEMORIAL SCHOOL,EXISTING PU,572,17387,342721
27,OGUN,11,IJEBU ODE,04,IJADE / IMEPE I,005,27/11/04/005,IYANRO MOSQUE,EXISTING PU,572,17387,342722
27,OGUN,11,IJEBU ODE,04,IJADE / IMEPE I,006,27/11/04/006,"OKE AJE, BACK OF AJAYI'S HOUSE",EXISTING PU,572,17387,342723
27,OGUN,11,IJEBU ODE,04,IJADE / IMEPE I,007,27/11/04/007,OPEN SPACE AT MOBORODE / GBELEGBUWA JUNCTION,NEW PU,572,17387,342724
27,OGUN,11,IJEBU ODE,04,IJADE / IMEPE I,008,27/11/04/008,OPEN SPACE AT ITAPAKURA / OLODE JUNCTION,NEW PU,572,17387,342725
27,OGUN,11,IJEBU ODE,05,IJADE / IMEPE II,001,27/11/05/001,FRONT OF OLISA'S PALACE,EXISTING PU,572,17388,342726
27,OGUN,11,IJEBU ODE,05,IJADE / IMEPE II,002,27/11/05/002,OLD IJADA MARKET,EXISTING PU,572,17388,342727
27,OGUN,11,IJEBU ODE,05,IJADE / IMEPE II,003,27/11/05/003,OMOLUWABI PRY. SCHOOL IMEPE,EXISTING PU,572,17388,342728
27,OGUN,11,IJEBU ODE,05,IJADE / IMEPE II,004,27/11/05/004,MOSLEM PRY. SCH. IMEPE,EXISTING PU,572,17388,342729
27,OGUN,11,IJEBU ODE,05,IJADE / IMEPE II,005,27/11/05/005,U.N.A. PRY. SCH. IMEPE,EXISTING PU,572,17388,342730
27,OGUN,11,IJEBU ODE,05,IJADE / IMEPE II,006,27/11/05/006,ORUNSE AREA,EXISTING PU,572,17388,342731
27,OGUN,11,IJEBU ODE,05,IJADE / IMEPE II,007,27/11/05/007,IDOMOWO/IMOSE,EXISTING PU,572,17388,342732
27,OGUN,11,IJEBU ODE,05,IJADE / IMEPE II,008,27/11/05/008,WASIMI PRY SCHOOL,EXISTING PU,572,17388,342733
27,OGUN,11,IJEBU ODE,05,IJADE / IMEPE II,009,27/11/05/009,IDELE,EXISTING PU,572,17388,342734
27,OGUN,11,IJEBU ODE,05,IJADE / IMEPE II,010,27/11/05/010,AYERU/AJEGUNLE,EXISTING PU,572,17388,342735
27,OGUN,11,IJEBU ODE,05,IJADE / IMEPE II,011,27/11/05/011,IPAMUREN MOSQUE,EXISTING PU,572,17388,342736
27,OGUN,11,IJEBU ODE,05,IJADE / IMEPE II,012,27/11/05/012,"BESIDE RAMDAT HOTEL, OGUNTUGA ST I-ODE",EXISTING PU,572,17388,342737
27,OGUN,11,IJEBU ODE,05,IJADE / IMEPE II,013,27/11/05/013,OPEN SPACE AT OYA JUNCTION BY ADELAJA STR.,NEW PU,572,17388,342738
27,OGUN,11,IJEBU ODE,05,IJADE / IMEPE II,014,27/11/05/014,AJEGUNLE / IJADA STREET BY IYA ADAM FOOD CANTEEN,NEW PU,572,17388,342739
27,OGUN,11,IJEBU ODE,05,IJADE / IMEPE II,015,27/11/05/015,"OPEN SPACE BY SATINA HOTEL, OFF ONDO ROAD",NEW PU,572,17388,342740
27,OGUN,11,IJEBU ODE,05,IJADE / IMEPE II,016,27/11/05/016,"OPEN SPACE BY OLORUNOSUN / SATINA JUNCTION, ONDO ROAD",NEW PU,572,17388,342741
27,OGUN,11,IJEBU ODE,05,IJADE / IMEPE II,017,27/11/05/017,OPEN SPACE AT ORUNSE - JAGINRIN JUNCTION IMEPE,NEW PU,572,17388,342742
27,OGUN,11,IJEBU ODE,05,IJADE / IMEPE II,018,27/11/05/018,OPEN SPACE AT ALHAJI SODIQ STREET NEAR OLATOYE HOUSE BY CELE,NEW PU,572,17388,342743
27,OGUN,11,IJEBU ODE,05,IJADE / IMEPE II,019,27/11/05/019,CELE T-JUNCTION BY KOWA HOSPITAL OFF EJINRIN ROAD,NEW PU,572,17388,342744
27,OGUN,11,IJEBU ODE,05,IJADE / IMEPE II,020,27/11/05/020,OPEN SPACE FRONT OF BISHOP COURT EJINRIN ROAD,NEW PU,572,17388,342745
27,OGUN,11,IJEBU ODE,05,IJADE / IMEPE II,021,27/11/05/021,"CARTERPILLAR JUNCTION ADEFISAN ROAD, OFF EJINRIN ROAD",NEW PU,572,17388,342746
27,OGUN,11,IJEBU ODE,05,IJADE / IMEPE II,022,27/11/05/022,AKINTONDE PLAZA BY OYINGBO JUNCTION,NEW PU,572,17388,342747
27,OGUN,11,IJEBU ODE,05,IJADE / IMEPE II,023,27/11/05/023,"FRONT OF HALIDU MOSQUE, IDELE JUNCTION",NEW PU,572,17388,342748
27,OGUN,11,IJEBU ODE,06,POROGUN  I,001,27/11/06/001,MUSLEM COLLEGE,EXISTING PU,572,17389,342749
27,OGUN,11,IJEBU ODE,06,POROGUN  I,002,27/11/06/002,OPPOSITE APELOKO,EXISTING PU,572,17389,342750
27,OGUN,11,IJEBU ODE,06,POROGUN  I,003,27/11/06/003,"OPPOSITE L.G. WORKS DEPT,",EXISTING PU,572,17389,342751
27,OGUN,11,IJEBU ODE,06,POROGUN  I,004,27/11/06/004,BESIDE ISASA MOSQUE,EXISTING PU,572,17389,342752
27,OGUN,11,IJEBU ODE,06,POROGUN  I,005,27/11/06/005,CHRIST CHURCH SCHOOL MOLODE,EXISTING PU,572,17389,342753
27,OGUN,11,IJEBU ODE,06,POROGUN  I,006,27/11/06/006,AYEGBAMI WASIMI JUNCTION,EXISTING PU,572,17389,342754
27,OGUN,11,IJEBU ODE,06,POROGUN  I,007,27/11/06/007,OJOFA/ALAPO JUNCTION,EXISTING PU,572,17389,342755
27,OGUN,11,IJEBU ODE,06,POROGUN  I,008,27/11/06/008,MOBEGELU ST. (INFRONT OLOWU'S HOUSE),EXISTING PU,572,17389,342756
27,OGUN,11,IJEBU ODE,06,POROGUN  I,009,27/11/06/009,ADEOLA ODUTOLA COLLEGE,EXISTING PU,572,17389,342757
27,OGUN,11,IJEBU ODE,06,POROGUN  I,010,27/11/06/010,LOCAL GOVT. MATERNITY CENTRE,EXISTING PU,572,17389,342758
27,OGUN,11,IJEBU ODE,06,POROGUN  I,011,27/11/06/011,FIDIPOTE ADEOLA JUNCTION,NEW PU,572,17389,342759
27,OGUN,11,IJEBU ODE,06,POROGUN  I,012,27/11/06/012,OPEN SPACE AT AYEGBAMI ABASS STREET JUNCTION,NEW PU,572,17389,342760
27,OGUN,11,IJEBU ODE,06,POROGUN  I,013,27/11/06/013,OPEN SPACE AT MUKEKE JUNCTION BY MOSLEM COLLEGE ROAD,NEW PU,572,17389,342761
27,OGUN,11,IJEBU ODE,06,POROGUN  I,014,27/11/06/014,"OPEN SPACE AT MIDDLE OF KAKA STREET, TANIMOLA JUNCTION",NEW PU,572,17389,342762
27,OGUN,11,IJEBU ODE,06,POROGUN  I,015,27/11/06/015,"MOSLEM PRIMARY SCHOOL, MOLODE",NEW PU,572,17389,342763
27,OGUN,11,IJEBU ODE,06,POROGUN  I,016,27/11/06/016,"OPEN SPACE AGBAJE JUNCTION, BY TRANSFORMER",NEW PU,572,17389,342764
27,OGUN,11,IJEBU ODE,06,POROGUN  I,017,27/11/06/017,"OPEN SPACE AT ALEBIOSU STREET, DUPMOS JUNCTION",NEW PU,572,17389,342765
27,OGUN,11,IJEBU ODE,07,POROGUN  II,001,27/11/07/001,FRONT OF BABALOLA'S HOUSE,EXISTING PU,572,17390,342766
27,OGUN,11,IJEBU ODE,07,POROGUN  II,002,27/11/07/002,IJEBU-ODE GRAMMAR SCHOOL,EXISTING PU,572,17390,342767
27,OGUN,11,IJEBU ODE,07,POROGUN  II,003,27/11/07/003,"CHRIST CHURCH SCH., POROGUN",EXISTING PU,572,17390,342768
27,OGUN,11,IJEBU ODE,07,POROGUN  II,004,27/11/07/004,A.G.G.S. OBALENDE,EXISTING PU,572,17390,342769
27,OGUN,11,IJEBU ODE,07,POROGUN  II,005,27/11/07/005,ABEOKUTA ROAD FRONT OF ALOWOLODU,EXISTING PU,572,17390,342770
27,OGUN,11,IJEBU ODE,07,POROGUN  II,006,27/11/07/006,OGBAGBA STREET (MIDDLE FRONT OF ALOWONLE,EXISTING PU,572,17390,342771
27,OGUN,11,IJEBU ODE,07,POROGUN  II,007,27/11/07/007,ITALAPO MOSQUE,EXISTING PU,572,17390,342772
27,OGUN,11,IJEBU ODE,07,POROGUN  II,008,27/11/07/008,"MIDDLE ALAPO STREET, (INFRONT OF MOSQUE)",EXISTING PU,572,17390,342773
27,OGUN,11,IJEBU ODE,07,POROGUN  II,009,27/11/07/009,ABEOKUTA RD (INFRONT OF OLUFOWOBI'S HOUSE),EXISTING PU,572,17390,342774
27,OGUN,11,IJEBU ODE,07,POROGUN  II,010,27/11/07/010,FISIGBOYE - EHINDIN JUNCTION BY IJEBU-ODE LOCAL GOVERNMENT SECRETARIAT,NEW PU,572,17390,342775
27,OGUN,11,IJEBU ODE,07,POROGUN  II,011,27/11/07/011,OPEN SPACE AT ALATISHE MOSQUE BY TOTAL FILLING STATION,NEW PU,572,17390,342776
27,OGUN,11,IJEBU ODE,07,POROGUN  II,012,27/11/07/012,"DEGUN JUNCTION, OBALENDE",NEW PU,572,17390,342777
27,OGUN,11,IJEBU ODE,07,POROGUN  II,013,27/11/07/013,OPEN SPACE BESIDE OBALENDE POLICE STATION,NEW PU,572,17390,342778
27,OGUN,11,IJEBU ODE,07,POROGUN  II,014,27/11/07/014,"OPEN SPACE BY OGUNBULE JUNCTION, OLORUNSOGO",NEW PU,572,17390,342779
27,OGUN,11,IJEBU ODE,07,POROGUN  II,015,27/11/07/015,OPEN SAPCE LEWU JUNCTION BESIDE SEICO HOUSE,NEW PU,572,17390,342780
27,OGUN,11,IJEBU ODE,07,POROGUN  II,016,27/11/07/016,"OMOSANYA OLAONIPEKUN JUNCTION, OFF DEGUN",NEW PU,572,17390,342781
27,OGUN,11,IJEBU ODE,07,POROGUN  II,017,27/11/07/017,"FIDIPOTE JUNCTION, OFF FUSIGBOYE ROAD",NEW PU,572,17390,342782
27,OGUN,11,IJEBU ODE,07,POROGUN  II,018,27/11/07/018,OPEN SPACE AT ALAFIA / JAURA CHURCH JUNCTION,NEW PU,572,17390,342783
27,OGUN,11,IJEBU ODE,08,IJASI/ IDEPO,001,27/11/08/001,OUR SAVIOUR'S PRY. SCHOOL,EXISTING PU,572,17391,342784
27,OGUN,11,IJEBU ODE,08,IJASI/ IDEPO,002,27/11/08/002,FRONT OF BATA SHOP,EXISTING PU,572,17391,342785
27,OGUN,11,IJEBU ODE,08,IJASI/ IDEPO,003,27/11/08/003,WESLEY SCHOOL,EXISTING PU,572,17391,342786
27,OGUN,11,IJEBU ODE,08,IJASI/ IDEPO,004,27/11/08/004,C.A.C. SCHOOL DEGUN,EXISTING PU,572,17391,342787
27,OGUN,11,IJEBU ODE,08,IJASI/ IDEPO,005,27/11/08/005,IDEPO JUNCTION,EXISTING PU,572,17391,342788
27,OGUN,11,IJEBU ODE,08,IJASI/ IDEPO,006,27/11/08/006,ARAROMI/ILORO JUNCTION,EXISTING PU,572,17391,342789
27,OGUN,11,IJEBU ODE,08,IJASI/ IDEPO,007,27/11/08/007,ODUTOLA ST. (BESIDE ODUPELE STREET),EXISTING PU,572,17391,342790
27,OGUN,11,IJEBU ODE,08,IJASI/ IDEPO,008,27/11/08/008,MOLIPA (INFRONT OGO-OLUWA BAKERY),EXISTING PU,572,17391,342791
27,OGUN,11,IJEBU ODE,08,IJASI/ IDEPO,009,27/11/08/009,MOLIPA HIGH SCHOOL,EXISTING PU,572,17391,342792
27,OGUN,11,IJEBU ODE,08,IJASI/ IDEPO,010,27/11/08/010,ODUPELE / OGUNYOKU JUNCTION,EXISTING PU,572,17391,342793
27,OGUN,11,IJEBU ODE,08,IJASI/ IDEPO,011,27/11/08/011,OSIMORE JUNCTION,EXISTING PU,572,17391,342794
27,OGUN,11,IJEBU ODE,08,IJASI/ IDEPO,012,27/11/08/012,"OPEN SPACE BY KENNY BLOCK INDUSTRY, ILAMO AREA",NEW PU,572,17391,342795
27,OGUN,11,IJEBU ODE,08,IJASI/ IDEPO,013,27/11/08/013,OPEN SPACE BY AJIROBA HOUSE,NEW PU,572,17391,342796
27,OGUN,11,IJEBU ODE,08,IJASI/ IDEPO,014,27/11/08/014,OPEN SPACE AT AWOYEMI JUNCTION,NEW PU,572,17391,342797
27,OGUN,11,IJEBU ODE,08,IJASI/ IDEPO,015,27/11/08/015,OPEN SPACE AT ALAIYEPE OLUGBILE JUNCTION MOLIPA,NEW PU,572,17391,342798
27,OGUN,11,IJEBU ODE,08,IJASI/ IDEPO,016,27/11/08/016,OLD EPIC SCHOOL / CELE CHURCH JUNCTION BEHIND PRIME HOTEL,NEW PU,572,17391,342799
27,OGUN,11,IJEBU ODE,08,IJASI/ IDEPO,017,27/11/08/017,OPEN SPACE BY FOUR NUMBER JUNCTION MOLIPA ROAD,NEW PU,572,17391,342800
27,OGUN,11,IJEBU ODE,08,IJASI/ IDEPO,018,27/11/08/018,OPEN SPACE AT DEGUN JUNCTION BY ONALAJA STREET OFF FOLAGBADE ROAD,NEW PU,572,17391,342801
27,OGUN,11,IJEBU ODE,08,IJASI/ IDEPO,019,27/11/08/019,"OPEN SPACE BY OGUNBA-OLASUNBO JUNCTION, OFF FOLAGBADE ROAD",NEW PU,572,17391,342802
27,OGUN,11,IJEBU ODE,08,IJASI/ IDEPO,020,27/11/08/020,"OPEN SPACE BY ZIPEST FILLING STATION , OPPOSITE  SOYE, MOSQUE.",NEW PU,572,17391,342803
27,OGUN,11,IJEBU ODE,08,IJASI/ IDEPO,021,27/11/08/021,"AYESAN MARKET GATE, AYESAN AREA",NEW PU,572,17391,342804
27,OGUN,11,IJEBU ODE,08,IJASI/ IDEPO,022,27/11/08/022,AWOYELU-JOGBO HEALTH CENTRE,NEW PU,572,17391,342805
27,OGUN,11,IJEBU ODE,08,IJASI/ IDEPO,023,27/11/08/023,OPEN SPACE AT LEKUTI OKE JUNCTION,NEW PU,572,17391,342806
27,OGUN,11,IJEBU ODE,08,IJASI/ IDEPO,024,27/11/08/024,OPEN SPACE OPPOSITE MAHDIYAT MOSQUE IDEPO STREET,NEW PU,572,17391,342807
27,OGUN,11,IJEBU ODE,08,IJASI/ IDEPO,025,27/11/08/025,"OPEN SPACE FRONT OF OGUN STATE TELEVISION, IJEBU ODE",NEW PU,572,17391,342808
27,OGUN,11,IJEBU ODE,08,IJASI/ IDEPO,026,27/11/08/026,"OPEN SPACE AT OSIFESO/ODUTOLA STREET, IJEBU ODE",NEW PU,572,17391,342809
27,OGUN,11,IJEBU ODE,08,IJASI/ IDEPO,027,27/11/08/027,"C. A. C. SCHOOL, DEGUN (2)",NEW PU,572,17391,342810
27,OGUN,11,IJEBU ODE,08,IJASI/ IDEPO,028,27/11/08/028,C.A.C CHURCH BY POST OFFICE / C.M.S BOOKSHOP FOLAGBADE,NEW PU,572,17391,342811
27,OGUN,11,IJEBU ODE,09,ODO-EGBO/OLIWORO,001,27/11/09/001,ST. AUGUSTINE CATHOLIC SCHOOL,EXISTING PU,572,17392,342812
27,OGUN,11,IJEBU ODE,09,ODO-EGBO/OLIWORO,002,27/11/09/002,"A.U.D. PRY. SCH. I, BONOJO",EXISTING PU,572,17392,342813
27,OGUN,11,IJEBU ODE,09,ODO-EGBO/OLIWORO,003,27/11/09/003,A.U.D. PRY. SCH. II ONIRUGBA,EXISTING PU,572,17392,342814
27,OGUN,11,IJEBU ODE,09,ODO-EGBO/OLIWORO,004,27/11/09/004,"GOVT., TECHNICAL COLLEGE",EXISTING PU,572,17392,342815
27,OGUN,11,IJEBU ODE,09,ODO-EGBO/OLIWORO,005,27/11/09/005,EZEKIEL AWOYELU JUNCTION,EXISTING PU,572,17392,342816
27,OGUN,11,IJEBU ODE,09,ODO-EGBO/OLIWORO,006,27/11/09/006,BESIDE IJEBU-ODE STADIUM,EXISTING PU,572,17392,342817
27,OGUN,11,IJEBU ODE,09,ODO-EGBO/OLIWORO,007,27/11/09/007,TAI SOLARIN COLLEGE OF EDUCATION,EXISTING PU,572,17392,342818
27,OGUN,11,IJEBU ODE,09,ODO-EGBO/OLIWORO,008,27/11/09/008,OLD ODO EGBO MARKET,EXISTING PU,572,17392,342819
27,OGUN,11,IJEBU ODE,09,ODO-EGBO/OLIWORO,009,27/11/09/009,AHMADIYYA MOSQUE,EXISTING PU,572,17392,342820
27,OGUN,11,IJEBU ODE,09,ODO-EGBO/OLIWORO,010,27/11/09/010,K. MANSION,EXISTING PU,572,17392,342821
27,OGUN,11,IJEBU ODE,09,ODO-EGBO/OLIWORO,011,27/11/09/011,IGBEBA / ELEBUTE JUNCTION,EXISTING PU,572,17392,342822
27,OGUN,11,IJEBU ODE,09,ODO-EGBO/OLIWORO,012,27/11/09/012,BONJO / ODUTOLA STREET,EXISTING PU,572,17392,342823
27,OGUN,11,IJEBU ODE,09,ODO-EGBO/OLIWORO,013,27/11/09/013,GRA OFF AWUJALE STREET (MIDDLE),EXISTING PU,572,17392,342824
27,OGUN,11,IJEBU ODE,09,ODO-EGBO/OLIWORO,014,27/11/09/014,END OF BONOJO ELERUKU,NEW PU,572,17392,342825
27,OGUN,11,IJEBU ODE,09,ODO-EGBO/OLIWORO,015,27/11/09/015,OLUFOWOBI BY BONOJO FOUR JUNCTION,NEW PU,572,17392,342826
27,OGUN,11,IJEBU ODE,09,ODO-EGBO/OLIWORO,016,27/11/09/016,MAHDIYAT PRIMARY SCHOOL,NEW PU,572,17392,342827
27,OGUN,11,IJEBU ODE,09,ODO-EGBO/OLIWORO,017,27/11/09/017,"ADEBEN PLACE HOTEL JUNCTION, IGBEBA",NEW PU,572,17392,342828
27,OGUN,11,IJEBU ODE,09,ODO-EGBO/OLIWORO,018,27/11/09/018,"V.I.O CENTRE, ERUWON ROAD",NEW PU,572,17392,342829
27,OGUN,11,IJEBU ODE,09,ODO-EGBO/OLIWORO,019,27/11/09/019,LUBA COMPREHENSIVE SCHOOL OFF ERUNWON ROAD,NEW PU,572,17392,342830
27,OGUN,11,IJEBU ODE,09,ODO-EGBO/OLIWORO,020,27/11/09/020,"OPEN SPACE INFRONT OF  EID PRAYING GROUND, IDOBI",NEW PU,572,17392,342831
27,OGUN,11,IJEBU ODE,09,ODO-EGBO/OLIWORO,021,27/11/09/021,OPEN SPACE AT NEW ROAD BY ALAFIA JUNCTION / AKINIGANYIN,NEW PU,572,17392,342832
27,OGUN,11,IJEBU ODE,10,ISIWO,001,27/11/10/001,CHRIST CHURCH PRY. SCHOOL - ISIWO,EXISTING PU,572,17393,342833
27,OGUN,11,IJEBU ODE,10,ISIWO,002,27/11/10/002,AYETEJU MATERNITY,EXISTING PU,572,17393,342834
27,OGUN,11,IJEBU ODE,10,ISIWO,003,27/11/10/003,ODO/ASOYIN PRY. SCH.,EXISTING PU,572,17393,342835
27,OGUN,11,IJEBU ODE,10,ISIWO,004,27/11/10/004,OKELISA (OPPOSITE NEW MOSQUE),EXISTING PU,572,17393,342836
27,OGUN,11,IJEBU ODE,10,ISIWO,005,27/11/10/005,ODO LOFA,EXISTING PU,572,17393,342837
27,OGUN,11,IJEBU ODE,10,ISIWO,006,27/11/10/006,ST. PARTICK SCHOOL ISIWO,EXISTING PU,572,17393,342838
27,OGUN,11,IJEBU ODE,10,ISIWO,007,27/11/10/007,"ANSARUDEEN HIGH SCH, ISIWO",EXISTING PU,572,17393,342839
27,OGUN,11,IJEBU ODE,11,ITAMAPAKO,001,27/11/11/001,ST. ALLOYSIOUS SCH. ILOTI,EXISTING PU,572,17394,342840
27,OGUN,11,IJEBU ODE,11,ITAMAPAKO,002,27/11/11/002,ODOSENGOLU,EXISTING PU,572,17394,342841
27,OGUN,11,IJEBU ODE,11,ITAMAPAKO,003,27/11/11/003,ODO-AREWA MARKET,EXISTING PU,572,17394,342842
27,OGUN,11,IJEBU ODE,11,ITAMAPAKO,004,27/11/11/004,OKENLA TOMOBA PRY. SCH.,EXISTING PU,572,17394,342843
27,OGUN,11,IJEBU ODE,11,ITAMAPAKO,005,27/11/11/005,LOCAL GOVERNMENT SCHOOL IDALE,EXISTING PU,572,17394,342844
27,OGUN,11,IJEBU ODE,11,ITAMAPAKO,006,27/11/11/006,ST. JOSEPH ODONOKO,EXISTING PU,572,17394,342845
27,OGUN,11,IJEBU ODE,11,ITAMAPAKO,007,27/11/11/007,ST. JOSEPH SCHOOL ODONOKO,EXISTING PU,572,17394,342846
27,OGUN,11,IJEBU ODE,11,ITAMAPAKO,008,27/11/11/008,OKE-AKO,EXISTING PU,572,17394,342847
27,OGUN,11,IJEBU ODE,11,ITAMAPAKO,009,27/11/11/009,"ST. ANNE'S SCHOOL, IRAWO",EXISTING PU,572,17394,342848
27,OGUN,11,IJEBU ODE,11,ITAMAPAKO,010,27/11/11/010,TOMOBA VILLAGE,EXISTING PU,572,17394,342849
27,OGUN,12,IKENNE,01,IKENNE  I,001,27/12/01/001,IKENNE TOWN HALL,EXISTING PU,573,17395,342850
27,OGUN,12,IKENNE,01,IKENNE  I,002,27/12/01/002,WESLEY PRY. SCHOOL IKENNE,EXISTING PU,573,17395,342851
27,OGUN,12,IKENNE,01,IKENNE  I,003,27/12/01/003,ETI-OBU QUARTERS EGUNREGE,EXISTING PU,573,17395,342852
27,OGUN,12,IKENNE,01,IKENNE  I,004,27/12/01/004,ABIYI - OLOWO,EXISTING PU,573,17395,342853
27,OGUN,12,IKENNE,01,IKENNE  I,005,27/12/01/005,MOKO STREET,EXISTING PU,573,17395,342854
27,OGUN,12,IKENNE,01,IKENNE  I,006,27/12/01/006,"ETI, OBU QUARTERS (AKINDOYIN)",EXISTING PU,573,17395,342855
27,OGUN,12,IKENNE,01,IKENNE  I,007,27/12/01/007,IDOMOLE SQUARE,EXISTING PU,573,17395,342856
27,OGUN,12,IKENNE,01,IKENNE  I,008,27/12/01/008,MORO STREET,EXISTING PU,573,17395,342857
27,OGUN,12,IKENNE,01,IKENNE  I,009,27/12/01/009,OPEN SPACE AT OPATEDO YEYE ODUDUWA STREET,EXISTING PU,573,17395,342858
27,OGUN,12,IKENNE,01,IKENNE  I,010,27/12/01/010,OBAFEMI AWOLOWO PRY. SCHOOL,EXISTING PU,573,17395,342859
27,OGUN,12,IKENNE,01,IKENNE  I,011,27/12/01/011,"OPEN SPACE AT AIYEPE JUNCTION, YAWA IKENNE",EXISTING PU,573,17395,342860
27,OGUN,12,IKENNE,01,IKENNE  I,012,27/12/01/012,"OPEN SPACE AT MUSLIM MODERN COLLEGE, IKENNE",NEW PU,573,17395,342861
27,OGUN,12,IKENNE,01,IKENNE  I,013,27/12/01/013,"OPEN SPACE KEHINDE SOFOLA STR,IKENNE",NEW PU,573,17395,342862
27,OGUN,12,IKENNE,01,IKENNE  I,014,27/12/01/014,"OPEN SPACE UNDER COLANUT TREE,AWOLOWO ROAD, EGUNREGE, IKENNE",NEW PU,573,17395,342863
27,OGUN,12,IKENNE,01,IKENNE  I,015,27/12/01/015,"OPEN SPACE AT ITUN-KIJA STREET, ADJACENT ITUN+MORO STREET, IKENNE",NEW PU,573,17395,342864
27,OGUN,12,IKENNE,01,IKENNE  I,016,27/12/01/016,"OPEN SPACE BESIDE THE TRANSFORMER, MORO STREET, IKENNE",NEW PU,573,17395,342865
27,OGUN,12,IKENNE,01,IKENNE  I,017,27/12/01/017,"OPEN SPACE AT AKINDOYIN JUNCTION,OPPOSITE IKENNE MARKET.",NEW PU,573,17395,342866
27,OGUN,12,IKENNE,01,IKENNE  I,018,27/12/01/018,"OPEN SPACE INFRONT OF ISOLATION CENTRE, IKENNE",NEW PU,573,17395,342867
27,OGUN,12,IKENNE,01,IKENNE  I,019,27/12/01/019,"OPEN SPACE AT THE JUNCTION OF DOWN TOWN OF OLAJIDE SODIPE/BEST WAY STREET, IKENNE",NEW PU,573,17395,342868
27,OGUN,12,IKENNE,02,IKENNE  II,001,27/12/02/001,CUSTOMARY COURT,EXISTING PU,573,17396,342869
27,OGUN,12,IKENNE,02,IKENNE  II,002,27/12/02/002,A.U.D. SCHOOL IKENNE,EXISTING PU,573,17396,342870
27,OGUN,12,IKENNE,02,IKENNE  II,003,27/12/02/003,ETI-OBU QUARTERS,EXISTING PU,573,17396,342871
27,OGUN,12,IKENNE,02,IKENNE  II,004,27/12/02/004,ABUJI-OLOWO,EXISTING PU,573,17396,342872
27,OGUN,12,IKENNE,02,IKENNE  II,005,27/12/02/005,REMO PLANTATION,EXISTING PU,573,17396,342873
27,OGUN,12,IKENNE,02,IKENNE  II,006,27/12/02/006,ETI-OBU QUARTERS MESE,EXISTING PU,573,17396,342874
27,OGUN,12,IKENNE,02,IKENNE  II,007,27/12/02/007,ITUN MOKO  II,EXISTING PU,573,17396,342875
27,OGUN,12,IKENNE,02,IKENNE  II,008,27/12/02/008,"OPEN SPACE FRONT OF MAYFLOWER SCHOOL, MORE STREET",EXISTING PU,573,17396,342876
27,OGUN,12,IKENNE,02,IKENNE  II,009,27/12/02/009,COMMUNITY HIGH SCHOOL IKENNE,EXISTING PU,573,17396,342877
27,OGUN,12,IKENNE,02,IKENNE  II,010,27/12/02/010,OPEN SPACE AT CHRIST APOSTOLIC CHURCH OKE-IGBALA ROAD,EXISTING PU,573,17396,342878
27,OGUN,12,IKENNE,02,IKENNE  II,011,27/12/02/011,OKE MAGBON JUNCTION IKENNE,EXISTING PU,573,17396,342879
27,OGUN,12,IKENNE,02,IKENNE  II,012,27/12/02/012,ITUN EPE IKENNE,EXISTING PU,573,17396,342880
27,OGUN,12,IKENNE,02,IKENNE  II,013,27/12/02/013,"OPEN SPACE AT AWOKOYA MEDULE STREET OFF FAJEBE STREET, IKENNE",NEW PU,573,17396,342881
27,OGUN,12,IKENNE,02,IKENNE  II,014,27/12/02/014,"INFRONT OF O AND A ACADEMY SCH, IKENNE",NEW PU,573,17396,342882
27,OGUN,12,IKENNE,02,IKENNE  II,015,27/12/02/015,OPEN SPACE AT EGAN TOWN JUNCTION ALONG ODOGBOLU/IKENNE ROAD,NEW PU,573,17396,342883
27,OGUN,12,IKENNE,02,IKENNE  II,016,27/12/02/016,OPEN SPACE AT AWOLESI JUNCTION,NEW PU,573,17396,342884
27,OGUN,12,IKENNE,02,IKENNE  II,017,27/12/02/017,"UNITED HIGH SCHOOL,IKENNE",NEW PU,573,17396,342885
27,OGUN,12,IKENNE,03,IPERU  I,001,27/12/03/001,AFRICAN-BETHEL PRY. SCHOOL,EXISTING PU,573,17397,342886
27,OGUN,12,IKENNE,03,IPERU  I,002,27/12/03/002,ITA OSANYIN,EXISTING PU,573,17397,342887
27,OGUN,12,IKENNE,03,IPERU  I,003,27/12/03/003,IREGUN STREET,EXISTING PU,573,17397,342888
27,OGUN,12,IKENNE,03,IPERU  I,004,27/12/03/004,ITA OLOKU,EXISTING PU,573,17397,342889
27,OGUN,12,IKENNE,03,IPERU  I,005,27/12/03/005,AYEGBAMI STREET,EXISTING PU,573,17397,342890
27,OGUN,12,IKENNE,03,IPERU  I,006,27/12/03/006,IMOSAN STREET,EXISTING PU,573,17397,342891
27,OGUN,12,IKENNE,03,IPERU  I,007,27/12/03/007,"OPEN SPACE AT ITA-AGAN STREET,IPERU",NEW PU,573,17397,342892
27,OGUN,12,IKENNE,03,IPERU  I,008,27/12/03/008,"OPEN SPACE AT OLURE STREET, IPERU",NEW PU,573,17397,342893
27,OGUN,12,IKENNE,03,IPERU  I,009,27/12/03/009,"OPEN SPACE AT JUNTION OF ORIGBEMIDELE/ARAROMI STREET, IPERU",NEW PU,573,17397,342894
27,OGUN,12,IKENNE,04,IPERU  II,001,27/12/04/001,ITA-TISA,EXISTING PU,573,17398,342895
27,OGUN,12,IKENNE,04,IPERU  II,002,27/12/04/002,SALVATION ARMY SCHOOL IPERU,EXISTING PU,573,17398,342896
27,OGUN,12,IKENNE,04,IPERU  II,003,27/12/04/003,JALUGBA SQUARE,EXISTING PU,573,17398,342897
27,OGUN,12,IKENNE,04,IPERU  II,004,27/12/04/004,IBU ROAD,EXISTING PU,573,17398,342898
27,OGUN,12,IKENNE,04,IPERU  II,005,27/12/04/005,KANGA  STREET,EXISTING PU,573,17398,342899
27,OGUN,12,IKENNE,04,IPERU  II,006,27/12/04/006,AKESAN MARKET,EXISTING PU,573,17398,342900
27,OGUN,12,IKENNE,04,IPERU  II,007,27/12/04/007,AJAGBE HIGH SCHOOL,EXISTING PU,573,17398,342901
27,OGUN,12,IKENNE,04,IPERU  II,008,27/12/04/008,OPEN SPACE AT ITA-AGBON STREET,EXISTING PU,573,17398,342902
27,OGUN,12,IKENNE,04,IPERU  II,009,27/12/04/009,"OPEN SPACE OPP POLICE COLLEGE,IPERU",NEW PU,573,17398,342903
27,OGUN,12,IKENNE,04,IPERU  II,010,27/12/04/010,"OPEN SPACE AT BACK OF AKESAN MARKET, IPERU",NEW PU,573,17398,342904
27,OGUN,12,IKENNE,04,IPERU  II,011,27/12/04/011,"OPEN SPACE AT MASEJURA JUNCTION JALUGBA, IPERU",NEW PU,573,17398,342905
27,OGUN,12,IKENNE,04,IPERU  II,012,27/12/04/012,"OPEN SPACE AT THE JUNCTION OF OBA OGUNFOWORA/ODORU ROAD, IPERU",NEW PU,573,17398,342906
27,OGUN,12,IKENNE,05,IPERU  III,001,27/12/05/001,ST. JOHN'S CATH. PRY. SCH.,EXISTING PU,573,17399,342907
27,OGUN,12,IKENNE,05,IPERU  III,002,27/12/05/002,ARAROMI/MOSALASI SOKOTO,EXISTING PU,573,17399,342908
27,OGUN,12,IKENNE,05,IPERU  III,003,27/12/05/003,OPEN SPACE ALONG OLD IBADAN ROAD,EXISTING PU,573,17399,342909
27,OGUN,12,IKENNE,05,IPERU  III,004,27/12/05/004,WESLEY PRY. SCHOOL,EXISTING PU,573,17399,342910
27,OGUN,12,IKENNE,05,IPERU  III,005,27/12/05/005,ST. JAMES SCHOOL,EXISTING PU,573,17399,342911
27,OGUN,12,IKENNE,05,IPERU  III,006,27/12/05/006,A.U.D. SCHOOL,EXISTING PU,573,17399,342912
27,OGUN,12,IKENNE,05,IPERU  III,007,27/12/05/007,ABULE EGBA IMAJE,EXISTING PU,573,17399,342913
27,OGUN,12,IKENNE,05,IPERU  III,008,27/12/05/008,"OPP. POLICE COLLEGE, OGERE ROAD",EXISTING PU,573,17399,342914
27,OGUN,12,IKENNE,05,IPERU  III,009,27/12/05/009,CHRIST APOSTOLIC COLLEGE,EXISTING PU,573,17399,342915
27,OGUN,12,IKENNE,05,IPERU  III,010,27/12/05/010,IDENA QUARTERS,EXISTING PU,573,17399,342916
27,OGUN,12,IKENNE,05,IPERU  III,011,27/12/05/011,"THE SCHOOL FIELD, WESLEY PRY SCH, IPERU",NEW PU,573,17399,342917
27,OGUN,12,IKENNE,05,IPERU  III,012,27/12/05/012,"OPEN SPACE AT IDARIKA SQUARE,IPERU",NEW PU,573,17399,342918
27,OGUN,12,IKENNE,05,IPERU  III,013,27/12/05/013,"OPEN SPACE AT IMOSIMI STREET,IPERU",NEW PU,573,17399,342919
27,OGUN,12,IKENNE,05,IPERU  III,014,27/12/05/014,OPEN SPACE AT ERELU OLAYIWOLA STR IPERU,NEW PU,573,17399,342920
27,OGUN,12,IKENNE,05,IPERU  III,015,27/12/05/015,OPEN SPACE AT TIWA NEW TOWN ALONG LAGOS IBADAN EXPRESS WAY,NEW PU,573,17399,342921
27,OGUN,12,IKENNE,05,IPERU  III,016,27/12/05/016,"OPEN SPACE AT AGBELE STREET,IPERU",NEW PU,573,17399,342922
27,OGUN,12,IKENNE,05,IPERU  III,017,27/12/05/017,AKESAN COMMUNITY GRAMMAR SCH,NEW PU,573,17399,342923
27,OGUN,12,IKENNE,05,IPERU  III,018,27/12/05/018,"OPEN SPACE AT JUNCTION OF CHALLENGE STREET, AGBALA PHASEV II, IPERU",NEW PU,573,17399,342924
27,OGUN,12,IKENNE,06,OGERE  I,001,27/12/06/001,CATH. PRY. SCHOOL,EXISTING PU,573,17400,342925
27,OGUN,12,IKENNE,06,OGERE  I,002,27/12/06/002,ITA JIREN STREET JUNCTION,EXISTING PU,573,17400,342926
27,OGUN,12,IKENNE,06,OGERE  I,003,27/12/06/003,IDOMOGUN SQUARE,EXISTING PU,573,17400,342927
27,OGUN,12,IKENNE,06,OGERE  I,004,27/12/06/004,ITUNLA STREET,EXISTING PU,573,17400,342928
27,OGUN,12,IKENNE,06,OGERE  I,005,27/12/06/005,OBADORE SQUARE,EXISTING PU,573,17400,342929
27,OGUN,12,IKENNE,06,OGERE  I,006,27/12/06/006,OKE-OJA,EXISTING PU,573,17400,342930
27,OGUN,12,IKENNE,06,OGERE  I,007,27/12/06/007,"OPEN SPACE AT ODUGESAN/AKURO ESTATE ROAD, OGERE",NEW PU,573,17400,342931
27,OGUN,12,IKENNE,06,OGERE  I,008,27/12/06/008,"OPEN SPACE AT ITUN-IRAGBON/ANG STREET, OGERE",NEW PU,573,17400,342932
27,OGUN,12,IKENNE,07,OGERE  II,001,27/12/07/001,OPEN SPACE AT AJEGUNLE STREET,EXISTING PU,573,17401,342933
27,OGUN,12,IKENNE,07,OGERE  II,002,27/12/07/002,WESLEY SCHOOL,EXISTING PU,573,17401,342934
27,OGUN,12,IKENNE,07,OGERE  II,003,27/12/07/003,TOWN HALL,EXISTING PU,573,17401,342935
27,OGUN,12,IKENNE,07,OGERE  II,004,27/12/07/004,"OPEN SPACE AT LISA TABORAH, STREET",EXISTING PU,573,17401,342936
27,OGUN,12,IKENNE,07,OGERE  II,005,27/12/07/005,COURT HALL,EXISTING PU,573,17401,342937
27,OGUN,12,IKENNE,07,OGERE  II,006,27/12/07/006,IDAREN SQUARE,EXISTING PU,573,17401,342938
27,OGUN,12,IKENNE,07,OGERE  II,007,27/12/07/007,ODE ROAD,EXISTING PU,573,17401,342939
27,OGUN,12,IKENNE,07,OGERE  II,008,27/12/07/008,"OPEN SPACE AT SEGUN ADENIYI STREET OFF TABORAH ROAD, OGERE",NEW PU,573,17401,342940
27,OGUN,12,IKENNE,07,OGERE  II,009,27/12/07/009,OPEN SPACE ARAROMI PHASE II OGERE,NEW PU,573,17401,342941
27,OGUN,12,IKENNE,07,OGERE  II,010,27/12/07/010,"OPEN SPACE ODUESO STREET, OGERE",NEW PU,573,17401,342942
27,OGUN,12,IKENNE,07,OGERE  II,011,27/12/07/011,"OPEN SPACE AT JUNCTION OSILARU STREET, OGERE",NEW PU,573,17401,342943
27,OGUN,12,IKENNE,08,ILISAN  I,001,27/12/08/001,TOWN HALL,EXISTING PU,573,17402,342944
27,OGUN,12,IKENNE,08,ILISAN  I,002,27/12/08/002,A.U.D. SCHOOL ILISAN,EXISTING PU,573,17402,342945
27,OGUN,12,IKENNE,08,ILISAN  I,003,27/12/08/003,OPPOSITE POST OFFICE,EXISTING PU,573,17402,342946
27,OGUN,12,IKENNE,08,ILISAN  I,004,27/12/08/004,ISANBI HIGH SCHOOL,EXISTING PU,573,17402,342947
27,OGUN,12,IKENNE,08,ILISAN  I,005,27/12/08/005,TOWN PLANNING,EXISTING PU,573,17402,342948
27,OGUN,12,IKENNE,08,ILISAN  I,006,27/12/08/006,AFRICAN BETHEL SCHOOL,EXISTING PU,573,17402,342949
27,OGUN,12,IKENNE,08,ILISAN  I,007,27/12/08/007,OPEN SPACE AT (OLOFIN) A.U.D.,EXISTING PU,573,17402,342950
27,OGUN,12,IKENNE,08,ILISAN  I,008,27/12/08/008,"OPEN SPACE AT IMOSAN JUNCTION BY KAJOLA STREET, ILISAN",NEW PU,573,17402,342951
27,OGUN,12,IKENNE,08,ILISAN  I,009,27/12/08/009,OPEN SPACE AT AJEGUNLE JUNCTION,NEW PU,573,17402,342952
27,OGUN,12,IKENNE,08,ILISAN  I,010,27/12/08/010,"OPEN SPACE AT ONGBAJE SONOWO STR, ILISAN",NEW PU,573,17402,342953
27,OGUN,12,IKENNE,08,ILISAN  I,011,27/12/08/011,"ILISAN HIGH SCHOOL,ILISAN",NEW PU,573,17402,342954
27,OGUN,12,IKENNE,08,ILISAN  I,012,27/12/08/012,"OPEN SPACE AT OPC ROAD, ILISAN",NEW PU,573,17402,342955
27,OGUN,12,IKENNE,08,ILISAN  I,013,27/12/08/013,"OPPOSIE ILISAN TOWN HALL UNDER THE TREE, ALONG OLOFIN ROAD, ILISAN",NEW PU,573,17402,342956
27,OGUN,12,IKENNE,08,ILISAN  I,014,27/12/08/014,"OPEN SPACE AT IFELODUN STREET,ILISAN",NEW PU,573,17402,342957
27,OGUN,12,IKENNE,08,ILISAN  I,015,27/12/08/015,"OPEN SPACE AT THE JUNCTION OF AWOLARU MUKAILA STREET OFF ISANBI HIGH SCH, ILISAN",NEW PU,573,17402,342958
27,OGUN,12,IKENNE,09,ILISAN  II,001,27/12/09/001,CUSTOMARY COURT,EXISTING PU,573,17403,342959
27,OGUN,12,IKENNE,09,ILISAN  II,002,27/12/09/002,WESLEY PRY. SCHOOL,EXISTING PU,573,17403,342960
27,OGUN,12,IKENNE,09,ILISAN  II,003,27/12/09/003,OPEN SPACE AT ITUNLEMO QUARTERS,EXISTING PU,573,17403,342961
27,OGUN,12,IKENNE,09,ILISAN  II,004,27/12/09/004,IWAYE COMPOUND,EXISTING PU,573,17403,342962
27,OGUN,12,IKENNE,09,ILISAN  II,005,27/12/09/005,AGO ILARA STREET,EXISTING PU,573,17403,342963
27,OGUN,12,IKENNE,09,ILISAN  II,006,27/12/09/006,"OPEN SPACE AT ADEMO ABARA, STREET",EXISTING PU,573,17403,342964
27,OGUN,12,IKENNE,09,ILISAN  II,007,27/12/09/007,ASWA - TEXGARD ROAD,EXISTING PU,573,17403,342965
27,OGUN,12,IKENNE,09,ILISAN  II,008,27/12/09/008,OPP. BAB COCK GATE,EXISTING PU,573,17403,342966
27,OGUN,12,IKENNE,09,ILISAN  II,009,27/12/09/009,"OPEN SPACE AT BACK OF BABCOCK TEACHING HOSPITAL, ILISAN",NEW PU,573,17403,342967
27,OGUN,12,IKENNE,09,ILISAN  II,010,27/12/09/010,"OPEN SPACE ITUN ALASE, ILISAN",NEW PU,573,17403,342968
27,OGUN,12,IKENNE,09,ILISAN  II,011,27/12/09/011,"OPEN SPACE AT OREFAGBABI STREET OFF ILISAN-IROLU ROAD, ILISAN",NEW PU,573,17403,342969
27,OGUN,12,IKENNE,10,ILISAN/IROLU,001,27/12/10/001,A.U.D. PRY. SCHOOL IROLU,EXISTING PU,573,17404,342970
27,OGUN,12,IKENNE,10,ILISAN/IROLU,002,27/12/10/002,WESLEY PRY. SCH. - IROLU,EXISTING PU,573,17404,342971
27,OGUN,12,IKENNE,10,ILISAN/IROLU,003,27/12/10/003,ANGLICAN SCH. IROLU,EXISTING PU,573,17404,342972
27,OGUN,12,IKENNE,10,ILISAN/IROLU,004,27/12/10/004,TOWN HALL,EXISTING PU,573,17404,342973
27,OGUN,12,IKENNE,10,ILISAN/IROLU,005,27/12/10/005,ILISAN-IROLU ROAD,EXISTING PU,573,17404,342974
27,OGUN,12,IKENNE,10,ILISAN/IROLU,006,27/12/10/006,"OPEN SPACE AT JUNCTION OF ODEMO/ODULEYE STREET, IROLU",NEW PU,573,17404,342975
27,OGUN,13,IMEKO/AFON,01,IMEKO,001,27/13/01/001,OPP. BAPTIST CHURCH,EXISTING PU,574,17405,342976
27,OGUN,13,IMEKO/AFON,01,IMEKO,002,27/13/01/002,FRONT OF ONIMEKO PALACE,EXISTING PU,574,17405,342977
27,OGUN,13,IMEKO/AFON,01,IMEKO,003,27/13/01/003,NEAR AJEGUNLE MARKET,EXISTING PU,574,17405,342978
27,OGUN,13,IMEKO/AFON,01,IMEKO,004,27/13/01/004,NEAR WATERGATE AGBOJE,EXISTING PU,574,17405,342979
27,OGUN,13,IMEKO/AFON,01,IMEKO,005,27/13/01/005,NEAR GELETE MARKET,EXISTING PU,574,17405,342980
27,OGUN,13,IMEKO/AFON,01,IMEKO,006,27/13/01/006,BAPTIST PRY. SCHOOL,EXISTING PU,574,17405,342981
27,OGUN,13,IMEKO/AFON,01,IMEKO,007,27/13/01/007,NEAR IGBO OLUPE,EXISTING PU,574,17405,342982
27,OGUN,13,IMEKO/AFON,01,IMEKO,008,27/13/01/008,FRONT OF ISALE BODE,EXISTING PU,574,17405,342983
27,OGUN,13,IMEKO/AFON,01,IMEKO,009,27/13/01/009,IJUSUN AREA,EXISTING PU,574,17405,342984
27,OGUN,13,IMEKO/AFON,01,IMEKO,010,27/13/01/010,BESIDE CASHIA TREE BUTUNBU,EXISTING PU,574,17405,342985
27,OGUN,13,IMEKO/AFON,01,IMEKO,011,27/13/01/011,OPP. COCOA SHOP IGBO OLONDO,EXISTING PU,574,17405,342986
27,OGUN,13,IMEKO/AFON,01,IMEKO,012,27/13/01/012,I.A.L.G. PRY. SCH. ONIJIN,EXISTING PU,574,17405,342987
27,OGUN,13,IMEKO/AFON,01,IMEKO,013,27/13/01/013,IGBO IFA QUARTERS,EXISTING PU,574,17405,342988
27,OGUN,13,IMEKO/AFON,01,IMEKO,014,27/13/01/014,ITA LAKOSA,EXISTING PU,574,17405,342989
27,OGUN,13,IMEKO/AFON,01,IMEKO,015,27/13/01/015,ITA APOGBERE (ISHIM),EXISTING PU,574,17405,342990
27,OGUN,13,IMEKO/AFON,01,IMEKO,016,27/13/01/016,ITA EMILANDU,EXISTING PU,574,17405,342991
27,OGUN,13,IMEKO/AFON,01,IMEKO,017,27/13/01/017,BEHIND C.C.C. IMEKO,EXISTING PU,574,17405,342992
27,OGUN,13,IMEKO/AFON,01,IMEKO,018,27/13/01/018,ITA AGBAGBA OPEN SPACE SQUARE,EXISTING PU,574,17405,342993
27,OGUN,13,IMEKO/AFON,01,IMEKO,019,27/13/01/019,SUNWA MARKET,EXISTING PU,574,17405,342994
27,OGUN,13,IMEKO/AFON,01,IMEKO,020,27/13/01/020,NEW HEALTH CENTRE AREA,EXISTING PU,574,17405,342995
27,OGUN,13,IMEKO/AFON,01,IMEKO,021,27/13/01/021,OJOLOKO VILLAGE,EXISTING PU,574,17405,342996
27,OGUN,13,IMEKO/AFON,01,IMEKO,022,27/13/01/022,R.C.M SCHOOL IMEKO,NEW PU,574,17405,342997
27,OGUN,13,IMEKO/AFON,01,IMEKO,023,27/13/01/023,IMEKO COMPR. HIGH SCH,NEW PU,574,17405,342998
27,OGUN,13,IMEKO/AFON,01,IMEKO,024,27/13/01/024,OPEN SPACE FRONT OF OGADEP,NEW PU,574,17405,342999
27,OGUN,13,IMEKO/AFON,01,IMEKO,025,27/13/01/025,OPEN SPACE AT ILUPEJU JUNCTION,NEW PU,574,17405,343000
27,OGUN,13,IMEKO/AFON,01,IMEKO,026,27/13/01/026,OPEN SPACE AT EMILADU SAWMILL,NEW PU,574,17405,343001
27,OGUN,13,IMEKO/AFON,01,IMEKO,027,27/13/01/027,"L.G CATTLE SHED ,OKE ELEFUN",NEW PU,574,17405,343002
27,OGUN,13,IMEKO/AFON,01,IMEKO,028,27/13/01/028,BEBE/ WASIMI OJO AWO,NEW PU,574,17405,343003
27,OGUN,13,IMEKO/AFON,01,IMEKO,029,27/13/01/029,OPEN SPACE AT ISIN TREE JERICHO,NEW PU,574,17405,343004
27,OGUN,13,IMEKO/AFON,01,IMEKO,030,27/13/01/030,"BAPTIST NUR PRY SCHOOL, ASIO",NEW PU,574,17405,343005
27,OGUN,13,IMEKO/AFON,01,IMEKO,031,27/13/01/031,"MUSLIM GRAMMER SCHOOL,  EMILANDU",NEW PU,574,17405,343006
27,OGUN,13,IMEKO/AFON,01,IMEKO,032,27/13/01/032,"L.G EDUCATON AUTHORITY, IMEKO",NEW PU,574,17405,343007
27,OGUN,13,IMEKO/AFON,01,IMEKO,033,27/13/01/033,"OPEN SPACE AT ORITA AJE JUNCTION, ORITA AJE",NEW PU,574,17405,343008
27,OGUN,13,IMEKO/AFON,01,IMEKO,034,27/13/01/034,"OPEN SPACE  AT MAGISTRATE COURT, KOGO",NEW PU,574,17405,343009
27,OGUN,13,IMEKO/AFON,01,IMEKO,035,27/13/01/035,"EEBEFUN , ARAROMI",NEW PU,574,17405,343010
27,OGUN,13,IMEKO/AFON,01,IMEKO,036,27/13/01/036,"IGBOGBO, OSIRI",NEW PU,574,17405,343011
27,OGUN,13,IMEKO/AFON,02,OKE AGBEDE/MORIWI/MATALE,001,27/13/02/001,C.P.S. OKE AGBEDE,EXISTING PU,574,17406,343012
27,OGUN,13,IMEKO/AFON,02,OKE AGBEDE/MORIWI/MATALE,002,27/13/02/002,OPP. METHODIST CHURCH,EXISTING PU,574,17406,343013
27,OGUN,13,IMEKO/AFON,02,OKE AGBEDE/MORIWI/MATALE,003,27/13/02/003,NEAR MARKET SQUARE WASIMI OKUTA,EXISTING PU,574,17406,343014
27,OGUN,13,IMEKO/AFON,02,OKE AGBEDE/MORIWI/MATALE,004,27/13/02/004,OPP. BAALE HOUSE-MORIWI,EXISTING PU,574,17406,343015
27,OGUN,13,IMEKO/AFON,02,OKE AGBEDE/MORIWI/MATALE,005,27/13/02/005,C.N.F. SECRETARIAT,EXISTING PU,574,17406,343016
27,OGUN,13,IMEKO/AFON,02,OKE AGBEDE/MORIWI/MATALE,006,27/13/02/006,UNDER KIMI TREE ABULE ALARABAKAN,EXISTING PU,574,17406,343017
27,OGUN,13,IMEKO/AFON,02,OKE AGBEDE/MORIWI/MATALE,007,27/13/02/007,NEAR MARKET SQUARE OLOGEDE,EXISTING PU,574,17406,343018
27,OGUN,13,IMEKO/AFON,02,OKE AGBEDE/MORIWI/MATALE,008,27/13/02/008,ITA-BAALE MATALE,EXISTING PU,574,17406,343019
27,OGUN,13,IMEKO/AFON,02,OKE AGBEDE/MORIWI/MATALE,009,27/13/02/009,NEAR MOWODANI MARKET,EXISTING PU,574,17406,343020
27,OGUN,13,IMEKO/AFON,02,OKE AGBEDE/MORIWI/MATALE,010,27/13/02/010,IBOGUN VILLAGE,EXISTING PU,574,17406,343021
27,OGUN,13,IMEKO/AFON,02,OKE AGBEDE/MORIWI/MATALE,011,27/13/02/011,OKE-AYO VILLAGE,EXISTING PU,574,17406,343022
27,OGUN,13,IMEKO/AFON,02,OKE AGBEDE/MORIWI/MATALE,012,27/13/02/012,OPEN SPACE AT BOOGI,NEW PU,574,17406,343023
27,OGUN,13,IMEKO/AFON,02,OKE AGBEDE/MORIWI/MATALE,013,27/13/02/013,OPEN SPACE AT EROBEDA MARKET OKEOHA,NEW PU,574,17406,343024
27,OGUN,13,IMEKO/AFON,02,OKE AGBEDE/MORIWI/MATALE,014,27/13/02/014,OPEN SPACE AT AJELANWA VILLAGE,NEW PU,574,17406,343025
27,OGUN,13,IMEKO/AFON,02,OKE AGBEDE/MORIWI/MATALE,015,27/13/02/015,TOWN HALL AT BAKARE VILLAGE,NEW PU,574,17406,343026
27,OGUN,13,IMEKO/AFON,03,IDOFA,001,27/13/03/001,MANGO TREE MATERNITY CENTRE,EXISTING PU,574,17407,343027
27,OGUN,13,IMEKO/AFON,03,IDOFA,002,27/13/03/002,OPP. ONIDOFA PALACE,EXISTING PU,574,17407,343028
27,OGUN,13,IMEKO/AFON,03,IDOFA,003,27/13/03/003,NEAR ISHIN TREE,EXISTING PU,574,17407,343029
27,OGUN,13,IMEKO/AFON,03,IDOFA,004,27/13/03/004,OLUWATEDO TOWN HALL,EXISTING PU,574,17407,343030
27,OGUN,13,IMEKO/AFON,03,IDOFA,005,27/13/03/005,I.A.L.G. PRY. SCHOOL,EXISTING PU,574,17407,343031
27,OGUN,13,IMEKO/AFON,03,IDOFA,006,27/13/03/006,NEAR MARKET SQUARE MIOFESU,EXISTING PU,574,17407,343032
27,OGUN,13,IMEKO/AFON,03,IDOFA,007,27/13/03/007,"OPP SPACE AT MARKET SQUARE , IDOFA",NEW PU,574,17407,343033
27,OGUN,13,IMEKO/AFON,04,IWOYE/JABATA,001,27/13/04/001,R.C.M. IWOYE,EXISTING PU,574,17408,343034
27,OGUN,13,IMEKO/AFON,04,IWOYE/JABATA,002,27/13/04/002,BESIDE MOTOR PARK,EXISTING PU,574,17408,343035
27,OGUN,13,IMEKO/AFON,04,IWOYE/JABATA,003,27/13/04/003,ITA OBA IWOYE,EXISTING PU,574,17408,343036
27,OGUN,13,IMEKO/AFON,04,IWOYE/JABATA,004,27/13/04/004,BESIDE SABO COW MARKET IWOYE,EXISTING PU,574,17408,343037
27,OGUN,13,IMEKO/AFON,04,IWOYE/JABATA,005,27/13/04/005,NEW MARKET CENTRE JABATA,EXISTING PU,574,17408,343038
27,OGUN,13,IMEKO/AFON,04,IWOYE/JABATA,006,27/13/04/006,"OPEN SPACE OPP FIRST BAPTIST CHURCH, IWOYE",NEW PU,574,17408,343039
27,OGUN,13,IMEKO/AFON,04,IWOYE/JABATA,007,27/13/04/007,COMMUNITY HIGH SCHOOL.,NEW PU,574,17408,343040
27,OGUN,13,IMEKO/AFON,04,IWOYE/JABATA,008,27/13/04/008,"COMMUNITY PRY SCHOOL,  IWOYE",NEW PU,574,17408,343041
27,OGUN,13,IMEKO/AFON,04,IWOYE/JABATA,009,27/13/04/009,COMMUNITY PRY SCHOOL GBAYIN,NEW PU,574,17408,343042
27,OGUN,13,IMEKO/AFON,04,IWOYE/JABATA,010,27/13/04/010,"OPEN SPACE INFRONT OF HEALTH CENTRE, OKEELEGO",NEW PU,574,17408,343043
27,OGUN,13,IMEKO/AFON,04,IWOYE/JABATA,011,27/13/04/011,OPEN SPACE OPP CATHOLIC CHURCH EKANJARE,NEW PU,574,17408,343044
27,OGUN,13,IMEKO/AFON,04,IWOYE/JABATA,012,27/13/04/012,"OPEN SPACE INFRONT OF INTERNATIONAL MARKET, SABO",NEW PU,574,17408,343045
27,OGUN,13,IMEKO/AFON,04,IWOYE/JABATA,013,27/13/04/013,"COMMUNITY PRY SCHOOL, IDUFE",NEW PU,574,17408,343046
27,OGUN,13,IMEKO/AFON,04,IWOYE/JABATA,014,27/13/04/014,OPEN SPACE AT ANOINNOIN,NEW PU,574,17408,343047
27,OGUN,13,IMEKO/AFON,05,ILARA/ALAGBE,001,27/13/05/001,"R.C.M. SCHOOL, ILARA",EXISTING PU,574,17409,343048
27,OGUN,13,IMEKO/AFON,05,ILARA/ALAGBE,002,27/13/05/002,METH. PRY. SCHOOL ILARA,EXISTING PU,574,17409,343049
27,OGUN,13,IMEKO/AFON,05,ILARA/ALAGBE,003,27/13/05/003,ITA OBA SQUARE,EXISTING PU,574,17409,343050
27,OGUN,13,IMEKO/AFON,05,ILARA/ALAGBE,004,27/13/05/004,ITA ALE CENTRE,EXISTING PU,574,17409,343051
27,OGUN,13,IMEKO/AFON,05,ILARA/ALAGBE,005,27/13/05/005,ITA SANGO,EXISTING PU,574,17409,343052
27,OGUN,13,IMEKO/AFON,05,ILARA/ALAGBE,006,27/13/05/006,ITA BAALE ALAGBE,EXISTING PU,574,17409,343053
27,OGUN,13,IMEKO/AFON,05,ILARA/ALAGBE,007,27/13/05/007,ITA BAALE IJUMU VILLAGE,EXISTING PU,574,17409,343054
27,OGUN,13,IMEKO/AFON,05,ILARA/ALAGBE,008,27/13/05/008,OPEN SPACE OPP. SAMON'S CENTRAL MOSQ.,EXISTING PU,574,17409,343055
27,OGUN,13,IMEKO/AFON,05,ILARA/ALAGBE,009,27/13/05/009,"COMM. PRIMARY SCH., ALAGBE",EXISTING PU,574,17409,343056
27,OGUN,13,IMEKO/AFON,05,ILARA/ALAGBE,010,27/13/05/010,"AGBAKULA, IJUMU",EXISTING PU,574,17409,343057
27,OGUN,13,IMEKO/AFON,05,ILARA/ALAGBE,011,27/13/05/011,AGBAKULA PRY. SCH. AGBAKULA,EXISTING PU,574,17409,343058
27,OGUN,13,IMEKO/AFON,05,ILARA/ALAGBE,012,27/13/05/012,"OPEN SPACE AT TOWN HALL, ILARA",NEW PU,574,17409,343059
27,OGUN,13,IMEKO/AFON,05,ILARA/ALAGBE,013,27/13/05/013,PRY.SCHOOL JESU TEDO,NEW PU,574,17409,343060
27,OGUN,13,IMEKO/AFON,05,ILARA/ALAGBE,014,27/13/05/014,"PRIMARY HEALTH CENTRE, ILARA",NEW PU,574,17409,343061
27,OGUN,13,IMEKO/AFON,05,ILARA/ALAGBE,015,27/13/05/015,"COMMUNITY HIGH SCHOOL, ILARA",NEW PU,574,17409,343062
27,OGUN,13,IMEKO/AFON,05,ILARA/ALAGBE,016,27/13/05/016,"COMMUNITY PRY SCHOOL, OKE ISOKIA",NEW PU,574,17409,343063
27,OGUN,13,IMEKO/AFON,06,AFON,001,27/13/06/001,BAPTIST DAY SCH. AFON,EXISTING PU,574,17410,343064
27,OGUN,13,IMEKO/AFON,06,AFON,002,27/13/06/002,DISPENSARY CENTRE,EXISTING PU,574,17410,343065
27,OGUN,13,IMEKO/AFON,06,AFON,003,27/13/06/003,IDI-OGUN SQUARE,EXISTING PU,574,17410,343066
27,OGUN,13,IMEKO/AFON,06,AFON,004,27/13/06/004,OLOKA JUNCTION,EXISTING PU,574,17410,343067
27,OGUN,13,IMEKO/AFON,06,AFON,005,27/13/06/005,ITA BAALE ASEERE,EXISTING PU,574,17410,343068
27,OGUN,13,IMEKO/AFON,06,AFON,006,27/13/06/006,C.P.S. MASIFA,EXISTING PU,574,17410,343069
27,OGUN,13,IMEKO/AFON,06,AFON,007,27/13/06/007,ITA BAALE ASEJIRE,EXISTING PU,574,17410,343070
27,OGUN,13,IMEKO/AFON,06,AFON,008,27/13/06/008,OPEN SPACE AT VILLAGE SQUARE ITA BAALE ARAROMI,NEW PU,574,17410,343071
27,OGUN,13,IMEKO/AFON,07,OTAPELE,001,27/13/07/001,I.A.L.G. SCHOOL ATAPELE KAJOLA ADERAN JUNCTION,EXISTING PU,574,17411,343072
27,OGUN,13,IMEKO/AFON,07,OTAPELE,002,27/13/07/002,C.P.S. IBARA,EXISTING PU,574,17411,343073
27,OGUN,13,IMEKO/AFON,07,OTAPELE,003,27/13/07/003,I.A.L.G. BAARE FARINDE,EXISTING PU,574,17411,343074
27,OGUN,13,IMEKO/AFON,07,OTAPELE,004,27/13/07/004,BAARE/KANJI JUNCTION,EXISTING PU,574,17411,343075
27,OGUN,13,IMEKO/AFON,07,OTAPELE,005,27/13/07/005,FALOLA ASIPA JUNCTION,EXISTING PU,574,17411,343076
27,OGUN,13,IMEKO/AFON,07,OTAPELE,006,27/13/07/006,"OPEN SPACE INFRONT OF CMS CHURCH, IBARA",NEW PU,574,17411,343077
27,OGUN,13,IMEKO/AFON,07,OTAPELE,007,27/13/07/007,"OPEN SPACE INFRONT OF JEHOVAH WITNESS, KAJOLA",NEW PU,574,17411,343078
27,OGUN,13,IMEKO/AFON,08,KAJOLA/AGBERIODO,001,27/13/08/001,NEAR MARKET KAJOLA APATA,EXISTING PU,574,17412,343079
27,OGUN,13,IMEKO/AFON,08,KAJOLA/AGBERIODO,002,27/13/08/002,NEAR MARKET SQUARE OBOLO,EXISTING PU,574,17412,343080
27,OGUN,13,IMEKO/AFON,08,KAJOLA/AGBERIODO,003,27/13/08/003,ITA BAALE AFAKO,EXISTING PU,574,17412,343081
27,OGUN,13,IMEKO/AFON,08,KAJOLA/AGBERIODO,004,27/13/08/004,"MANGO TREE, ABALE ALLI",EXISTING PU,574,17412,343082
27,OGUN,13,IMEKO/AFON,08,KAJOLA/AGBERIODO,005,27/13/08/005,I.A.L.G. ABULE PETER/NEAR MARKET OKE BENBE,EXISTING PU,574,17412,343083
27,OGUN,13,IMEKO/AFON,08,KAJOLA/AGBERIODO,006,27/13/08/006,AJEBO MARKET,EXISTING PU,574,17412,343084
27,OGUN,13,IMEKO/AFON,08,KAJOLA/AGBERIODO,007,27/13/08/007,A/C PRIMARY SCHOOL AGBERIODO,EXISTING PU,574,17412,343085
27,OGUN,13,IMEKO/AFON,08,KAJOLA/AGBERIODO,008,27/13/08/008,I.A.L.G. AJIBORO,EXISTING PU,574,17412,343086
27,OGUN,13,IMEKO/AFON,08,KAJOLA/AGBERIODO,009,27/13/08/009,SEGILE ITA BAALE,EXISTING PU,574,17412,343087
27,OGUN,13,IMEKO/AFON,08,KAJOLA/AGBERIODO,010,27/13/08/010,OYETEDO VILLAGE.,EXISTING PU,574,17412,343088
27,OGUN,13,IMEKO/AFON,08,KAJOLA/AGBERIODO,011,27/13/08/011,OPEN SPACE AT ONSA VILLAGE KAJOLA,NEW PU,574,17412,343089
27,OGUN,13,IMEKO/AFON,09,OLORUNDA/GBOMO,001,27/13/09/001,I.A.L.G. AGBORO,EXISTING PU,574,17413,343090
27,OGUN,13,IMEKO/AFON,09,OLORUNDA/GBOMO,002,27/13/09/002,ITA BAALE OLORO AKINWALE,EXISTING PU,574,17413,343091
27,OGUN,13,IMEKO/AFON,09,OLORUNDA/GBOMO,003,27/13/09/003,ITA BAALE BABALAWO,EXISTING PU,574,17413,343092
27,OGUN,13,IMEKO/AFON,09,OLORUNDA/GBOMO,004,27/13/09/004,ITA BAALE OLORUNDA,EXISTING PU,574,17413,343093
27,OGUN,13,IMEKO/AFON,09,OLORUNDA/GBOMO,005,27/13/09/005,I. A. L.G. SESAN,EXISTING PU,574,17413,343094
27,OGUN,13,IMEKO/AFON,09,OLORUNDA/GBOMO,006,27/13/09/006,KILE JUNCTION,EXISTING PU,574,17413,343095
27,OGUN,13,IMEKO/AFON,09,OLORUNDA/GBOMO,007,27/13/09/007,ITA BAALE INAWOLE VILLAGE,EXISTING PU,574,17413,343096
27,OGUN,13,IMEKO/AFON,10,IDI AYIN,001,27/13/10/001,I.A.L.G. IDI AYIN,EXISTING PU,574,17414,343097
27,OGUN,13,IMEKO/AFON,10,IDI AYIN,002,27/13/10/002,SABO SQUARE OWODE MOSAFEJO SQUARE OWODE,EXISTING PU,574,17414,343098
27,OGUN,13,IMEKO/AFON,10,IDI AYIN,003,27/13/10/003,ITA BAALE AGO-KESAN,EXISTING PU,574,17414,343099
27,OGUN,13,IMEKO/AFON,10,IDI AYIN,004,27/13/10/004,I.A.L.G. OJUBU LATILEWO,EXISTING PU,574,17414,343100
27,OGUN,13,IMEKO/AFON,10,IDI AYIN,005,27/13/10/005,PRY. SCHOOL AMORE,EXISTING PU,574,17414,343101
27,OGUN,13,IMEKO/AFON,10,IDI AYIN,006,27/13/10/006,PRY. SCHOOL ALAGBOMEJI,EXISTING PU,574,17414,343102
27,OGUN,13,IMEKO/AFON,10,IDI AYIN,007,27/13/10/007,C.P.L. OWUWU,EXISTING PU,574,17414,343103
27,OGUN,13,IMEKO/AFON,10,IDI AYIN,008,27/13/10/008,NEAR MARKET OBADA,EXISTING PU,574,17414,343104
27,OGUN,13,IMEKO/AFON,10,IDI AYIN,009,27/13/10/009,OPEN SPACE AT OKE OYA ADJACENT K&S,NEW PU,574,17414,343105
27,OGUN,13,IMEKO/AFON,10,IDI AYIN,010,27/13/10/010,"OPEN SPACE INFRONT OF ANIFOWOSE MATERNITY CENTRE ,SABO",NEW PU,574,17414,343106
27,OGUN,13,IMEKO/AFON,10,IDI AYIN,011,27/13/10/011,"OPEN SPACE AT FIRST BAPTIST CHURCH , ISALE AFON",NEW PU,574,17414,343107
27,OGUN,14,IPOKIA,01,IPOKIA  I,001,27/14/01/001,IPOKIA L.G. SCHOOL,EXISTING PU,575,17415,343108
27,OGUN,14,IPOKIA,01,IPOKIA  I,002,27/14/01/002,C.M.S. SCHOOL IPOKIA,EXISTING PU,575,17415,343109
27,OGUN,14,IPOKIA,01,IPOKIA  I,003,27/14/01/003,U.A.M.C. SCH. IPOKIA,EXISTING PU,575,17415,343110
27,OGUN,14,IPOKIA,01,IPOKIA  I,004,27/14/01/004,OPEN SPACE AT PALACE SQUARE,EXISTING PU,575,17415,343111
27,OGUN,14,IPOKIA,01,IPOKIA  I,005,27/14/01/005,OPEN SPACE AT ALAFIA TAYO STREET,EXISTING PU,575,17415,343112
27,OGUN,14,IPOKIA,01,IPOKIA  I,006,27/14/01/006,BAPTIST DAY SCHOOL IWUKU YASI,EXISTING PU,575,17415,343113
27,OGUN,14,IPOKIA,01,IPOKIA  I,007,27/14/01/007,OPEN SPACE AT IWUKU IGBODO,EXISTING PU,575,17415,343114
27,OGUN,14,IPOKIA,01,IPOKIA  I,008,27/14/01/008,"APOSTOLIC SCHOOL, OBANIGBE",EXISTING PU,575,17415,343115
27,OGUN,14,IPOKIA,01,IPOKIA  I,009,27/14/01/009,TOWN HALL OBANIGBE OKE,EXISTING PU,575,17415,343116
27,OGUN,14,IPOKIA,01,IPOKIA  I,010,27/14/01/010,"INFRONT OF OLD POST OFFICE,IPOKIA",NEW PU,575,17415,343117
27,OGUN,14,IPOKIA,01,IPOKIA  I,011,27/14/01/011,IPOKIA TOWN HALL,NEW PU,575,17415,343118
27,OGUN,14,IPOKIA,01,IPOKIA  I,012,27/14/01/012,INFRONT OF CUSTOMARY COURT,NEW PU,575,17415,343119
27,OGUN,14,IPOKIA,01,IPOKIA  I,013,27/14/01/013,BASE AT IREPODUN JUNCTION,NEW PU,575,17415,343120
27,OGUN,14,IPOKIA,01,IPOKIA  I,014,27/14/01/014,OPEN SPACE INFRONT OF IPOKIA STAFF QUARTERS,NEW PU,575,17415,343121
27,OGUN,14,IPOKIA,01,IPOKIA  I,015,27/14/01/015,OPEN SPACE AT IDOSUO STREET,NEW PU,575,17415,343122
27,OGUN,14,IPOKIA,01,IPOKIA  I,016,27/14/01/016,OPEN SPACE AT OKE YARA,NEW PU,575,17415,343123
27,OGUN,14,IPOKIA,01,IPOKIA  I,017,27/14/01/017,SURULERE JUNCTION IPOKIA,NEW PU,575,17415,343124
27,OGUN,14,IPOKIA,02,IPOKIA  II,001,27/14/02/001,R.C.M. ONFO,EXISTING PU,575,17416,343125
27,OGUN,14,IPOKIA,02,IPOKIA  II,002,27/14/02/002,I.P.L.G. SCHOOL ONIRO,EXISTING PU,575,17416,343126
27,OGUN,14,IPOKIA,02,IPOKIA  II,003,27/14/02/003,I.P.L.G SCH. IGBODOROJU,EXISTING PU,575,17416,343127
27,OGUN,14,IPOKIA,02,IPOKIA  II,004,27/14/02/004,A.U.D. PRY.SCH. IDAMAFUN,EXISTING PU,575,17416,343128
27,OGUN,14,IPOKIA,02,IPOKIA  II,005,27/14/02/005,I.P.L.G SCH.IPONRAN,EXISTING PU,575,17416,343129
27,OGUN,14,IPOKIA,02,IPOKIA  II,006,27/14/02/006,I.P.L.G SCH. ONIMOWO,EXISTING PU,575,17416,343130
27,OGUN,14,IPOKIA,02,IPOKIA  II,007,27/14/02/007,OPEN SPACE AT ODANPOPO,EXISTING PU,575,17416,343131
27,OGUN,14,IPOKIA,02,IPOKIA  II,008,27/14/02/008,OPEN SPACE AT ODANJAYE,EXISTING PU,575,17416,343132
27,OGUN,14,IPOKIA,02,IPOKIA  II,009,27/14/02/009,TOWN HALL MOTOKE IPONRAN,NEW PU,575,17416,343133
27,OGUN,14,IPOKIA,02,IPOKIA  II,010,27/14/02/010,OPEN SPACE AT PAKOJI JUNCTION,NEW PU,575,17416,343134
27,OGUN,14,IPOKIA,02,IPOKIA  II,011,27/14/02/011,OPEN SPACE AT KOSE JUNCTION,NEW PU,575,17416,343135
27,OGUN,14,IPOKIA,02,IPOKIA  II,012,27/14/02/012,INFRONT OF ONIRO HEALTH CENTER,NEW PU,575,17416,343136
27,OGUN,14,IPOKIA,02,IPOKIA  II,013,27/14/02/013,TOWN HALL ODANPOPO,NEW PU,575,17416,343137
27,OGUN,14,IPOKIA,03,AGOSASA,001,27/14/03/001,INFRONT OF MATERNITY CENTRE AGOSASA,EXISTING PU,575,17417,343138
27,OGUN,14,IPOKIA,03,AGOSASA,002,27/14/03/002,R.C.M. SCHOOL,EXISTING PU,575,17417,343139
27,OGUN,14,IPOKIA,03,AGOSASA,003,27/14/03/003,OPEN SPACE AT COURT HALL IDOMAFE,EXISTING PU,575,17417,343140
27,OGUN,14,IPOKIA,03,AGOSASA,004,27/14/03/004,"N.U.D. SCHOOL ,AGOSASA",EXISTING PU,575,17417,343141
27,OGUN,14,IPOKIA,03,AGOSASA,005,27/14/03/005,COMMUNITY HIGH SCHOOL AGOSASA,EXISTING PU,575,17417,343142
27,OGUN,14,IPOKIA,03,AGOSASA,006,27/14/03/006,ODESAN  - WEST SQUARE,EXISTING PU,575,17417,343143
27,OGUN,14,IPOKIA,03,AGOSASA,007,27/14/03/007,OPEN SPACE AT CENTRAL MOSQUE AGOSASA,EXISTING PU,575,17417,343144
27,OGUN,14,IPOKIA,03,AGOSASA,008,27/14/03/008,OPEN SPACE AT IDATA - IDOTUN,EXISTING PU,575,17417,343145
27,OGUN,14,IPOKIA,03,AGOSASA,009,27/14/03/009,OPEN SPACE AT IDOLORISA,EXISTING PU,575,17417,343146
27,OGUN,14,IPOKIA,03,AGOSASA,010,27/14/03/010,IPOKIA LOCAL GOVERNMENT SCHOOL AGO - EGUN,EXISTING PU,575,17417,343147
27,OGUN,14,IPOKIA,03,AGOSASA,011,27/14/03/011,U.P.S. SCHOOL IBATEFIN,EXISTING PU,575,17417,343148
27,OGUN,14,IPOKIA,03,AGOSASA,012,27/14/03/012,IBATEFIN CLINIC,EXISTING PU,575,17417,343149
27,OGUN,14,IPOKIA,03,AGOSASA,013,27/14/03/013,INFRONT OF IBATEFIN TOWN HALL,EXISTING PU,575,17417,343150
27,OGUN,14,IPOKIA,03,AGOSASA,014,27/14/03/014,OPEN SPACE AT ADAMAYE,EXISTING PU,575,17417,343151
27,OGUN,14,IPOKIA,03,AGOSASA,015,27/14/03/015,OPEN SPACE AT ASEKO VILLAGE,EXISTING PU,575,17417,343152
27,OGUN,14,IPOKIA,03,AGOSASA,016,27/14/03/016,OPEN SPACE AT IDOTUN,EXISTING PU,575,17417,343153
27,OGUN,14,IPOKIA,03,AGOSASA,017,27/14/03/017,OPEN SPACE AT IDAMA VILLAGE,EXISTING PU,575,17417,343154
27,OGUN,14,IPOKIA,03,AGOSASA,018,27/14/03/018,"AGOSASA CUSTOMARY COURT,ITA-IGBOKU",EXISTING PU,575,17417,343155
27,OGUN,14,IPOKIA,03,AGOSASA,019,27/14/03/019,OPEN SPACE AT ASUNARA,EXISTING PU,575,17417,343156
27,OGUN,14,IPOKIA,03,AGOSASA,020,27/14/03/020,OPEN SPACE AT FAKEJO,EXISTING PU,575,17417,343157
27,OGUN,14,IPOKIA,03,AGOSASA,021,27/14/03/021,OPEN SPACE AT KAJOLA,EXISTING PU,575,17417,343158
27,OGUN,14,IPOKIA,03,AGOSASA,022,27/14/03/022,MOTOR PARK AGOSASA,EXISTING PU,575,17417,343159
27,OGUN,14,IPOKIA,03,AGOSASA,023,27/14/03/023,INFRONT OF ONIMALU,EXISTING PU,575,17417,343160
27,OGUN,14,IPOKIA,03,AGOSASA,024,27/14/03/024,OPEN SPACE AT IDABATA,EXISTING PU,575,17417,343161
27,OGUN,14,IPOKIA,03,AGOSASA,025,27/14/03/025,OPEN SPACE AT ALBARKA ESTATE,NEW PU,575,17417,343162
27,OGUN,14,IPOKIA,03,AGOSASA,026,27/14/03/026,OPEN SPACE AT OLORUNDA COMMUNITY,NEW PU,575,17417,343163
27,OGUN,14,IPOKIA,03,AGOSASA,027,27/14/03/027,TOWN HALL AYEDUN,NEW PU,575,17417,343164
27,OGUN,14,IPOKIA,03,AGOSASA,028,27/14/03/028,OPEN SPACE NEAR NAWARUDEEN MOSQUE,NEW PU,575,17417,343165
27,OGUN,14,IPOKIA,03,AGOSASA,029,27/14/03/029,OPEN SPACE AT OGUNTEDO COMMUNITY,NEW PU,575,17417,343166
27,OGUN,14,IPOKIA,03,AGOSASA,030,27/14/03/030,"COMMUNITY PRY SCHOOL,IDOJORI TOWN.",NEW PU,575,17417,343167
27,OGUN,14,IPOKIA,03,AGOSASA,031,27/14/03/031,OPEN SPACE AT AYETORO ILE JUNCTION,NEW PU,575,17417,343168
27,OGUN,14,IPOKIA,03,AGOSASA,032,27/14/03/032,OPEN SPACE AT ITAMOSA JUNCTION,NEW PU,575,17417,343169
27,OGUN,14,IPOKIA,03,AGOSASA,033,27/14/03/033,OPEN SPACE AT OKORO BASE,NEW PU,575,17417,343170
27,OGUN,14,IPOKIA,03,AGOSASA,034,27/14/03/034,TOWN SQUARE OLORUNSOGO,NEW PU,575,17417,343171
27,OGUN,14,IPOKIA,03,AGOSASA,035,27/14/03/035,OPEN SPACE AT IGBOGBOLODI,NEW PU,575,17417,343172
27,OGUN,14,IPOKIA,03,AGOSASA,036,27/14/03/036,TOWN HALL IDOGUN ORILE,NEW PU,575,17417,343173
27,OGUN,14,IPOKIA,03,AGOSASA,037,27/14/03/037,OPEN SPACE AT AANU OLUWAPO COMMUNITY,NEW PU,575,17417,343174
27,OGUN,14,IPOKIA,03,AGOSASA,038,27/14/03/038,OPEN SPACE NEAR MOSQUE IDOBAMO,NEW PU,575,17417,343175
27,OGUN,14,IPOKIA,03,AGOSASA,039,27/14/03/039,OPEN SPACE AT IFESOWAPO COMMUNITY,NEW PU,575,17417,343176
27,OGUN,14,IPOKIA,03,AGOSASA,040,27/14/03/040,"OPEN SPACE AT , ILUPEJU COMMUNITY",NEW PU,575,17417,343177
27,OGUN,14,IPOKIA,03,AGOSASA,041,27/14/03/041,OPEN SPACE AT BRIGHTER JUNCTION,NEW PU,575,17417,343178
27,OGUN,14,IPOKIA,04,IJOFIN/IDOSA,001,27/14/04/001,I.P.L.G. SCHOOL  - IJOFIN,EXISTING PU,575,17418,343179
27,OGUN,14,IPOKIA,04,IJOFIN/IDOSA,002,27/14/04/002,METHODIST SCHOOL IJOFIN,EXISTING PU,575,17418,343180
27,OGUN,14,IPOKIA,04,IJOFIN/IDOSA,003,27/14/04/003,I.P.L.G. SCHOOL TONGEJI ISLAND,EXISTING PU,575,17418,343181
27,OGUN,14,IPOKIA,04,IJOFIN/IDOSA,004,27/14/04/004,IDOWE TOWN HALL,EXISTING PU,575,17418,343182
27,OGUN,14,IPOKIA,04,IJOFIN/IDOSA,005,27/14/04/005,BAPT. SCHOOL ITA - ONIMOSA,EXISTING PU,575,17418,343183
27,OGUN,14,IPOKIA,04,IJOFIN/IDOSA,006,27/14/04/006,OKE ASA SQUARE,EXISTING PU,575,17418,343184
27,OGUN,14,IPOKIA,04,IJOFIN/IDOSA,007,27/14/04/007,I.P.L.G. SCHOOL - ILEPA,EXISTING PU,575,17418,343185
27,OGUN,14,IPOKIA,04,IJOFIN/IDOSA,008,27/14/04/008,KOSOMI  SQUARE,EXISTING PU,575,17418,343186
27,OGUN,14,IPOKIA,04,IJOFIN/IDOSA,009,27/14/04/009,ARIGO SQUARE,EXISTING PU,575,17418,343187
27,OGUN,14,IPOKIA,04,IJOFIN/IDOSA,010,27/14/04/010,I.P.L.G. SCHOOL IDOSEMO,EXISTING PU,575,17418,343188
27,OGUN,14,IPOKIA,04,IJOFIN/IDOSA,011,27/14/04/011,I.P.L.G. SCHOOL IDOSA,EXISTING PU,575,17418,343189
27,OGUN,14,IPOKIA,04,IJOFIN/IDOSA,012,27/14/04/012,GBAO TOWN HALL,EXISTING PU,575,17418,343190
27,OGUN,14,IPOKIA,04,IJOFIN/IDOSA,013,27/14/04/013,KATE SQUARE,EXISTING PU,575,17418,343191
27,OGUN,14,IPOKIA,04,IJOFIN/IDOSA,014,27/14/04/014,I.P.L.G. SCHOOL BODE ASE,EXISTING PU,575,17418,343192
27,OGUN,14,IPOKIA,04,IJOFIN/IDOSA,015,27/14/04/015,VATIPA SQUARE,EXISTING PU,575,17418,343193
27,OGUN,14,IPOKIA,04,IJOFIN/IDOSA,016,27/14/04/016,I.P.L.G. SCHOOL IDOPETU,EXISTING PU,575,17418,343194
27,OGUN,14,IPOKIA,04,IJOFIN/IDOSA,017,27/14/04/017,ISHIN SQUARE,EXISTING PU,575,17418,343195
27,OGUN,14,IPOKIA,04,IJOFIN/IDOSA,018,27/14/04/018,ITA ODOJIGAN SQUARE,EXISTING PU,575,17418,343196
27,OGUN,14,IPOKIA,04,IJOFIN/IDOSA,019,27/14/04/019,ILUFE SQUARE,EXISTING PU,575,17418,343197
27,OGUN,14,IPOKIA,04,IJOFIN/IDOSA,020,27/14/04/020,OPEN SPACE AT ONIJOFIN PALACE,EXISTING PU,575,17418,343198
27,OGUN,14,IPOKIA,04,IJOFIN/IDOSA,021,27/14/04/021,VATIPA SQUARE,EXISTING PU,575,17418,343199
27,OGUN,14,IPOKIA,04,IJOFIN/IDOSA,022,27/14/04/022,BASE AT ITA WHANSE SQUARE,NEW PU,575,17418,343200
27,OGUN,14,IPOKIA,04,IJOFIN/IDOSA,023,27/14/04/023,TOWN HALL SENKAME/OSETHOKO,NEW PU,575,17418,343201
27,OGUN,14,IPOKIA,04,IJOFIN/IDOSA,024,27/14/04/024,OPEN SPACE AT TONGEJI WATER WORKS,NEW PU,575,17418,343202
27,OGUN,14,IPOKIA,04,IJOFIN/IDOSA,025,27/14/04/025,ZEBE SQUARE VATIPA,NEW PU,575,17418,343203
27,OGUN,14,IPOKIA,05,TUBE,001,27/14/05/001,I.P.L.G. SCHOOL TUBE,EXISTING PU,575,17419,343204
27,OGUN,14,IPOKIA,05,TUBE,002,27/14/05/002,MATERNITY CENTRE TUBE,EXISTING PU,575,17419,343205
27,OGUN,14,IPOKIA,05,TUBE,003,27/14/05/003,POE SQUARE,EXISTING PU,575,17419,343206
27,OGUN,14,IPOKIA,05,TUBE,004,27/14/05/004,OBALAJA SQUARE,EXISTING PU,575,17419,343207
27,OGUN,14,IPOKIA,05,TUBE,005,27/14/05/005,C.P.S. SCH. IBADAN,EXISTING PU,575,17419,343208
27,OGUN,14,IPOKIA,05,TUBE,006,27/14/05/006,METHODIST SCHOOL ILESI,EXISTING PU,575,17419,343209
27,OGUN,14,IPOKIA,05,TUBE,007,27/14/05/007,AFONJI SQUARE,EXISTING PU,575,17419,343210
27,OGUN,14,IPOKIA,05,TUBE,008,27/14/05/008,OVUU SQUARE,EXISTING PU,575,17419,343211
27,OGUN,14,IPOKIA,05,TUBE,009,27/14/05/009,GBOJE SQUARE,EXISTING PU,575,17419,343212
27,OGUN,14,IPOKIA,05,TUBE,010,27/14/05/010,I.P.L.G. MODOBILAFON,EXISTING PU,575,17419,343213
27,OGUN,14,IPOKIA,05,TUBE,011,27/14/05/011,OPEN SPACE AT ODEPATA,EXISTING PU,575,17419,343214
27,OGUN,14,IPOKIA,05,TUBE,012,27/14/05/012,IGBO ASA SQUARE,EXISTING PU,575,17419,343215
27,OGUN,14,IPOKIA,05,TUBE,013,27/14/05/013,OPEN SPACE AT AHOHO-ISA,EXISTING PU,575,17419,343216
27,OGUN,14,IPOKIA,05,TUBE,014,27/14/05/014,COMMUNITY SECONDARY SCHOOL TUBE,NEW PU,575,17419,343217
27,OGUN,14,IPOKIA,05,TUBE,015,27/14/05/015,"OPEN SPACE AT NEW GARAGE,JATTU",NEW PU,575,17419,343218
27,OGUN,14,IPOKIA,05,TUBE,016,27/14/05/016,OPEN SPACE AT IDOMEFE SQUARE,NEW PU,575,17419,343219
27,OGUN,14,IPOKIA,05,TUBE,017,27/14/05/017,OPEN SPACE AT AFONJI SQUARE,NEW PU,575,17419,343220
27,OGUN,14,IPOKIA,05,TUBE,018,27/14/05/018,OPEN SPACE AT MODOBILAFON,NEW PU,575,17419,343221
27,OGUN,14,IPOKIA,05,TUBE,019,27/14/05/019,OPEN SPACE BESIDE CENTRAL MOSQUE JIROME,NEW PU,575,17419,343222
27,OGUN,14,IPOKIA,06,AGADA,001,27/14/06/001,METHODIST SCHOOL AGADA,EXISTING PU,575,17420,343223
27,OGUN,14,IPOKIA,06,AGADA,002,27/14/06/002,OJA AGADA SQUARE,EXISTING PU,575,17420,343224
27,OGUN,14,IPOKIA,06,AGADA,003,27/14/06/003,ITA MAGUTA SQUARE,EXISTING PU,575,17420,343225
27,OGUN,14,IPOKIA,06,AGADA,004,27/14/06/004,COMMUNITY PRY. SCHOOL IGUU,EXISTING PU,575,17420,343226
27,OGUN,14,IPOKIA,06,AGADA,005,27/14/06/005,I.P.L.G. SCHOOL IGANDE,EXISTING PU,575,17420,343227
27,OGUN,14,IPOKIA,06,AGADA,006,27/14/06/006,OPEN SPACE AT JIHOME,EXISTING PU,575,17420,343228
27,OGUN,14,IPOKIA,06,AGADA,007,27/14/06/007,I.P.L.G. SCHOOL WHEKAN,EXISTING PU,575,17420,343229
27,OGUN,14,IPOKIA,06,AGADA,008,27/14/06/008,OPEN SPACE AT AWUSA,EXISTING PU,575,17420,343230
27,OGUN,14,IPOKIA,06,AGADA,009,27/14/06/009,TOGBOWHEN SQUARE,EXISTING PU,575,17420,343231
27,OGUN,14,IPOKIA,06,AGADA,010,27/14/06/010,OPEN SPACE AT ODAN AGADA VILLAGE,NEW PU,575,17420,343232
27,OGUN,14,IPOKIA,07,MAUNI I,001,27/14/07/001,ANAGUNJI SQUARE,EXISTING PU,575,17421,343233
27,OGUN,14,IPOKIA,07,MAUNI I,002,27/14/07/002,C.P.S. ILERO,EXISTING PU,575,17421,343234
27,OGUN,14,IPOKIA,07,MAUNI I,003,27/14/07/003,SEJE TOWN HALL,EXISTING PU,575,17421,343235
27,OGUN,14,IPOKIA,07,MAUNI I,004,27/14/07/004,OPEN SPACE AT HAHAME,EXISTING PU,575,17421,343236
27,OGUN,14,IPOKIA,07,MAUNI I,005,27/14/07/005,I.P.L.G. SCHOOL MAUN,EXISTING PU,575,17421,343237
27,OGUN,14,IPOKIA,07,MAUNI I,006,27/14/07/006,AHOLOME SQUARE,EXISTING PU,575,17421,343238
27,OGUN,14,IPOKIA,07,MAUNI I,007,27/14/07/007,OPEN SPACE AT  OSIBADAN,EXISTING PU,575,17421,343239
27,OGUN,14,IPOKIA,07,MAUNI I,008,27/14/07/008,MAUN MATERNITY CENTRE,EXISTING PU,575,17421,343240
27,OGUN,14,IPOKIA,07,MAUNI I,009,27/14/07/009,OPEN SPACE AT AKERE,EXISTING PU,575,17421,343241
27,OGUN,14,IPOKIA,07,MAUNI I,010,27/14/07/010,WHEKEN TOWN HALL,EXISTING PU,575,17421,343242
27,OGUN,14,IPOKIA,07,MAUNI I,011,27/14/07/011,C.P.S. AHOVO,EXISTING PU,575,17421,343243
27,OGUN,14,IPOKIA,07,MAUNI I,012,27/14/07/012,GBEGOTHO SQUARE,EXISTING PU,575,17421,343244
27,OGUN,14,IPOKIA,07,MAUNI I,013,27/14/07/013,IGO/ONADILOGUN SQUARE,EXISTING PU,575,17421,343245
27,OGUN,14,IPOKIA,08,MAUNI II,001,27/14/08/001,I.P.L.G. SCHOOL IPINLE,EXISTING PU,575,17422,343246
27,OGUN,14,IPOKIA,08,MAUNI II,002,27/14/08/002,OPEN SPACE AT AGBOJETHO,EXISTING PU,575,17422,343247
27,OGUN,14,IPOKIA,08,MAUNI II,003,27/14/08/003,OPEN SPACE AT FANJI,EXISTING PU,575,17422,343248
27,OGUN,14,IPOKIA,08,MAUNI II,004,27/14/08/004,OPEN SPACE AT OKERE,EXISTING PU,575,17422,343249
27,OGUN,14,IPOKIA,08,MAUNI II,005,27/14/08/005,OPEN SPACE AT NIGHT MARKET AGBOGBE,EXISTING PU,575,17422,343250
27,OGUN,14,IPOKIA,08,MAUNI II,006,27/14/08/006,AJANKOME TOWN HALL,EXISTING PU,575,17422,343251
27,OGUN,14,IPOKIA,08,MAUNI II,007,27/14/08/007,I.P.L.G. SCHOOL VAWHEN- TUKURU,EXISTING PU,575,17422,343252
27,OGUN,14,IPOKIA,08,MAUNI II,008,27/14/08/008,METHODIST SCH. IHUNDO,EXISTING PU,575,17422,343253
27,OGUN,14,IPOKIA,08,MAUNI II,009,27/14/08/009,VAWHEN PEVI SQUARE,EXISTING PU,575,17422,343254
27,OGUN,14,IPOKIA,08,MAUNI II,010,27/14/08/010,ARAROMI SQUARE,EXISTING PU,575,17422,343255
27,OGUN,14,IPOKIA,08,MAUNI II,011,27/14/08/011,NIGHT MARKET JUNCTION IPINLE OKE,NEW PU,575,17422,343256
27,OGUN,14,IPOKIA,08,MAUNI II,012,27/14/08/012,"BAPTIST DAY PRY SCHOOL, VAWHEN-TAFA",NEW PU,575,17422,343257
27,OGUN,14,IPOKIA,08,MAUNI II,013,27/14/08/013,"TOWN HALL, AGBOGBE",NEW PU,575,17422,343258
27,OGUN,14,IPOKIA,08,MAUNI II,014,27/14/08/014,OPEN SPACE AT VETHO VAWHEN IHUNDO,NEW PU,575,17422,343259
27,OGUN,14,IPOKIA,08,MAUNI II,015,27/14/08/015,OPEN SPACE AT SEJE OKE,NEW PU,575,17422,343260
27,OGUN,14,IPOKIA,09,AJEGUNLE,001,27/14/09/001,NEAR AJEGUNLE MOSQUE,EXISTING PU,575,17423,343261
27,OGUN,14,IPOKIA,09,AJEGUNLE,002,27/14/09/002,AJEGUNLE BUS STOP,EXISTING PU,575,17423,343262
27,OGUN,14,IPOKIA,09,AJEGUNLE,003,27/14/09/003,OPEN SPACE NEAR BAALES HOUSE ILUPEJU,EXISTING PU,575,17423,343263
27,OGUN,14,IPOKIA,09,AJEGUNLE,004,27/14/09/004,OPEN SPCE AT ILUPEJU JUNCTION,EXISTING PU,575,17423,343264
27,OGUN,14,IPOKIA,09,AJEGUNLE,005,27/14/09/005,A/C SCHOOL OWOTEDO,EXISTING PU,575,17423,343265
27,OGUN,14,IPOKIA,09,AJEGUNLE,006,27/14/09/006,PRY. SCHOOL OGOSA,EXISTING PU,575,17423,343266
27,OGUN,14,IPOKIA,09,AJEGUNLE,007,27/14/09/007,I.P.L.G. SCHOOL MEDEOGOSA,EXISTING PU,575,17423,343267
27,OGUN,14,IPOKIA,09,AJEGUNLE,008,27/14/09/008,OPEN SPACE AT AGBOKU JUNCTION,EXISTING PU,575,17423,343268
27,OGUN,14,IPOKIA,09,AJEGUNLE,009,27/14/09/009,OPEN SPACE AT MOSAFEJO JUNCTION,EXISTING PU,575,17423,343269
27,OGUN,14,IPOKIA,09,AJEGUNLE,010,27/14/09/010,IDOLOGAN SQUARE,EXISTING PU,575,17423,343270
27,OGUN,14,IPOKIA,09,AJEGUNLE,011,27/14/09/011,OPEN SPACE BEHIND JOLACO FILLING STATION,EXISTING PU,575,17423,343271
27,OGUN,14,IPOKIA,09,AJEGUNLE,012,27/14/09/012,"AGO EGUN TOWN HALL, AJEGUNLE",NEW PU,575,17423,343272
27,OGUN,14,IPOKIA,09,AJEGUNLE,013,27/14/09/013,OPEN SPACE AT BABAJIDE AJIBOLA QUARTERS,NEW PU,575,17423,343273
27,OGUN,14,IPOKIA,09,AJEGUNLE,014,27/14/09/014,OPEN SPACE AT TAIWO STREET NEAR EDUCARE SCHOOL.,NEW PU,575,17423,343274
27,OGUN,14,IPOKIA,09,AJEGUNLE,015,27/14/09/015,OPEN SPACE AT ILE EJA JUNCTION,NEW PU,575,17423,343275
27,OGUN,14,IPOKIA,09,AJEGUNLE,016,27/14/09/016,OPEN SPACE AT OLALOWO ESTATE,NEW PU,575,17423,343276
27,OGUN,14,IPOKIA,09,AJEGUNLE,017,27/14/09/017,OPEN SPACE NEAR BAALE'S HOUSE OGOSA,NEW PU,575,17423,343277
27,OGUN,14,IPOKIA,09,AJEGUNLE,018,27/14/09/018,OPEN SPACE AT OLORUNDA JUNCTION,NEW PU,575,17423,343278
27,OGUN,14,IPOKIA,09,AJEGUNLE,019,27/14/09/019,OPEN SPACE AT OROGBO JUNCTION,NEW PU,575,17423,343279
27,OGUN,14,IPOKIA,09,AJEGUNLE,020,27/14/09/020,OPEN SPACE IN FRONT OF MECHANIC VILLAGE,NEW PU,575,17423,343280
27,OGUN,14,IPOKIA,09,AJEGUNLE,021,27/14/09/021,OPEN SPACE AT FOUR CORNER,NEW PU,575,17423,343281
27,OGUN,14,IPOKIA,10,IFONYINTEDO,001,27/14/10/001,OPEN SPACE AT MATERNITY CENTRE ATAN-OTA,EXISTING PU,575,17424,343282
27,OGUN,14,IPOKIA,10,IFONYINTEDO,002,27/14/10/002,OPEN SPACE NEAR EGA COMPOUND,EXISTING PU,575,17424,343283
27,OGUN,14,IPOKIA,10,IFONYINTEDO,003,27/14/10/003,BAPTIST DAY SCHOOL IFONYINTEDO,EXISTING PU,575,17424,343284
27,OGUN,14,IPOKIA,10,IFONYINTEDO,004,27/14/10/004,I.P.L.G. SCHOOL IFONYINTEDO,EXISTING PU,575,17424,343285
27,OGUN,14,IPOKIA,10,IFONYINTEDO,005,27/14/10/005,OPEN SPACE NEAR BAPT. CHURCH ISALE-ODO,EXISTING PU,575,17424,343286
27,OGUN,14,IPOKIA,10,IFONYINTEDO,006,27/14/10/006,C.M.S. SCHOOL SAASA,EXISTING PU,575,17424,343287
27,OGUN,14,IPOKIA,10,IFONYINTEDO,007,27/14/10/007,OPEN SPACE NEAR C & S IBOLA,EXISTING PU,575,17424,343288
27,OGUN,14,IPOKIA,10,IFONYINTEDO,008,27/14/10/008,OPEN SPACE NEAR METHODIST CHURCH - ITA EGBE,EXISTING PU,575,17424,343289
27,OGUN,14,IPOKIA,10,IFONYINTEDO,009,27/14/10/009,OPEN SPACE NEAR CENTRAL MOSQUE - MADOGA,EXISTING PU,575,17424,343290
27,OGUN,14,IPOKIA,10,IFONYINTEDO,010,27/14/10/010,BAPT. DAY SCHOOL MADOGA,EXISTING PU,575,17424,343291
27,OGUN,14,IPOKIA,10,IFONYINTEDO,011,27/14/10/011,OPEN SPACE NEAR BAPT. CHURCH ILAGBE,EXISTING PU,575,17424,343292
27,OGUN,14,IPOKIA,10,IFONYINTEDO,012,27/14/10/012,I.P.L.G. IROPO,EXISTING PU,575,17424,343293
27,OGUN,14,IPOKIA,10,IFONYINTEDO,013,27/14/10/013,COMM. SCHOOL  - IMULE,EXISTING PU,575,17424,343294
27,OGUN,14,IPOKIA,10,IFONYINTEDO,014,27/14/10/014,BAPTIST DAY SCHOOL- ALAARI,EXISTING PU,575,17424,343295
27,OGUN,14,IPOKIA,10,IFONYINTEDO,015,27/14/10/015,OPEN SPACE NEAR C.A.C. CHURCH - ALAARI,EXISTING PU,575,17424,343296
27,OGUN,14,IPOKIA,10,IFONYINTEDO,016,27/14/10/016,COMMUNITY PRY. SCHOOL - KOKO,EXISTING PU,575,17424,343297
27,OGUN,14,IPOKIA,10,IFONYINTEDO,017,27/14/10/017,U.A.M.C. WASIMI IKORODU,EXISTING PU,575,17424,343298
27,OGUN,14,IPOKIA,10,IFONYINTEDO,018,27/14/10/018,COMMUNITY PRY. SCH. ASIPA,EXISTING PU,575,17424,343299
27,OGUN,14,IPOKIA,10,IFONYINTEDO,019,27/14/10/019,OPEN SPACE NEAR BAPTIST CHURCH AFUYE,EXISTING PU,575,17424,343300
27,OGUN,14,IPOKIA,10,IFONYINTEDO,020,27/14/10/020,OPEN SPACE NEAR C.M.S. CHURCH IDOMOGUN,EXISTING PU,575,17424,343301
27,OGUN,14,IPOKIA,10,IFONYINTEDO,021,27/14/10/021,OPEN SPACE NEAR BAPTIST CHURCH  - ILEDUN,EXISTING PU,575,17424,343302
27,OGUN,14,IPOKIA,10,IFONYINTEDO,022,27/14/10/022,ONIREKE JUNCTION - KOKO,EXISTING PU,575,17424,343303
27,OGUN,14,IPOKIA,10,IFONYINTEDO,023,27/14/10/023,OPEN SPACE NEAR C.C.C. ISALE KOKO,EXISTING PU,575,17424,343304
27,OGUN,14,IPOKIA,10,IFONYINTEDO,024,27/14/10/024,"NEAR CENTRAL MOSQUE ITA YARO,IFOYINTEDO",EXISTING PU,575,17424,343305
27,OGUN,14,IPOKIA,10,IFONYINTEDO,025,27/14/10/025,"FRONT OF MATERNITY CENTRE, ISADAN IGBO-AGAN",EXISTING PU,575,17424,343306
27,OGUN,14,IPOKIA,10,IFONYINTEDO,026,27/14/10/026,OPEN SPACE BESIDE C.A.C. CHURCH IDI-OMO QUARTERS,EXISTING PU,575,17424,343307
27,OGUN,14,IPOKIA,10,IFONYINTEDO,027,27/14/10/027,I.P.L.G SCHOOL KAJOLA,EXISTING PU,575,17424,343308
27,OGUN,14,IPOKIA,10,IFONYINTEDO,028,27/14/10/028,OPEN SPACE AT ILEKESE ALAARI,NEW PU,575,17424,343309
27,OGUN,14,IPOKIA,10,IFONYINTEDO,029,27/14/10/029,"OPEN SPACE AT OKEJERE, MADOGA",NEW PU,575,17424,343310
27,OGUN,14,IPOKIA,10,IFONYINTEDO,030,27/14/10/030,OPEN SPACE AT ISALE MEDU-MADOGA,NEW PU,575,17424,343311
27,OGUN,14,IPOKIA,11,IDIROKO,001,27/14/11/001,OPEN SPACE AT BABALOKE,EXISTING PU,575,17425,343312
27,OGUN,14,IPOKIA,11,IDIROKO,002,27/14/11/002,FRONT OF MECHANIC WORKSHOP,EXISTING PU,575,17425,343313
27,OGUN,14,IPOKIA,11,IDIROKO,003,27/14/11/003,OPEN SPACE NEAR BALOGUN IBIRINDE,EXISTING PU,575,17425,343314
27,OGUN,14,IPOKIA,11,IDIROKO,004,27/14/11/004,OPEN SPACE NEAR POLICE STATION,EXISTING PU,575,17425,343315
27,OGUN,14,IPOKIA,11,IDIROKO,005,27/14/11/005,I.P.L.G SCHOOL IDIROKO,EXISTING PU,575,17425,343316
27,OGUN,14,IPOKIA,11,IDIROKO,006,27/14/11/006,AFERIKU SQUARE,EXISTING PU,575,17425,343317
27,OGUN,14,IPOKIA,11,IDIROKO,007,27/14/11/007,OPEN SPACE FRONT OF ONIKO PALACE I,EXISTING PU,575,17425,343318
27,OGUN,14,IPOKIA,11,IDIROKO,008,27/14/11/008,OPEN SPACE FRONT OF CUSTOMARY COURT HALL,EXISTING PU,575,17425,343319
27,OGUN,14,IPOKIA,11,IDIROKO,009,27/14/11/009,I.P.L.G SCHOOL IKOLAJE,EXISTING PU,575,17425,343320
27,OGUN,14,IPOKIA,11,IDIROKO,010,27/14/11/010,ETIKOTO SQUARE,EXISTING PU,575,17425,343321
27,OGUN,14,IPOKIA,11,IDIROKO,011,27/14/11/011,OPEN SPACE NEAR A.U.D AGBABO,EXISTING PU,575,17425,343322
27,OGUN,14,IPOKIA,11,IDIROKO,012,27/14/11/012,OPEN AT ESELU/DEEPER LIFE,EXISTING PU,575,17425,343323
27,OGUN,14,IPOKIA,11,IDIROKO,013,27/14/11/013,MAYOWA AREA,EXISTING PU,575,17425,343324
27,OGUN,14,IPOKIA,11,IDIROKO,014,27/14/11/014,OPEN SPACE FRONT OF ONIKO PALACE II,EXISTING PU,575,17425,343325
27,OGUN,14,IPOKIA,11,IDIROKO,015,27/14/11/015,OPEN SPACE AT IGBO OSA ARAROMI,NEW PU,575,17425,343326
27,OGUN,14,IPOKIA,11,IDIROKO,016,27/14/11/016,OPEN SPACE AT OJA ALE,NEW PU,575,17425,343327
27,OGUN,14,IPOKIA,11,IDIROKO,017,27/14/11/017,OLORUNSOGO HEALTH CENTER,NEW PU,575,17425,343328
27,OGUN,14,IPOKIA,11,IDIROKO,018,27/14/11/018,OPEN SPACE AT TEMIDIRE,NEW PU,575,17425,343329
27,OGUN,14,IPOKIA,11,IDIROKO,019,27/14/11/019,OPEN SPACE NEAR ANSARUDEEN PRAYER GROUND,NEW PU,575,17425,343330
27,OGUN,14,IPOKIA,11,IDIROKO,020,27/14/11/020,OPEN SPACE AT OLORUNGBEBE,NEW PU,575,17425,343331
27,OGUN,14,IPOKIA,11,IDIROKO,021,27/14/11/021,ODAN AJE COMMUNITY PRY SCHOOL,NEW PU,575,17425,343332
27,OGUN,14,IPOKIA,11,IDIROKO,022,27/14/11/022,OPEN SPACE BESIDE FRSC OFFICE,NEW PU,575,17425,343333
27,OGUN,14,IPOKIA,11,IDIROKO,023,27/14/11/023,OPEN SPACE AT ONIKO MARKET,NEW PU,575,17425,343334
27,OGUN,14,IPOKIA,11,IDIROKO,024,27/14/11/024,OPEN SPACE AT AJANLEKOKO ESTATE,NEW PU,575,17425,343335
27,OGUN,14,IPOKIA,11,IDIROKO,025,27/14/11/025,OJUROKO PRY SCHOOL II,NEW PU,575,17425,343336
27,OGUN,14,IPOKIA,11,IDIROKO,026,27/14/11/026,OPEN SPACE AT ASILOYE QUARTERS,NEW PU,575,17425,343337
27,OGUN,14,IPOKIA,11,IDIROKO,027,27/14/11/027,IKO GATEWAY GRAMMER SCHOOL,NEW PU,575,17425,343338
27,OGUN,14,IPOKIA,11,IDIROKO,028,27/14/11/028,AYEDUN VILLAGE SQUARE,NEW PU,575,17425,343339
27,OGUN,14,IPOKIA,11,IDIROKO,029,27/14/11/029,OPEN SPACE AT OSEHUNOLU,NEW PU,575,17425,343340
27,OGUN,14,IPOKIA,11,IDIROKO,030,27/14/11/030,OPEN SPACE AT AFERIKU JUNCTION,NEW PU,575,17425,343341
27,OGUN,14,IPOKIA,11,IDIROKO,031,27/14/11/031,TOWN HALL AYEDOLA QUARTERS,NEW PU,575,17425,343342
27,OGUN,14,IPOKIA,11,IDIROKO,032,27/14/11/032,"TOWN HALL,OLORUNKUSE",NEW PU,575,17425,343343
27,OGUN,14,IPOKIA,11,IDIROKO,033,27/14/11/033,TOWN HALL ODAN,NEW PU,575,17425,343344
27,OGUN,14,IPOKIA,11,IDIROKO,034,27/14/11/034,"TOWN HALL ,ODO ERAN",NEW PU,575,17425,343345
27,OGUN,14,IPOKIA,11,IDIROKO,035,27/14/11/035,"TOWN HALL, OLUWAGBEMI",NEW PU,575,17425,343346
27,OGUN,14,IPOKIA,11,IDIROKO,036,27/14/11/036,TOWN HALL AGO EGUN,NEW PU,575,17425,343347
27,OGUN,14,IPOKIA,12,IHUNBO/ ILASE,001,27/14/12/001,"ST JOHN'S SCH, IHUNBO",EXISTING PU,575,17426,343348
27,OGUN,14,IPOKIA,12,IHUNBO/ ILASE,002,27/14/12/002,"COURT HALL, IHUNBO",EXISTING PU,575,17426,343349
27,OGUN,14,IPOKIA,12,IHUNBO/ ILASE,003,27/14/12/003,R.C.M ITA EGBE,EXISTING PU,575,17426,343350
27,OGUN,14,IPOKIA,12,IHUNBO/ ILASE,004,27/14/12/004,"I.P.L.G SCH, AYETORO",EXISTING PU,575,17426,343351
27,OGUN,14,IPOKIA,12,IHUNBO/ ILASE,005,27/14/12/005,"OPEN SPACE NEAR PALACE, ILASE",EXISTING PU,575,17426,343352
27,OGUN,14,IPOKIA,12,IHUNBO/ ILASE,006,27/14/12/006,BOOTH AT OKERE,EXISTING PU,575,17426,343353
27,OGUN,14,IPOKIA,12,IHUNBO/ ILASE,007,27/14/12/007,"I.P.L.G SCH, ILASE",EXISTING PU,575,17426,343354
27,OGUN,14,IPOKIA,12,IHUNBO/ ILASE,008,27/14/12/008,OPEN SPACE NEAR IDOFORO CHURCH,EXISTING PU,575,17426,343355
27,OGUN,14,IPOKIA,12,IHUNBO/ ILASE,009,27/14/12/009,"PRY SCH, IGANMI",EXISTING PU,575,17426,343356
27,OGUN,14,IPOKIA,12,IHUNBO/ ILASE,010,27/14/12/010,NEAR BAPTIST CHURCH ONIGBEDU,EXISTING PU,575,17426,343357
27,OGUN,14,IPOKIA,12,IHUNBO/ ILASE,011,27/14/12/011,"BAPTIST DAY SCH, IGBOREDO",EXISTING PU,575,17426,343358
27,OGUN,14,IPOKIA,12,IHUNBO/ ILASE,012,27/14/12/012,OPEN SPACE NEAR C.A.C OKO EYE,EXISTING PU,575,17426,343359
27,OGUN,14,IPOKIA,12,IHUNBO/ ILASE,013,27/14/12/013,OKE OJUMO COMM. PRY SCH ADODO,EXISTING PU,575,17426,343360
27,OGUN,14,IPOKIA,12,IHUNBO/ ILASE,014,27/14/12/014,OPEN SPACE AT IGBOSO VILLAGE IHUNBO,EXISTING PU,575,17426,343361
27,OGUN,14,IPOKIA,12,IHUNBO/ ILASE,015,27/14/12/015,"OPEN SPACE NEAR C.A.C OJOLOWO, IHUNBO",EXISTING PU,575,17426,343362
27,OGUN,14,IPOKIA,12,IHUNBO/ ILASE,016,27/14/12/016,BETTER LIFE MARKET - IDI-OPAMU,EXISTING PU,575,17426,343363
27,OGUN,14,IPOKIA,12,IHUNBO/ ILASE,017,27/14/12/017,OPEN SPACE AT AKINSOLA FAGBOHUN,EXISTING PU,575,17426,343364
27,OGUN,14,IPOKIA,12,IHUNBO/ ILASE,018,27/14/12/018,"FRONT OF HEALTH CENTER , ILASE",NEW PU,575,17426,343365
27,OGUN,14,IPOKIA,12,IHUNBO/ ILASE,019,27/14/12/019,"OPEN SPACE NEAR THE APOSTOLIC CHURCH, IHUNBO",NEW PU,575,17426,343366
27,OGUN,14,IPOKIA,12,IHUNBO/ ILASE,020,27/14/12/020,OPEN SPACE AT OKE OLA JUNCTION,NEW PU,575,17426,343367
27,OGUN,14,IPOKIA,12,IHUNBO/ ILASE,021,27/14/12/021,OPEN SPACE INFRONT OF IMMIGRATION OFFICE,NEW PU,575,17426,343368
27,OGUN,14,IPOKIA,12,IHUNBO/ ILASE,022,27/14/12/022,OPEN SPACE AT AGBEDE NEAR OLD WATER TANK,NEW PU,575,17426,343369
27,OGUN,15,OBAFEMI/OWODE,01,MOKOLOKI,001,27/15/01/001,A/C SCHOOL - MOKOLOKI,EXISTING PU,576,17427,343370
27,OGUN,15,OBAFEMI/OWODE,01,MOKOLOKI,002,27/15/01/002,VILLAGE SQUARE ELEWORO,EXISTING PU,576,17427,343371
27,OGUN,15,OBAFEMI/OWODE,01,MOKOLOKI,003,27/15/01/003,"O.O.L.G SCHOOL, IMO-IJIWO",EXISTING PU,576,17427,343372
27,OGUN,15,OBAFEMI/OWODE,01,MOKOLOKI,004,27/15/01/004,"O.O.L.G SCHOOL,  IRO",EXISTING PU,576,17427,343373
27,OGUN,15,OBAFEMI/OWODE,01,MOKOLOKI,005,27/15/01/005,"O.O.L.G SCHOOL,  IYEDI BALOGUN",EXISTING PU,576,17427,343374
27,OGUN,15,OBAFEMI/OWODE,01,MOKOLOKI,006,27/15/01/006,FRONT OF MATERNITY CENTRE,EXISTING PU,576,17427,343375
27,OGUN,15,OBAFEMI/OWODE,01,MOKOLOKI,007,27/15/01/007,"O.O.L.G. SCHOOL, AJAMBATA",EXISTING PU,576,17427,343376
27,OGUN,15,OBAFEMI/OWODE,01,MOKOLOKI,008,27/15/01/008,"A/C SCHOOL, OBANLADO",EXISTING PU,576,17427,343377
27,OGUN,15,OBAFEMI/OWODE,01,MOKOLOKI,009,27/15/01/009,IREPODUN UNITED COMM. SCH,NEW PU,576,17427,343378
27,OGUN,15,OBAFEMI/OWODE,01,MOKOLOKI,010,27/15/01/010,"OPEN SPACE AT IDI-IROKO JUNCTION, ELEWE",NEW PU,576,17427,343379
27,OGUN,15,OBAFEMI/OWODE,01,MOKOLOKI,011,27/15/01/011,"OPEN SPACE AT OJA, OBA IRO, MOKOLOKI",NEW PU,576,17427,343380
27,OGUN,15,OBAFEMI/OWODE,02,OFADA,001,27/15/02/001,"O.O.L.G. SCHOOL, MAGBON ETIDO",EXISTING PU,576,17428,343381
27,OGUN,15,OBAFEMI/OWODE,02,OFADA,002,27/15/02/002,"O.O.L.G. SCHOOL, ABAREN",EXISTING PU,576,17428,343382
27,OGUN,15,OBAFEMI/OWODE,02,OFADA,003,27/15/02/003,"ST. DAVID SCHOOL, OFADA I",EXISTING PU,576,17428,343383
27,OGUN,15,OBAFEMI/OWODE,02,OFADA,004,27/15/02/004,"ST. DAVID SCHOOL, OFADA II",EXISTING PU,576,17428,343384
27,OGUN,15,OBAFEMI/OWODE,02,OFADA,005,27/15/02/005,"ST. DAVID SCHOOL, OFADA III",EXISTING PU,576,17428,343385
27,OGUN,15,OBAFEMI/OWODE,02,OFADA,006,27/15/02/006,"A/C SCHOOL, OKO ARAFERIN",EXISTING PU,576,17428,343386
27,OGUN,15,OBAFEMI/OWODE,02,OFADA,007,27/15/02/007,"O.O.L.G. SCHOOL, IBAFO  I",EXISTING PU,576,17428,343387
27,OGUN,15,OBAFEMI/OWODE,02,OFADA,008,27/15/02/008,"O.O.L.G. SCHOOL, IBAFO  II",EXISTING PU,576,17428,343388
27,OGUN,15,OBAFEMI/OWODE,02,OFADA,009,27/15/02/009,"O.O.L.G. SCHOOL, IBAFO  III",EXISTING PU,576,17428,343389
27,OGUN,15,OBAFEMI/OWODE,02,OFADA,010,27/15/02/010,"O.O.L.G. SCHOOL, MAGBORO",EXISTING PU,576,17428,343390
27,OGUN,15,OBAFEMI/OWODE,02,OFADA,011,27/15/02/011,"O.O.L.G. SCHOOL,  AREPO",EXISTING PU,576,17428,343391
27,OGUN,15,OBAFEMI/OWODE,02,OFADA,012,27/15/02/012,"O.O.L.G. SCHOOL, ORIMERUNMU I",EXISTING PU,576,17428,343392
27,OGUN,15,OBAFEMI/OWODE,02,OFADA,013,27/15/02/013,"O.O.L.G. SCHOOL, ORIMERUNMU",EXISTING PU,576,17428,343393
27,OGUN,15,OBAFEMI/OWODE,02,OFADA,014,27/15/02/014,"O.O.L.G. SCHOOL, MOWE  I",EXISTING PU,576,17428,343394
27,OGUN,15,OBAFEMI/OWODE,02,OFADA,015,27/15/02/015,"O.O.L.G. SCHOOL, MOWE  II",EXISTING PU,576,17428,343395
27,OGUN,15,OBAFEMI/OWODE,02,OFADA,016,27/15/02/016,"O.O.L.G. SCHOOL, PAKURO",EXISTING PU,576,17428,343396
27,OGUN,15,OBAFEMI/OWODE,02,OFADA,017,27/15/02/017,OPP. REDEMPTION CAMP,EXISTING PU,576,17428,343397
27,OGUN,15,OBAFEMI/OWODE,02,OFADA,018,27/15/02/018,"O.O.L.G. SCHOOL, ARIGBAWONWO",EXISTING PU,576,17428,343398
27,OGUN,15,OBAFEMI/OWODE,02,OFADA,019,27/15/02/019,"O.O.L.G. SCHOOL, ASESE",EXISTING PU,576,17428,343399
27,OGUN,15,OBAFEMI/OWODE,02,OFADA,020,27/15/02/020,BOOTH AT AKINOLA'S SQUARE PAKURO,EXISTING PU,576,17428,343400
27,OGUN,15,OBAFEMI/OWODE,02,OFADA,021,27/15/02/021,"OPEN SPACE OPP. ITA-BAALE ILATE, MAGBON, OFADA",NEW PU,576,17428,343401
27,OGUN,15,OBAFEMI/OWODE,02,OFADA,022,27/15/02/022,"OPEN SPACE AT OKE-IRAN JUNCTION, ABAREN,OFADA",NEW PU,576,17428,343402
27,OGUN,15,OBAFEMI/OWODE,02,OFADA,023,27/15/02/023,"OFADA COMM. COMPREHENSIVE SCH., OFADA",NEW PU,576,17428,343403
27,OGUN,15,OBAFEMI/OWODE,02,OFADA,024,27/15/02/024,"OPEN SPACE AT BETTER DAY B/STOP, OFADA",NEW PU,576,17428,343404
27,OGUN,15,OBAFEMI/OWODE,02,OFADA,025,27/15/02/025,OPEN SPACE AT IYANA BISODUN OFADA,NEW PU,576,17428,343405
27,OGUN,15,OBAFEMI/OWODE,02,OFADA,026,27/15/02/026,OPEN SPACE AT YOTOMI GATE,NEW PU,576,17428,343406
27,OGUN,15,OBAFEMI/OWODE,02,OFADA,027,27/15/02/027,"OPEN SPACE AT ADEBIMPE JUNCTION., TEMIDIRE ROAD,",NEW PU,576,17428,343407
27,OGUN,15,OBAFEMI/OWODE,02,OFADA,028,27/15/02/028,"OPEN SPACE AT MR BIGGS JUNCTION, IBAFO",NEW PU,576,17428,343408
27,OGUN,15,OBAFEMI/OWODE,02,OFADA,029,27/15/02/029,"OPEN SPACE AT MAGADA ONIGBAGBO, IBAFO",NEW PU,576,17428,343409
27,OGUN,15,OBAFEMI/OWODE,02,OFADA,030,27/15/02/030,"OPEN SPACE AT OLADUNJOYE STR., POWERLINE, MAGADA",NEW PU,576,17428,343410
27,OGUN,15,OBAFEMI/OWODE,02,OFADA,031,27/15/02/031,"OPEN SPACE AT CELESTIAL STR, MAKOGI",NEW PU,576,17428,343411
27,OGUN,15,OBAFEMI/OWODE,02,OFADA,032,27/15/02/032,"MARKET SQUARE, IBAFO B/STOP",NEW PU,576,17428,343412
27,OGUN,15,OBAFEMI/OWODE,02,OFADA,033,27/15/02/033,OPEN SPACE AT LIBERTY ESTATE GATE,NEW PU,576,17428,343413
27,OGUN,15,OBAFEMI/OWODE,02,OFADA,034,27/15/02/034,"OPEN SPACE AT EXCELLENT LIBERTY ESTATE, ZONE 7, IBAFO",NEW PU,576,17428,343414
27,OGUN,15,OBAFEMI/OWODE,02,OFADA,035,27/15/02/035,"OPEN SPACE AT LAU JUNCTION,IBAFO",NEW PU,576,17428,343415
27,OGUN,15,OBAFEMI/OWODE,02,OFADA,036,27/15/02/036,"UNITY ESTATE UNITY HALL, GBARAGUNRIN,",NEW PU,576,17428,343416
27,OGUN,15,OBAFEMI/OWODE,02,OFADA,037,27/15/02/037,"OPEN  SPACE AT SPARKLIGHT/AM WEMABOARD JUNCTION, MAGBORO",NEW PU,576,17428,343417
27,OGUN,15,OBAFEMI/OWODE,02,OFADA,038,27/15/02/038,"FRONT OF HEALTH CENTRE SANNI, OMOTEDO, MAGBORO",NEW PU,576,17428,343418
27,OGUN,15,OBAFEMI/OWODE,02,OFADA,039,27/15/02/039,"OPEN SPACE AT BRENTFEED JUNCTION, OKE AFA, MAGBORO",NEW PU,576,17428,343419
27,OGUN,15,OBAFEMI/OWODE,02,OFADA,040,27/15/02/040,"OPEN SPACE AT DHL JUNCTION,OKE AFA, MAGBORO",NEW PU,576,17428,343420
27,OGUN,15,OBAFEMI/OWODE,02,OFADA,041,27/15/02/041,"OPEN SPACE AT LIBERTY ESTATE GATE, MAGBORO",NEW PU,576,17428,343421
27,OGUN,15,OBAFEMI/OWODE,02,OFADA,042,27/15/02/042,"OOLG SCH., MAKOGI",NEW PU,576,17428,343422
27,OGUN,15,OBAFEMI/OWODE,02,OFADA,043,27/15/02/043,"OPEN SPACE AT OLOWOJOBA JUNCTION, IGODO,MAGBORO",NEW PU,576,17428,343423
27,OGUN,15,OBAFEMI/OWODE,02,OFADA,044,27/15/02/044,"OPEN SPACE AT VOERA JUNCTION,OFADA ROAD",NEW PU,576,17428,343424
27,OGUN,15,OBAFEMI/OWODE,02,OFADA,045,27/15/02/045,JOURNALIST ESTATE MAIN GATE AREPO,NEW PU,576,17428,343425
27,OGUN,15,OBAFEMI/OWODE,02,OFADA,046,27/15/02/046,"OPEN SPACE IN FRONT OF PRAISE HILL, ESTATE GATE, AREPO",NEW PU,576,17428,343426
27,OGUN,15,OBAFEMI/OWODE,02,OFADA,047,27/15/02/047,"OPEN SPACE BESIDE TRANSFORMER AT AKINFOLAHAN JUNCTION, ORIMERUNMU",NEW PU,576,17428,343427
27,OGUN,15,OBAFEMI/OWODE,02,OFADA,048,27/15/02/048,"OPEN SPACE AT ALIMI OJO JUNCTION, ORIMERUNMU",NEW PU,576,17428,343428
27,OGUN,15,OBAFEMI/OWODE,02,OFADA,049,27/15/02/049,"COMMUNITY HIGH SCH, ABULE ADESAN",NEW PU,576,17428,343429
27,OGUN,15,OBAFEMI/OWODE,02,OFADA,050,27/15/02/050,OPEN SPACE AT BAALE ADESAN,NEW PU,576,17428,343430
27,OGUN,15,OBAFEMI/OWODE,02,OFADA,051,27/15/02/051,HEALTH CENTRE DALEKO OGUNRUN,NEW PU,576,17428,343431
27,OGUN,15,OBAFEMI/OWODE,02,OFADA,052,27/15/02/052,OPEN SPACE AT ABULE OGUNRUN,NEW PU,576,17428,343432
27,OGUN,15,OBAFEMI/OWODE,02,OFADA,053,27/15/02/053,"OPEN SPACE AT ABULE EGUN, MOWE",NEW PU,576,17428,343433
27,OGUN,15,OBAFEMI/OWODE,02,OFADA,054,27/15/02/054,"OPEN SPACE BEHIND TRANSFORMER JUNCTION, LOTTO",NEW PU,576,17428,343434
27,OGUN,15,OBAFEMI/OWODE,02,OFADA,055,27/15/02/055,"HEALTH CENTRE OLOWOTEDO HARMONY ESTATE, MOWE",NEW PU,576,17428,343435
27,OGUN,15,OBAFEMI/OWODE,02,OFADA,056,27/15/02/056,"OPEN SPACE AT OKE ALAFIA JUNCTION,",NEW PU,576,17428,343436
27,OGUN,15,OBAFEMI/OWODE,02,OFADA,057,27/15/02/057,"OPEN SPACE AT CL SCHOOL JUNCTION, GBEGIRA,",NEW PU,576,17428,343437
27,OGUN,15,OBAFEMI/OWODE,02,OFADA,058,27/15/02/058,"OPEN SPACE AT MOSAFUNETO AVENUE, BESIDE TRANSFORMER PAKURO",NEW PU,576,17428,343438
27,OGUN,15,OBAFEMI/OWODE,02,OFADA,059,27/15/02/059,IJERE ELELEDE WORUGUDU TOWNHALL PAKURO,NEW PU,576,17428,343439
27,OGUN,15,OBAFEMI/OWODE,02,OFADA,060,27/15/02/060,"OPEN SPACE AT MECHANIC VILLAGE, BESIDE REDEMPTION CAMP MAIN GATE",NEW PU,576,17428,343440
27,OGUN,15,OBAFEMI/OWODE,02,OFADA,061,27/15/02/061,OPEN SPACE AT ABDULLAHI JUNCTION BESIDE NNPC CAR PARK C,NEW PU,576,17428,343441
27,OGUN,15,OBAFEMI/OWODE,02,OFADA,062,27/15/02/062,"OPEN SPACE AT HAOLA JUNCTION, ABULE EGUN MOWE",NEW PU,576,17428,343442
27,OGUN,15,OBAFEMI/OWODE,02,OFADA,063,27/15/02/063,"OPEN SPACE AT MIYER JUNCTION, LOBURO",NEW PU,576,17428,343443
27,OGUN,15,OBAFEMI/OWODE,02,OFADA,064,27/15/02/064,OPEN SPACE AT HOLINESS JUNCTION ORUNKOLE PHASE 1,NEW PU,576,17428,343444
27,OGUN,15,OBAFEMI/OWODE,02,OFADA,065,27/15/02/065,"OPEN SPACE AT MAYEGUN BLOCK,ORUNKOLE, PHASE 2, LOBURO",NEW PU,576,17428,343445
27,OGUN,15,OBAFEMI/OWODE,02,OFADA,066,27/15/02/066,"OPEN SPACE AT OLORORO JUNCTION, LOBURO",NEW PU,576,17428,343446
27,OGUN,15,OBAFEMI/OWODE,02,OFADA,067,27/15/02/067,"OPEN SPACE AT IKUGBONMIRE JUNCTION, LOBURO",NEW PU,576,17428,343447
27,OGUN,15,OBAFEMI/OWODE,02,OFADA,068,27/15/02/068,OPEN SPACE AT ASHIMOLOWO JUNCTION,NEW PU,576,17428,343448
27,OGUN,15,OBAFEMI/OWODE,02,OFADA,069,27/15/02/069,OPEN SPACE AT OMU ISOKUN BUS STOP,NEW PU,576,17428,343449
27,OGUN,15,OBAFEMI/OWODE,02,OFADA,070,27/15/02/070,OPEN SPACE AT ALEKUN MARKET,NEW PU,576,17428,343450
27,OGUN,15,OBAFEMI/OWODE,02,OFADA,071,27/15/02/071,"OPEN SPACE AT MASIYA JUNCTION,MABA",NEW PU,576,17428,343451
27,OGUN,15,OBAFEMI/OWODE,02,OFADA,072,27/15/02/072,"OPEN SPACE AT CELE II JUNCTION, ASESE",NEW PU,576,17428,343452
27,OGUN,15,OBAFEMI/OWODE,02,OFADA,073,27/15/02/073,"BOOTH AT AKINOLA SQUARE,PAKURO",NEW PU,576,17428,343453
27,OGUN,15,OBAFEMI/OWODE,02,OFADA,074,27/15/02/074,"OPEN SPACE AT ILUPEJU MARKET SQUARE,OKE AFA",NEW PU,576,17428,343454
27,OGUN,15,OBAFEMI/OWODE,02,OFADA,075,27/15/02/075,"OPEN SPACE AT IYANA CELE JUNCTION, OGUNROMBI",NEW PU,576,17428,343455
27,OGUN,15,OBAFEMI/OWODE,02,OFADA,076,27/15/02/076,OPEN SPACE AT OMU-LISOGBE JUNCTION,NEW PU,576,17428,343456
27,OGUN,15,OBAFEMI/OWODE,02,OFADA,077,27/15/02/077,"OPEN SPACE OPP. TRINITY FOUNDATION, OFADA ROAD",NEW PU,576,17428,343457
27,OGUN,15,OBAFEMI/OWODE,02,OFADA,078,27/15/02/078,"OPEN SPACE AT T-JUNCTION, BACK OF GOOD SHEPHERD STR.,",NEW PU,576,17428,343458
27,OGUN,15,OBAFEMI/OWODE,02,OFADA,079,27/15/02/079,"OPEN SPACE BEHIND ADB PETROL STATION, GREEN CANADA HOTEL JUNCTION, OFADA",NEW PU,576,17428,343459
27,OGUN,15,OBAFEMI/OWODE,02,OFADA,080,27/15/02/080,"OPEN SPACE OPP. EST BANK ACADEMY ALAMUYO B/STOP, OFADA",NEW PU,576,17428,343460
27,OGUN,15,OBAFEMI/OWODE,02,OFADA,081,27/15/02/081,OPEN SPACE AT OMU AROGUN JUNCTION,NEW PU,576,17428,343461
27,OGUN,15,OBAFEMI/OWODE,02,OFADA,082,27/15/02/082,OPEN SPACE OPPOSITE EDEN ESTATE,NEW PU,576,17428,343462
27,OGUN,15,OBAFEMI/OWODE,02,OFADA,083,27/15/02/083,"OPEN SPACE BESIDE TRANSFORMER AYANMO,",NEW PU,576,17428,343463
27,OGUN,15,OBAFEMI/OWODE,02,OFADA,084,27/15/02/084,OPEN SAPCE AT KAJOLA VILLAGE JUNCTION,NEW PU,576,17428,343464
27,OGUN,15,OBAFEMI/OWODE,02,OFADA,085,27/15/02/085,"OPEN SPACE AT T-JUNCTION OPP. TRANSFORMER, ORUNKOLE",NEW PU,576,17428,343465
27,OGUN,15,OBAFEMI/OWODE,02,OFADA,086,27/15/02/086,"OPEN SPACE AT IGUMAH JUNCTION, ORUNKOLE PHASE II, LOBURO",NEW PU,576,17428,343466
27,OGUN,15,OBAFEMI/OWODE,02,OFADA,087,27/15/02/087,"OPEN SPACE AT TURAYA JUNCTION, INSIDE LOBURO",NEW PU,576,17428,343467
27,OGUN,15,OBAFEMI/OWODE,02,OFADA,088,27/15/02/088,"OPEN SPACE AT BARAKA JUNCTION, LOBURO PHASE II",NEW PU,576,17428,343468
27,OGUN,15,OBAFEMI/OWODE,02,OFADA,089,27/15/02/089,OPEN SPACE AT HIGHER GROUND LOBURO,NEW PU,576,17428,343469
27,OGUN,15,OBAFEMI/OWODE,02,OFADA,090,27/15/02/090,"OPEN SPACE AT OBA BI OLORUN KOSI JUNCTION, ORIMERUNMU",NEW PU,576,17428,343470
27,OGUN,15,OBAFEMI/OWODE,02,OFADA,091,27/15/02/091,"OPEN SPACE AT GOSHEN JUNCTION, ORITA FEDERAL, ORIMERUNMU",NEW PU,576,17428,343471
27,OGUN,15,OBAFEMI/OWODE,02,OFADA,092,27/15/02/092,"OPEN SPACE AT JABUTU JUNCTION, ORIMERUNMU",NEW PU,576,17428,343472
27,OGUN,15,OBAFEMI/OWODE,02,OFADA,093,27/15/02/093,"OPEN SPACE AT OLUNLOYO STR., IBAFO",NEW PU,576,17428,343473
27,OGUN,15,OBAFEMI/OWODE,02,OFADA,094,27/15/02/094,"OPEN SPACE AT WISDOM ESTATE GATE, SEFU ROAD",NEW PU,576,17428,343474
27,OGUN,15,OBAFEMI/OWODE,02,OFADA,095,27/15/02/095,"OPEN SPACE AT OKE SEFU, ELELEDE JUNCTION, IBAFO",NEW PU,576,17428,343475
27,OGUN,15,OBAFEMI/OWODE,02,OFADA,096,27/15/02/096,"OPEN SPACE AT ORITA SEFU ELELEDE,TRANSFORMER JUNCTION,IBAFO",NEW PU,576,17428,343476
27,OGUN,15,OBAFEMI/OWODE,02,OFADA,097,27/15/02/097,"OPEN SPACE AT SANMONA AKINSANYA STR., IBAFO",NEW PU,576,17428,343477
27,OGUN,15,OBAFEMI/OWODE,02,OFADA,098,27/15/02/098,"OPEN SPACE AT SOTE TOWN BEHIND TRANSFORMER, IBAFO",NEW PU,576,17428,343478
27,OGUN,15,OBAFEMI/OWODE,02,OFADA,099,27/15/02/099,"OPEN SPACE AT MAGADA GATE, IBAFO",NEW PU,576,17428,343479
27,OGUN,15,OBAFEMI/OWODE,02,OFADA,100,27/15/02/100,"OPEN SPACE AT CATHOLIC JUNCTION, IBAFO",NEW PU,576,17428,343480
27,OGUN,15,OBAFEMI/OWODE,02,OFADA,101,27/15/02/101,"OPEN SPACE AT KWARA MOGEDE JUNCTION, TRANSFORMER, IBAFO",NEW PU,576,17428,343481
27,OGUN,15,OBAFEMI/OWODE,02,OFADA,102,27/15/02/102,"OPEN SPACE AT EREKO JUNCTION,IBAFO",NEW PU,576,17428,343482
27,OGUN,15,OBAFEMI/OWODE,02,OFADA,103,27/15/02/103,"OPEN SPACE AT ONDO STR., IJESHA ISU, MOWE",NEW PU,576,17428,343483
27,OGUN,15,OBAFEMI/OWODE,02,OFADA,104,27/15/02/104,COMMUNITY HALL IMEDU,NEW PU,576,17428,343484
27,OGUN,15,OBAFEMI/OWODE,02,OFADA,105,27/15/02/105,"OPEN SPACE AT IRE AKARI STR., MOWE",NEW PU,576,17428,343485
27,OGUN,15,OBAFEMI/OWODE,02,OFADA,106,27/15/02/106,OPEN SPACE AT ALASCO AVENUE MOWE,NEW PU,576,17428,343486
27,OGUN,15,OBAFEMI/OWODE,02,OFADA,107,27/15/02/107,"T-JUNCTION OTITO-LERE QTRS, OGUNRUN, ELETU, MOWE",NEW PU,576,17428,343487
27,OGUN,15,OBAFEMI/OWODE,02,OFADA,108,27/15/02/108,"OPEN SPACE AT GREATER ZION ESTATE, OGUNRUN ROAD, MOWE",NEW PU,576,17428,343488
27,OGUN,15,OBAFEMI/OWODE,02,OFADA,109,27/15/02/109,"OPEN SPACE AT SOKEYE ESTATE, OGUNRUN",NEW PU,576,17428,343489
27,OGUN,15,OBAFEMI/OWODE,02,OFADA,110,27/15/02/110,"OPEN SPACE AT IYA IJEBU BUS STOP,",NEW PU,576,17428,343490
27,OGUN,15,OBAFEMI/OWODE,02,OFADA,111,27/15/02/111,"OPEN SPACE AT T-JUNCTION, SEINDE ALAKIJA",NEW PU,576,17428,343491
27,OGUN,15,OBAFEMI/OWODE,02,OFADA,112,27/15/02/112,OPEN SPACE AT IDI-OBI PAKURO ROAD,NEW PU,576,17428,343492
27,OGUN,15,OBAFEMI/OWODE,02,OFADA,113,27/15/02/113,"OPEN SPACE AT SOBOWALE JUNCTION,OKE AFA MAGBORO",NEW PU,576,17428,343493
27,OGUN,15,OBAFEMI/OWODE,02,OFADA,114,27/15/02/114,"OPEN SPACE AT T-JUNCTION REDSTAR ESTATE JUNCTION, OLOWOFELA,OKE AFA",NEW PU,576,17428,343494
27,OGUN,15,OBAFEMI/OWODE,02,OFADA,115,27/15/02/115,"OPEN SPACE AT DIAMOND ESTATE, OKE AFA MAGBORO",NEW PU,576,17428,343495
27,OGUN,15,OBAFEMI/OWODE,02,OFADA,116,27/15/02/116,"OPEN SPACE AT POWERLINE KAJOLA,OKEAFA, MAGBORO",NEW PU,576,17428,343496
27,OGUN,15,OBAFEMI/OWODE,02,OFADA,117,27/15/02/117,MARKET SQUARE ABULE OKO MAGBORO,NEW PU,576,17428,343497
27,OGUN,15,OBAFEMI/OWODE,02,OFADA,118,27/15/02/118,"OPEN SPACE AT ABULE OKO POWERLINE OKE AYO GATE, MAGBORO",NEW PU,576,17428,343498
27,OGUN,15,OBAFEMI/OWODE,02,OFADA,119,27/15/02/119,"OPEN SPACE AT GASLINE ROAD, BACK OF AKINTADE GATE,MAGBORO",NEW PU,576,17428,343499
27,OGUN,15,OBAFEMI/OWODE,02,OFADA,120,27/15/02/120,"OPEN SPACE AT VICTORY ARENA ESTATE GATE, MAGBORO",NEW PU,576,17428,343500
27,OGUN,15,OBAFEMI/OWODE,02,OFADA,121,27/15/02/121,"OPEN SPACE OPP. TRANSFORMER, TOSHO JUNCTION, MAGBORO",NEW PU,576,17428,343501
27,OGUN,15,OBAFEMI/OWODE,02,OFADA,122,27/15/02/122,"OPEN SPACE BEHIND PEACELAND ESTATE, AREPO",NEW PU,576,17428,343502
27,OGUN,15,OBAFEMI/OWODE,02,OFADA,123,27/15/02/123,"OPEN SPACE AT BEACHLAND ROUNDABOUT AREPO,",NEW PU,576,17428,343503
27,OGUN,15,OBAFEMI/OWODE,02,OFADA,124,27/15/02/124,"OPEN SPACE AT EMBASSY JUNCTION, AREPO",NEW PU,576,17428,343504
27,OGUN,15,OBAFEMI/OWODE,02,OFADA,125,27/15/02/125,OPEN SPACE BEHIND TRANSFORMER PAPA ALFA,NEW PU,576,17428,343505
27,OGUN,15,OBAFEMI/OWODE,02,OFADA,126,27/15/02/126,OPEN SPACE AT POWERLINE JUNCTION ASESE,NEW PU,576,17428,343506
27,OGUN,15,OBAFEMI/OWODE,03,OWODE,001,27/15/03/001,ALL SAINTS SCHOOL I -OWODE  I,EXISTING PU,576,17429,343507
27,OGUN,15,OBAFEMI/OWODE,03,OWODE,002,27/15/03/002,"ALL SAINTS SCHOOL I, OWODE  II",EXISTING PU,576,17429,343508
27,OGUN,15,OBAFEMI/OWODE,03,OWODE,003,27/15/03/003,"ALL SAINTS SCHOOL I, OWODE  III",EXISTING PU,576,17429,343509
27,OGUN,15,OBAFEMI/OWODE,03,OWODE,004,27/15/03/004,"ALL SAINTS SCHOOL II, OWODE I",EXISTING PU,576,17429,343510
27,OGUN,15,OBAFEMI/OWODE,03,OWODE,005,27/15/03/005,"ALL SAINTS SCHOOL II, OWODE II",EXISTING PU,576,17429,343511
27,OGUN,15,OBAFEMI/OWODE,03,OWODE,006,27/15/03/006,"MARKET STALL, GELEODUN",EXISTING PU,576,17429,343512
27,OGUN,15,OBAFEMI/OWODE,03,OWODE,007,27/15/03/007,A/C SCHOOL AKINBO,EXISTING PU,576,17429,343513
27,OGUN,15,OBAFEMI/OWODE,03,OWODE,008,27/15/03/008,A.U.D. SCHOOL SOMEKE,EXISTING PU,576,17429,343514
27,OGUN,15,OBAFEMI/OWODE,03,OWODE,009,27/15/03/009,"O.O.L.G. SCHOOL, OLOWOKOJEBI",EXISTING PU,576,17429,343515
27,OGUN,15,OBAFEMI/OWODE,03,OWODE,010,27/15/03/010,"A/C SCHOOL, ORILE-IGBEIN I",EXISTING PU,576,17429,343516
27,OGUN,15,OBAFEMI/OWODE,03,OWODE,011,27/15/03/011,"A/C SCHOOL, ORILE-IGBEIN II",EXISTING PU,576,17429,343517
27,OGUN,15,OBAFEMI/OWODE,03,OWODE,012,27/15/03/012,"A/C SCHOOL, IBOKU ARO",EXISTING PU,576,17429,343518
27,OGUN,15,OBAFEMI/OWODE,03,OWODE,013,27/15/03/013,"O.O.L.G. SCHOOL, KORISA",EXISTING PU,576,17429,343519
27,OGUN,15,OBAFEMI/OWODE,03,OWODE,014,27/15/03/014,FRONT OF DISP. ISALE OWODE  I,EXISTING PU,576,17429,343520
27,OGUN,15,OBAFEMI/OWODE,03,OWODE,015,27/15/03/015,FRONT OF DISP. ISALE OWODE II,EXISTING PU,576,17429,343521
27,OGUN,15,OBAFEMI/OWODE,03,OWODE,016,27/15/03/016,SOGOYE SQUARE OWODE,EXISTING PU,576,17429,343522
27,OGUN,15,OBAFEMI/OWODE,03,OWODE,017,27/15/03/017,"ST. MICH. ANG. SCHOOL, LUFUWAPE  I",EXISTING PU,576,17429,343523
27,OGUN,15,OBAFEMI/OWODE,03,OWODE,018,27/15/03/018,"ST. MICH. ANG. SCHOOL, LUFUWAPE  II",EXISTING PU,576,17429,343524
27,OGUN,15,OBAFEMI/OWODE,03,OWODE,019,27/15/03/019,FRONT OF ELESHIN'S HOUSE EGURU,EXISTING PU,576,17429,343525
27,OGUN,15,OBAFEMI/OWODE,03,OWODE,020,27/15/03/020,N.U.D SCHOOL OWODE,EXISTING PU,576,17429,343526
27,OGUN,15,OBAFEMI/OWODE,03,OWODE,021,27/15/03/021,AFRICAN CHURCH OGIDAN,EXISTING PU,576,17429,343527
27,OGUN,15,OBAFEMI/OWODE,03,OWODE,022,27/15/03/022,"OWODE HIGH SCH., OWODE",EXISTING PU,576,17429,343528
27,OGUN,15,OBAFEMI/OWODE,03,OWODE,023,27/15/03/023,OPEN SPACE BESIDE GENERAL HOSIPTAL ARAROMI,NEW PU,576,17429,343529
27,OGUN,15,OBAFEMI/OWODE,03,OWODE,024,27/15/03/024,OPEN SPACE AT AGBAAKIN ROAD JUNCTION ILEKE,NEW PU,576,17429,343530
27,OGUN,15,OBAFEMI/OWODE,03,OWODE,025,27/15/03/025,OPEN SPACE AT LOCAL GOVT CO-OPERATIVE ZONAL OFFICE OWODE,NEW PU,576,17429,343531
27,OGUN,15,OBAFEMI/OWODE,03,OWODE,026,27/15/03/026,OPEN SPACE AT ALAHA OKE JUNCTION RING ROAD,NEW PU,576,17429,343532
27,OGUN,15,OBAFEMI/OWODE,03,OWODE,027,27/15/03/027,OPEN SPACE AT OLABITAN HOSPITAL JUNCTION OWODE SCHOOL ROAD,NEW PU,576,17429,343533
27,OGUN,15,OBAFEMI/OWODE,03,OWODE,028,27/15/03/028,OPEN SPACE AT SCH ROAD JUNCTION OWODE,NEW PU,576,17429,343534
27,OGUN,15,OBAFEMI/OWODE,03,OWODE,029,27/15/03/029,OPEN SPACE BESIDE WATER CO-OPERATION,NEW PU,576,17429,343535
27,OGUN,15,OBAFEMI/OWODE,03,OWODE,030,27/15/03/030,OPEN SPACE AT ORILE ITORI ODO JUNCTION,NEW PU,576,17429,343536
27,OGUN,15,OBAFEMI/OWODE,03,OWODE,031,27/15/03/031,OPEN SPACE AT BALOGUN NEAR SO-SAVE CO-OPERATION,NEW PU,576,17429,343537
27,OGUN,15,OBAFEMI/OWODE,03,OWODE,032,27/15/03/032,OPEN SPACE AT ARIWO JUNCTION OWODE,NEW PU,576,17429,343538
27,OGUN,15,OBAFEMI/OWODE,03,OWODE,033,27/15/03/033,OPEN SPACE AT BALUFE T-JUNCTION,NEW PU,576,17429,343539
27,OGUN,15,OBAFEMI/OWODE,03,OWODE,034,27/15/03/034,"OPEN SPACE AT SOMIDE ESTATE, OWODE",NEW PU,576,17429,343540
27,OGUN,15,OBAFEMI/OWODE,03,OWODE,036,27/15/03/036,"OPEN SPACE AT T-JUNCTION, LUGBOKO VILLAGE",NEW PU,576,17429,343541
27,OGUN,15,OBAFEMI/OWODE,03,OWODE,037,27/15/03/037,"OPEN SPACE AT SOLID ROCK FOUNDATION JUNCTION, ELERE",NEW PU,576,17429,343542
27,OGUN,15,OBAFEMI/OWODE,03,OWODE,038,27/15/03/038,"FRONT OF LOCAL GOVERNMENT STAFF QUARTERS,OWODE",NEW PU,576,17429,343543
27,OGUN,15,OBAFEMI/OWODE,03,OWODE,039,27/15/03/039,"OPEN SPACE AT T-JUNCTION OKE ODO KOSELU, SOMEKE",NEW PU,576,17429,343544
27,OGUN,15,OBAFEMI/OWODE,04,AJURA,001,27/15/04/001,"ST. PETERS SCHOOL, SIUN  I",EXISTING PU,576,17430,343545
27,OGUN,15,OBAFEMI/OWODE,04,AJURA,002,27/15/04/002,"ST. PETERS SCHOOL, SIUN  II",EXISTING PU,576,17430,343546
27,OGUN,15,OBAFEMI/OWODE,04,AJURA,003,27/15/04/003,"ST. JOHN SCHOOL, AJURA  I",EXISTING PU,576,17430,343547
27,OGUN,15,OBAFEMI/OWODE,04,AJURA,004,27/15/04/004,"ST. JOHN SCHOOL, AJURA  II",EXISTING PU,576,17430,343548
27,OGUN,15,OBAFEMI/OWODE,04,AJURA,005,27/15/04/005,"A/C SCHOOL, OTUNBA",EXISTING PU,576,17430,343549
27,OGUN,15,OBAFEMI/OWODE,04,AJURA,006,27/15/04/006,"COMM. SCH, ORITA IJAYE I",EXISTING PU,576,17430,343550
27,OGUN,15,OBAFEMI/OWODE,04,AJURA,007,27/15/04/007,"COMM. SCH, ORITA IJAYE II",EXISTING PU,576,17430,343551
27,OGUN,15,OBAFEMI/OWODE,04,AJURA,008,27/15/04/008,ST. PETER  ANG. SCH. IKANNA BALOGUN  I,EXISTING PU,576,17430,343552
27,OGUN,15,OBAFEMI/OWODE,04,AJURA,009,27/15/04/009,"ST. PETER ANG. SCH, IKANNA BALOGUN II",EXISTING PU,576,17430,343553
27,OGUN,15,OBAFEMI/OWODE,04,AJURA,010,27/15/04/010,"ST.PETERS SCH.,AWO APENA",EXISTING PU,576,17430,343554
27,OGUN,15,OBAFEMI/OWODE,04,AJURA,011,27/15/04/011,"N.U.D. SCHOOL, ORILE - IMO I",EXISTING PU,576,17430,343555
27,OGUN,15,OBAFEMI/OWODE,04,AJURA,012,27/15/04/012,"N.U.D. SCHOOL, ORILE - IMO II",EXISTING PU,576,17430,343556
27,OGUN,15,OBAFEMI/OWODE,04,AJURA,013,27/15/04/013,EREDO ALASE VILLAGE SQUARE,EXISTING PU,576,17430,343557
27,OGUN,15,OBAFEMI/OWODE,04,AJURA,014,27/15/04/014,"O.O.L.G. SCHOOL, POTOKI",EXISTING PU,576,17430,343558
27,OGUN,15,OBAFEMI/OWODE,04,AJURA,015,27/15/04/015,"ANG. SCHOOL,  SEMORE  I",EXISTING PU,576,17430,343559
27,OGUN,15,OBAFEMI/OWODE,04,AJURA,016,27/15/04/016,"ANG. SCHOOL,  SEMORE  II",EXISTING PU,576,17430,343560
27,OGUN,15,OBAFEMI/OWODE,04,AJURA,017,27/15/04/017,OPEN SPACE AT SERIKI VILLAGE,EXISTING PU,576,17430,343561
27,OGUN,15,OBAFEMI/OWODE,04,AJURA,018,27/15/04/018,IKANNA OLUWO,EXISTING PU,576,17430,343562
27,OGUN,15,OBAFEMI/OWODE,04,AJURA,019,27/15/04/019,MARKET SQUARE SIUN,NEW PU,576,17430,343563
27,OGUN,15,OBAFEMI/OWODE,04,AJURA,020,27/15/04/020,OPEN SPACE AT BARA TOWN JUNCTION,NEW PU,576,17430,343564
27,OGUN,15,OBAFEMI/OWODE,05,MOLOKO-ASIPA,001,27/15/05/001,"UNITED ANG. SCHOOL, MOLOKO - ASIPA  I",EXISTING PU,576,17431,343565
27,OGUN,15,OBAFEMI/OWODE,05,MOLOKO-ASIPA,002,27/15/05/002,"UNITED ANG. SCHOOL, MOLOKO - ASIPA  II",EXISTING PU,576,17431,343566
27,OGUN,15,OBAFEMI/OWODE,05,MOLOKO-ASIPA,003,27/15/05/003,"O.O.L.G. SCHOOL, OBA SERIKI",EXISTING PU,576,17431,343567
27,OGUN,15,OBAFEMI/OWODE,05,MOLOKO-ASIPA,004,27/15/05/004,"ARAROMI MARKET, ASU",EXISTING PU,576,17431,343568
27,OGUN,15,OBAFEMI/OWODE,05,MOLOKO-ASIPA,005,27/15/05/005,"COMMUNITY HALL, KOBAPE",EXISTING PU,576,17431,343569
27,OGUN,15,OBAFEMI/OWODE,05,MOLOKO-ASIPA,006,27/15/05/006,"O.O.L.G. SCHOOL, MOGBAFOFO",EXISTING PU,576,17431,343570
27,OGUN,15,OBAFEMI/OWODE,05,MOLOKO-ASIPA,007,27/15/05/007,"A/C SCHOOL, OSIKI",EXISTING PU,576,17431,343571
27,OGUN,15,OBAFEMI/OWODE,05,MOLOKO-ASIPA,008,27/15/05/008,"R.C.M. SCHOOL, IDOWU OFONRAN",EXISTING PU,576,17431,343572
27,OGUN,15,OBAFEMI/OWODE,05,MOLOKO-ASIPA,009,27/15/05/009,"O.O.L.G. SCHOOL, ARO-ERE",EXISTING PU,576,17431,343573
27,OGUN,15,OBAFEMI/OWODE,05,MOLOKO-ASIPA,010,27/15/05/010,"ANG. PRY. SCHOOL, ONIPEPEYE",EXISTING PU,576,17431,343574
27,OGUN,15,OBAFEMI/OWODE,05,MOLOKO-ASIPA,011,27/15/05/011,N.U.D. PRY. SCH. MAGBAGBODUN,EXISTING PU,576,17431,343575
27,OGUN,15,OBAFEMI/OWODE,05,MOLOKO-ASIPA,012,27/15/05/012,OPEN SPACE AT IMO EMULU,EXISTING PU,576,17431,343576
27,OGUN,15,OBAFEMI/OWODE,05,MOLOKO-ASIPA,013,27/15/05/013,OPEN SPACE AT OKUSAN VILLAGE,EXISTING PU,576,17431,343577
27,OGUN,15,OBAFEMI/OWODE,05,MOLOKO-ASIPA,014,27/15/05/014,OPEN SPACE AT LIBEGUN VILLAGE,EXISTING PU,576,17431,343578
27,OGUN,15,OBAFEMI/OWODE,05,MOLOKO-ASIPA,015,27/15/05/015,"AFRICAN CHURCH PRY SCH., KEREWU KOBAPE",NEW PU,576,17431,343579
27,OGUN,15,OBAFEMI/OWODE,05,MOLOKO-ASIPA,016,27/15/05/016,OPEN SPACE AT IGA-IJEMO VILLAGE MOLOKO-ASIPA,NEW PU,576,17431,343580
27,OGUN,15,OBAFEMI/OWODE,06,ONIDUNDU,001,27/15/06/001,"CHRIST ANG. SCH., AFOJUPANLA",EXISTING PU,576,17432,343581
27,OGUN,15,OBAFEMI/OWODE,06,ONIDUNDU,002,27/15/06/002,"A/C SCHOOL, SOSERI",EXISTING PU,576,17432,343582
27,OGUN,15,OBAFEMI/OWODE,06,ONIDUNDU,003,27/15/06/003,"FRONT OF MATERNITY CENTRE, ONIDUNDU",EXISTING PU,576,17432,343583
27,OGUN,15,OBAFEMI/OWODE,06,ONIDUNDU,004,27/15/06/004,"VILLAGE SQUARE, SOWUNMI",EXISTING PU,576,17432,343584
27,OGUN,15,OBAFEMI/OWODE,06,ONIDUNDU,005,27/15/06/005,"A/C SCHOOL, OROGBO - LAMODI",EXISTING PU,576,17432,343585
27,OGUN,15,OBAFEMI/OWODE,06,ONIDUNDU,006,27/15/06/006,"A/C SCHOOL, LALOKO",EXISTING PU,576,17432,343586
27,OGUN,15,OBAFEMI/OWODE,06,ONIDUNDU,007,27/15/06/007,"O.O.L.G. SCHOOL, OGBE, ODUJOKO",EXISTING PU,576,17432,343587
27,OGUN,15,OBAFEMI/OWODE,06,ONIDUNDU,008,27/15/06/008,"A/C SCHOOL, MUSIN ORE",EXISTING PU,576,17432,343588
27,OGUN,15,OBAFEMI/OWODE,06,ONIDUNDU,009,27/15/06/009,"O.O.L.G. SCHOOL, AJANA - LIYEBI",EXISTING PU,576,17432,343589
27,OGUN,15,OBAFEMI/OWODE,06,ONIDUNDU,010,27/15/06/010,IJEMO LUSI (SCHOOL),EXISTING PU,576,17432,343590
27,OGUN,15,OBAFEMI/OWODE,06,ONIDUNDU,011,27/15/06/011,OPEN SPACE AT AKISAN VILLAGE,EXISTING PU,576,17432,343591
27,OGUN,15,OBAFEMI/OWODE,06,ONIDUNDU,012,27/15/06/012,OPEN SPACE AT OMUN VILLAGE,EXISTING PU,576,17432,343592
27,OGUN,15,OBAFEMI/OWODE,06,ONIDUNDU,013,27/15/06/013,OPEN SPACE AT ERINFUNOKE VILLAGE,EXISTING PU,576,17432,343593
27,OGUN,15,OBAFEMI/OWODE,07,OBA,001,27/15/07/001,"CHRIST ANG. SCHOOL, OBA  I",EXISTING PU,576,17433,343594
27,OGUN,15,OBAFEMI/OWODE,07,OBA,002,27/15/07/002,"CHRIST ANG. SCHOOL, OBA  II",EXISTING PU,576,17433,343595
27,OGUN,15,OBAFEMI/OWODE,07,OBA,003,27/15/07/003,O.O.L.G SCH SODUBI,EXISTING PU,576,17433,343596
27,OGUN,15,OBAFEMI/OWODE,07,OBA,004,27/15/07/004,"ST. MATT. ANG. SCH., LADEMO I",EXISTING PU,576,17433,343597
27,OGUN,15,OBAFEMI/OWODE,07,OBA,005,27/15/07/005,"ST. MATT. ANG. SCH., LADEMO  II",EXISTING PU,576,17433,343598
27,OGUN,15,OBAFEMI/OWODE,07,OBA,006,27/15/07/006,"ST, PETER ANG. SCHOOL SAARE",EXISTING PU,576,17433,343599
27,OGUN,15,OBAFEMI/OWODE,07,OBA,007,27/15/07/007,"O.O.L.G. SCHOOL AJADE, OGUNDIPE",EXISTING PU,576,17433,343600
27,OGUN,15,OBAFEMI/OWODE,07,OBA,008,27/15/07/008,"A/C SCH. ODANA, ASAPONDE",EXISTING PU,576,17433,343601
27,OGUN,15,OBAFEMI/OWODE,07,OBA,009,27/15/07/009,"O.O.L.G. SCHOOL, ADIGBE I",EXISTING PU,576,17433,343602
27,OGUN,15,OBAFEMI/OWODE,07,OBA,010,27/15/07/010,"O.O.L.G. SCHOOL, ADIGBE II",EXISTING PU,576,17433,343603
27,OGUN,15,OBAFEMI/OWODE,07,OBA,011,27/15/07/011,OLUWO VILLAGE VIA ONIKOLOBO,EXISTING PU,576,17433,343604
27,OGUN,15,OBAFEMI/OWODE,07,OBA,012,27/15/07/012,OPEN SPACE AT ERITI VILLAGE,EXISTING PU,576,17433,343605
27,OGUN,15,OBAFEMI/OWODE,07,OBA,013,27/15/07/013,"R.C.M. SCHOOL, OLUWO-OKE I",EXISTING PU,576,17433,343606
27,OGUN,15,OBAFEMI/OWODE,07,OBA,014,27/15/07/014,"R.C.M. SCHOOL, OLUWO-OKE II",EXISTING PU,576,17433,343607
27,OGUN,15,OBAFEMI/OWODE,07,OBA,015,27/15/07/015,"VILLAGE SQUARE, IGBOMEKU",EXISTING PU,576,17433,343608
27,OGUN,15,OBAFEMI/OWODE,07,OBA,016,27/15/07/016,ST. PAUL PRY. SCH. OKE-OGBUN,EXISTING PU,576,17433,343609
27,OGUN,15,OBAFEMI/OWODE,07,OBA,017,27/15/07/017,VILLAGE SQUARE SOGBAMU,EXISTING PU,576,17433,343610
27,OGUN,15,OBAFEMI/OWODE,07,OBA,018,27/15/07/018,PRY. SCH. AGODO,EXISTING PU,576,17433,343611
27,OGUN,15,OBAFEMI/OWODE,07,OBA,019,27/15/07/019,OPEN SPACE  NEAR ALH. ADEGBENRO'S HOUSE,EXISTING PU,576,17433,343612
27,OGUN,15,OBAFEMI/OWODE,07,OBA,020,27/15/07/020,OPEN SPACE ALH. AJIA'S HOUSE(OPP.),EXISTING PU,576,17433,343613
27,OGUN,15,OBAFEMI/OWODE,07,OBA,021,27/15/07/021,OPEN SPACE AT ADEDOTUN VILLAGE,EXISTING PU,576,17433,343614
27,OGUN,15,OBAFEMI/OWODE,07,OBA,022,27/15/07/022,POLY GATE OJERE,EXISTING PU,576,17433,343615
27,OGUN,15,OBAFEMI/OWODE,07,OBA,023,27/15/07/023,O.O.L.G.SCHOOL ADIGBE III,EXISTING PU,576,17433,343616
27,OGUN,15,OBAFEMI/OWODE,07,OBA,024,27/15/07/024,O.O.L.G.SCHOOL ADIGBE IV,EXISTING PU,576,17433,343617
27,OGUN,15,OBAFEMI/OWODE,07,OBA,025,27/15/07/025,OOLG SCHOOL OBA,NEW PU,576,17433,343618
27,OGUN,15,OBAFEMI/OWODE,07,OBA,026,27/15/07/026,OPEN SPACE AT IRIN MARKET OBA,NEW PU,576,17433,343619
27,OGUN,15,OBAFEMI/OWODE,07,OBA,027,27/15/07/027,OPEN SPACE OPP. GREENLAND ACADEMY SODUBI,NEW PU,576,17433,343620
27,OGUN,15,OBAFEMI/OWODE,07,OBA,028,27/15/07/028,OPEN SPACE AT PLATINUM HOTEL INUKONU STR.,NEW PU,576,17433,343621
27,OGUN,15,OBAFEMI/OWODE,07,OBA,029,27/15/07/029,OPEN SPACE AT ASIRIBO JUNCTION ADIGBE,NEW PU,576,17433,343622
27,OGUN,15,OBAFEMI/OWODE,07,OBA,030,27/15/07/030,OPEN SPACE AT KEHINDE MARTINS THOMAS ESTATE EXTENSION OJERE,NEW PU,576,17433,343623
27,OGUN,15,OBAFEMI/OWODE,07,OBA,031,27/15/07/031,OPEN SPACE AT BIG MASTER JUNCTION ADIGBE,NEW PU,576,17433,343624
27,OGUN,15,OBAFEMI/OWODE,07,OBA,032,27/15/07/032,OPEN SPACE BESIDE OLD RAILWAY JUNCTION,NEW PU,576,17433,343625
27,OGUN,15,OBAFEMI/OWODE,07,OBA,033,27/15/07/033,OPEN SPACE AT TEMITOPE OPAKO,NEW PU,576,17433,343626
27,OGUN,15,OBAFEMI/OWODE,07,OBA,034,27/15/07/034,OPEN SPACE OPP. BAALE AKINTIBUBO CRESCENT OKE-ODO JAPO,NEW PU,576,17433,343627
27,OGUN,15,OBAFEMI/OWODE,07,OBA,035,27/15/07/035,OPEN SPACE AT ASIPA JUNCTION BESIDE TRANSFORMER SHOGBAMU ROAD,NEW PU,576,17433,343628
27,OGUN,15,OBAFEMI/OWODE,07,OBA,036,27/15/07/036,"OPEN SPACE AT T-JUNCTION,ODEMO",NEW PU,576,17433,343629
27,OGUN,15,OBAFEMI/OWODE,07,OBA,037,27/15/07/037,OPEN SPACE AT T-JUNCTION STREET ABULE OBA ADIGBE,NEW PU,576,17433,343630
27,OGUN,15,OBAFEMI/OWODE,07,OBA,038,27/15/07/038,OPEN SPACE UNDER R-POWERLINE OLOPE ABULE OJERE,NEW PU,576,17433,343631
27,OGUN,15,OBAFEMI/OWODE,08,EGBEDA,001,27/15/08/001,"O.O.L.G. SCHOOL, AYEROSE",EXISTING PU,576,17434,343632
27,OGUN,15,OBAFEMI/OWODE,08,EGBEDA,002,27/15/08/002,"O.O.L.G. SCHOOL, EGBEDA",EXISTING PU,576,17434,343633
27,OGUN,15,OBAFEMI/OWODE,08,EGBEDA,003,27/15/08/003,"O.O.L.G. SCHOOL, MASA",EXISTING PU,576,17434,343634
27,OGUN,15,OBAFEMI/OWODE,08,EGBEDA,004,27/15/08/004,"ST. JAMES  ANG. SCH, OTOTO I",EXISTING PU,576,17434,343635
27,OGUN,15,OBAFEMI/OWODE,08,EGBEDA,005,27/15/08/005,"ST. JAMES  ANG. SCH, OTOTO II",EXISTING PU,576,17434,343636
27,OGUN,15,OBAFEMI/OWODE,08,EGBEDA,006,27/15/08/006,VILLAGE SQUARE ELEFUN,EXISTING PU,576,17434,343637
27,OGUN,15,OBAFEMI/OWODE,08,EGBEDA,007,27/15/08/007,"ST. PETER ANG. SCH., IGBO-ITOKU",EXISTING PU,576,17434,343638
27,OGUN,15,OBAFEMI/OWODE,08,EGBEDA,008,27/15/08/008,"ST. PETERS ANG. SCH, AGBANGBA",EXISTING PU,576,17434,343639
27,OGUN,15,OBAFEMI/OWODE,08,EGBEDA,009,27/15/08/009,ADEDERO MARKET AREA,EXISTING PU,576,17434,343640
27,OGUN,15,OBAFEMI/OWODE,08,EGBEDA,010,27/15/08/010,"O.O.L.G. SCH., AGBOKE-LUKARI",EXISTING PU,576,17434,343641
27,OGUN,15,OBAFEMI/OWODE,08,EGBEDA,011,27/15/08/011,OPEN SPACE AT NLEMO VILLAGE,EXISTING PU,576,17434,343642
27,OGUN,15,OBAFEMI/OWODE,08,EGBEDA,012,27/15/08/012,JAGUNA ITOKU VILLAGE (JAGAN ILOKO VILLAGE),EXISTING PU,576,17434,343643
27,OGUN,15,OBAFEMI/OWODE,08,EGBEDA,013,27/15/08/013,OPEN SPACE AT OPP TRANSFORMER AT ABULE-OKE JUNCTION,NEW PU,576,17434,343644
27,OGUN,15,OBAFEMI/OWODE,08,EGBEDA,014,27/15/08/014,OPEN SPACE AT WATER CORPORATION LADERIN JUNCTION,NEW PU,576,17434,343645
27,OGUN,15,OBAFEMI/OWODE,08,EGBEDA,015,27/15/08/015,"COMMUNITY TOWN HALL, WASIMI ARAROMI AJEBO ROAD",NEW PU,576,17434,343646
27,OGUN,15,OBAFEMI/OWODE,09,KAJOLA,001,27/15/09/001,"ST. PETER A/C SCHOOL, AJIBAYO",EXISTING PU,576,17435,343647
27,OGUN,15,OBAFEMI/OWODE,09,KAJOLA,002,27/15/09/002,"METHODIST SCHOOL OYERO, IKOSOFE",EXISTING PU,576,17435,343648
27,OGUN,15,OBAFEMI/OWODE,09,KAJOLA,003,27/15/09/003,"ST. JAMES SCHOOL, KAJOLA",EXISTING PU,576,17435,343649
27,OGUN,15,OBAFEMI/OWODE,09,KAJOLA,004,27/15/09/004,"O.O.L.G. SCHOOL, IDI OSAN",EXISTING PU,576,17435,343650
27,OGUN,15,OBAFEMI/OWODE,09,KAJOLA,005,27/15/09/005,"ANG. SCHOOL, KUTI",EXISTING PU,576,17435,343651
27,OGUN,15,OBAFEMI/OWODE,09,KAJOLA,006,27/15/09/006,"ANG. SCHOOL, ODO-IJESA",EXISTING PU,576,17435,343652
27,OGUN,15,OBAFEMI/OWODE,09,KAJOLA,007,27/15/09/007,"ANG. SCHOOL, ABERU AGBA  I",EXISTING PU,576,17435,343653
27,OGUN,15,OBAFEMI/OWODE,09,KAJOLA,008,27/15/09/008,"ANG. SCHOOL, ABERU AGBA  II",EXISTING PU,576,17435,343654
27,OGUN,15,OBAFEMI/OWODE,09,KAJOLA,009,27/15/09/009,"PRY. SCHOOL, ISAN-ONIGBAGBO",EXISTING PU,576,17435,343655
27,OGUN,15,OBAFEMI/OWODE,09,KAJOLA,010,27/15/09/010,OPEN SPACE AT ALAPAKO VILLAGE,EXISTING PU,576,17435,343656
27,OGUN,15,OBAFEMI/OWODE,09,KAJOLA,011,27/15/09/011,OPEN SPACE AT SOONU VILLAGE,EXISTING PU,576,17435,343657
27,OGUN,15,OBAFEMI/OWODE,09,KAJOLA,012,27/15/09/012,OPEN SPACE AT KAJOLA MARKET BESIDE TRANSFORMER,NEW PU,576,17435,343658
27,OGUN,15,OBAFEMI/OWODE,10,OBAFEMI,001,27/15/10/001,"CENTRAL SCHOOL, OBAFEMI I",EXISTING PU,576,17436,343659
27,OGUN,15,OBAFEMI/OWODE,10,OBAFEMI,002,27/15/10/002,"CENTRAL SCHOOL, OBAFEMI II",EXISTING PU,576,17436,343660
27,OGUN,15,OBAFEMI/OWODE,10,OBAFEMI,003,27/15/10/003,"FRONT OF DISPENSARY, IGBARI - AKE",EXISTING PU,576,17436,343661
27,OGUN,15,OBAFEMI/OWODE,10,OBAFEMI,004,27/15/10/004,ANG. SCH. ALAHA  I,EXISTING PU,576,17436,343662
27,OGUN,15,OBAFEMI/OWODE,10,OBAFEMI,005,27/15/10/005,ANG. SCH. ALAHA  II,EXISTING PU,576,17436,343663
27,OGUN,15,OBAFEMI/OWODE,10,OBAFEMI,006,27/15/10/006,"ST. PETERS ANG. SCH.,ILOGBO-OLOFIN",EXISTING PU,576,17436,343664
27,OGUN,15,OBAFEMI/OWODE,10,OBAFEMI,007,27/15/10/007,"O.O.L.G. SCHOOL, APENA ERUNBE",EXISTING PU,576,17436,343665
27,OGUN,15,OBAFEMI/OWODE,10,OBAFEMI,008,27/15/10/008,"ST. THERESA R.C.M. SCHOOL, GBURE",EXISTING PU,576,17436,343666
27,OGUN,15,OBAFEMI/OWODE,10,OBAFEMI,009,27/15/10/009,"VILLAGE SQUARE, AGBORUN",EXISTING PU,576,17436,343667
27,OGUN,15,OBAFEMI/OWODE,10,OBAFEMI,010,27/15/10/010,"O.O.L.G. SCHOOL, BAASE IPORO",EXISTING PU,576,17436,343668
27,OGUN,15,OBAFEMI/OWODE,10,OBAFEMI,011,27/15/10/011,"FRONT OF MATERNITY CENTRE, APENA- AKE",EXISTING PU,576,17436,343669
27,OGUN,15,OBAFEMI/OWODE,10,OBAFEMI,012,27/15/10/012,"N.U.D. SCHOOL, IGBEDU",EXISTING PU,576,17436,343670
27,OGUN,15,OBAFEMI/OWODE,10,OBAFEMI,013,27/15/10/013,MARKET SQUARE OBAFEMI,NEW PU,576,17436,343671
27,OGUN,15,OBAFEMI/OWODE,10,OBAFEMI,014,27/15/10/014,"ST. STEPHEN ANG. PRY SCH., OLOPARUN, OBAFEMI",NEW PU,576,17436,343672
27,OGUN,15,OBAFEMI/OWODE,11,AJEBO,001,27/15/11/001,"AJEBO HIGH SCHOOL, AJEBO  I",EXISTING PU,576,17437,343673
27,OGUN,15,OBAFEMI/OWODE,11,AJEBO,002,27/15/11/002,"AJEBO HIGH SCHOO, AJEBO II",EXISTING PU,576,17437,343674
27,OGUN,15,OBAFEMI/OWODE,11,AJEBO,003,27/15/11/003,ST. JOHN SCH. OWOJO  I,EXISTING PU,576,17437,343675
27,OGUN,15,OBAFEMI/OWODE,11,AJEBO,004,27/15/11/004,ST. JOHN SCH. OWOJO  II,EXISTING PU,576,17437,343676
27,OGUN,15,OBAFEMI/OWODE,11,AJEBO,005,27/15/11/005,"MARKET SQUARE, FIDIWO",EXISTING PU,576,17437,343677
27,OGUN,15,OBAFEMI/OWODE,11,AJEBO,006,27/15/11/006,"N.U.D. SCHOOL, OLUWO-IFOTE",EXISTING PU,576,17437,343678
27,OGUN,15,OBAFEMI/OWODE,11,AJEBO,007,27/15/11/007,"ST. PETER SCH, ABATAN",EXISTING PU,576,17437,343679
27,OGUN,15,OBAFEMI/OWODE,11,AJEBO,008,27/15/11/008,"O.O.L.G. SCHOOL, OYEBOLA",EXISTING PU,576,17437,343680
27,OGUN,15,OBAFEMI/OWODE,11,AJEBO,009,27/15/11/009,"ST. JAMES SCHOOL, AKINOLA",EXISTING PU,576,17437,343681
27,OGUN,15,OBAFEMI/OWODE,11,AJEBO,010,27/15/11/010,"BAPT SCHOOL, ERINLE",EXISTING PU,576,17437,343682
27,OGUN,15,OBAFEMI/OWODE,11,AJEBO,011,27/15/11/011,"C & C SCHOOL, OLUGBO ODEYEMI",EXISTING PU,576,17437,343683
27,OGUN,15,OBAFEMI/OWODE,11,AJEBO,012,27/15/11/012,"ANG. SCH, ITOKO-APATA",EXISTING PU,576,17437,343684
27,OGUN,15,OBAFEMI/OWODE,11,AJEBO,013,27/15/11/013,OPEN SPACE AT AJEBO GARAGE,NEW PU,576,17437,343685
27,OGUN,15,OBAFEMI/OWODE,12,ALAPAKO-ONI,001,27/15/12/001,"ST. PETER'S ANG. SCHOOL, ALAPAKO-ONI",EXISTING PU,576,17438,343686
27,OGUN,15,OBAFEMI/OWODE,12,ALAPAKO-ONI,002,27/15/12/002,"ST. PAUL ANG. SCHOOL, ABUJANA",EXISTING PU,576,17438,343687
27,OGUN,15,OBAFEMI/OWODE,12,ALAPAKO-ONI,003,27/15/12/003,"ANG. SCHOOL,SERIKI-SOTAYO",EXISTING PU,576,17438,343688
27,OGUN,15,OBAFEMI/OWODE,12,ALAPAKO-ONI,004,27/15/12/004,"O.O.L.G. SCHOOL, OGUNMAKIN  I",EXISTING PU,576,17438,343689
27,OGUN,15,OBAFEMI/OWODE,12,ALAPAKO-ONI,005,27/15/12/005,"O.O.L.G. SCHOOL, OGUNMAKIN II",EXISTING PU,576,17438,343690
27,OGUN,15,OBAFEMI/OWODE,12,ALAPAKO-ONI,006,27/15/12/006,"O.O.L.G. SCHOOL, IMOLISA",EXISTING PU,576,17438,343691
27,OGUN,15,OBAFEMI/OWODE,12,ALAPAKO-ONI,007,27/15/12/007,UNITED PRY. SCHOOL BOODO  I,EXISTING PU,576,17438,343692
27,OGUN,15,OBAFEMI/OWODE,12,ALAPAKO-ONI,008,27/15/12/008,UNITED PRY. SCHOOL BOODO  II,EXISTING PU,576,17438,343693
27,OGUN,15,OBAFEMI/OWODE,12,ALAPAKO-ONI,009,27/15/12/009,"O.O.L.G. SCHOOL, AKINDELE",EXISTING PU,576,17438,343694
27,OGUN,15,OBAFEMI/OWODE,12,ALAPAKO-ONI,010,27/15/12/010,ABULE OGUNMAKIN ( SOWUNMI),EXISTING PU,576,17438,343695
27,OGUN,15,OBAFEMI/OWODE,12,ALAPAKO-ONI,011,27/15/12/011,LADIJO - PRY SCH,EXISTING PU,576,17438,343696
27,OGUN,15,OBAFEMI/OWODE,12,ALAPAKO-ONI,012,27/15/12/012,"OPEN SPACE AT IGA IKEREKU, ALAPAKO-ONI",NEW PU,576,17438,343697
27,OGUN,16,ODEDA,01,ODEDA,001,27/16/01/001,ODEDA MARKET  I,EXISTING PU,577,17439,343698
27,OGUN,16,ODEDA,01,ODEDA,002,27/16/01/002,ODEDA MARKET  II,EXISTING PU,577,17439,343699
27,OGUN,16,ODEDA,01,ODEDA,003,27/16/01/003,IKA AINA TITUN VILLAGE,EXISTING PU,577,17439,343700
27,OGUN,16,ODEDA,01,ODEDA,004,27/16/01/004,ROGUN PRY. SCHOOL,EXISTING PU,577,17439,343701
27,OGUN,16,ODEDA,01,ODEDA,005,27/16/01/005,OGIJAN VILLAGE,EXISTING PU,577,17439,343702
27,OGUN,16,ODEDA,01,ODEDA,006,27/16/01/006,OGBOYE PRY. SCHOOL,EXISTING PU,577,17439,343703
27,OGUN,16,ODEDA,01,ODEDA,007,27/16/01/007,ARALAMO VILLAGE,EXISTING PU,577,17439,343704
27,OGUN,16,ODEDA,01,ODEDA,008,27/16/01/008,OLUGBO MARKET,EXISTING PU,577,17439,343705
27,OGUN,16,ODEDA,01,ODEDA,009,27/16/01/009,"ILE-OLU, PRY. SCHOOL",EXISTING PU,577,17439,343706
27,OGUN,16,ODEDA,01,ODEDA,010,27/16/01/010,BAALE OGUNBAYO,EXISTING PU,577,17439,343707
27,OGUN,16,ODEDA,01,ODEDA,011,27/16/01/011,OLUGA PRY. SCHOOL,EXISTING PU,577,17439,343708
27,OGUN,16,ODEDA,01,ODEDA,012,27/16/01/012,AREGE PRY. SCHOOL,EXISTING PU,577,17439,343709
27,OGUN,16,ODEDA,01,ODEDA,013,27/16/01/013,SANYAOLU OLOBE,EXISTING PU,577,17439,343710
27,OGUN,16,ODEDA,01,ODEDA,014,27/16/01/014,ILAGBE VILLAGE,EXISTING PU,577,17439,343711
27,OGUN,16,ODEDA,01,ODEDA,015,27/16/01/015,OGBOYE PRY. SCHOOL,EXISTING PU,577,17439,343712
27,OGUN,16,ODEDA,01,ODEDA,016,27/16/01/016,OPEN SPACE BESIDE OLU ODEDA PALACE,NEW PU,577,17439,343713
27,OGUN,16,ODEDA,01,ODEDA,017,27/16/01/017,INFRONT OF MINISTRY OF YOUTH AND AGRO SERVICE,NEW PU,577,17439,343714
27,OGUN,16,ODEDA,01,ODEDA,018,27/16/01/018,"ST PAUL ANG SCHOOL SOKAN, ODEDA",NEW PU,577,17439,343715
27,OGUN,16,ODEDA,01,ODEDA,019,27/16/01/019,ST SAVIOURS ANGLICAN PRY SCHOOL OLUGBO,NEW PU,577,17439,343716
27,OGUN,16,ODEDA,01,ODEDA,020,27/16/01/020,OPEN SPACE AT APATA VILLAGE  VIA OLUGA,NEW PU,577,17439,343717
27,OGUN,16,ODEDA,01,ODEDA,021,27/16/01/021,"ST PETERS ANGLICAN  PRY SCHOOL, ILE OLU",NEW PU,577,17439,343718
27,OGUN,16,ODEDA,01,ODEDA,022,27/16/01/022,OPEN SPACE AT OGELEJE VILAGE,NEW PU,577,17439,343719
27,OGUN,16,ODEDA,01,ODEDA,023,27/16/01/023,OPEN SPACE AT THE BACK OF POLICE  BARRACK  ODEDA,NEW PU,577,17439,343720
27,OGUN,16,ODEDA,01,ODEDA,024,27/16/01/024,OPEN SPACE AT IWAYE ODEDA,NEW PU,577,17439,343721
27,OGUN,16,ODEDA,01,ODEDA,025,27/16/01/025,OPEN SPACE OPPOSITE MINISTRY OF AGRIC EWEJE,NEW PU,577,17439,343722
27,OGUN,16,ODEDA,02,BALOGUN ITESI,001,27/16/02/001,TOBA PRY. SCHOOL,EXISTING PU,577,17440,343723
27,OGUN,16,ODEDA,02,BALOGUN ITESI,002,27/16/02/002,OBELU VILLAGE,EXISTING PU,577,17440,343724
27,OGUN,16,ODEDA,02,BALOGUN ITESI,003,27/16/02/003,SEGILE VILLAGE,EXISTING PU,577,17440,343725
27,OGUN,16,ODEDA,02,BALOGUN ITESI,004,27/16/02/004,"ADERU PRY, SCHOOL",EXISTING PU,577,17440,343726
27,OGUN,16,ODEDA,02,BALOGUN ITESI,005,27/16/02/005,APENA KEMTA,EXISTING PU,577,17440,343727
27,OGUN,16,ODEDA,02,BALOGUN ITESI,006,27/16/02/006,EMULU,EXISTING PU,577,17440,343728
27,OGUN,16,ODEDA,02,BALOGUN ITESI,007,27/16/02/007,PAPA OJA,EXISTING PU,577,17440,343729
27,OGUN,16,ODEDA,02,BALOGUN ITESI,008,27/16/02/008,ODE LAITAN PRY. SCHOOL,EXISTING PU,577,17440,343730
27,OGUN,16,ODEDA,03,OLODO,001,27/16/03/001,ORILE KEESI GRAMMAR SCH I,EXISTING PU,577,17441,343731
27,OGUN,16,ODEDA,03,OLODO,002,27/16/03/002,"ALL SAINTS PRY. SCHOOL, OTERE, IKEREKU",EXISTING PU,577,17441,343732
27,OGUN,16,ODEDA,03,OLODO,003,27/16/03/003,OBO OGUNSOLA VILLAGE,EXISTING PU,577,17441,343733
27,OGUN,16,ODEDA,03,OLODO,004,27/16/03/004,OTERE OGUNKOLA VILLAGE,EXISTING PU,577,17441,343734
27,OGUN,16,ODEDA,03,OLODO,005,27/16/03/005,OJU OGUN PRY.SCHOOL,EXISTING PU,577,17441,343735
27,OGUN,16,ODEDA,03,OLODO,006,27/16/03/006,IKIJA VILLAGE,EXISTING PU,577,17441,343736
27,OGUN,16,ODEDA,03,OLODO,007,27/16/03/007,BAAGBON PRY. SCHOOL,EXISTING PU,577,17441,343737
27,OGUN,16,ODEDA,03,OLODO,008,27/16/03/008,AFOJUOWO VILLAGE,EXISTING PU,577,17441,343738
27,OGUN,16,ODEDA,03,OLODO,009,27/16/03/009,ADEPEGBA VILLAGE,EXISTING PU,577,17441,343739
27,OGUN,16,ODEDA,03,OLODO,010,27/16/03/010,AGBE PRY. SCHOOL,EXISTING PU,577,17441,343740
27,OGUN,16,ODEDA,03,OLODO,011,27/16/03/011,MOGAN PRY. SCHOOL,EXISTING PU,577,17441,343741
27,OGUN,16,ODEDA,03,OLODO,012,27/16/03/012,BAMGBOSE VILLAGE,EXISTING PU,577,17441,343742
27,OGUN,16,ODEDA,03,OLODO,013,27/16/03/013,ORILE KEESI GRAMMAR SCH II,NEW PU,577,17441,343743
27,OGUN,16,ODEDA,03,OLODO,014,27/16/03/014,OPEN FIELD AT ISO ISU OLODO,NEW PU,577,17441,343744
27,OGUN,16,ODEDA,04,ALAGBAGBA,001,27/16/04/001,"C.A.C. PRY. SCHOOL, ALAGBAGBA",EXISTING PU,577,17442,343745
27,OGUN,16,ODEDA,04,ALAGBAGBA,002,27/16/04/002,"ABULE, OLA PRY. SCHOOL",EXISTING PU,577,17442,343746
27,OGUN,16,ODEDA,04,ALAGBAGBA,003,27/16/04/003,BABAPUPA. PRY. SCHOOL,EXISTING PU,577,17442,343747
27,OGUN,16,ODEDA,04,ALAGBAGBA,004,27/16/04/004,OGUNDIPE VOLLAGE,EXISTING PU,577,17442,343748
27,OGUN,16,ODEDA,04,ALAGBAGBA,005,27/16/04/005,OWU VILLAGE,EXISTING PU,577,17442,343749
27,OGUN,16,ODEDA,04,ALAGBAGBA,006,27/16/04/006,"IJEMO FADIPE, PRY. SCHOOL I",EXISTING PU,577,17442,343750
27,OGUN,16,ODEDA,04,ALAGBAGBA,007,27/16/04/007,LERIN OLORODE,EXISTING PU,577,17442,343751
27,OGUN,16,ODEDA,04,ALAGBAGBA,008,27/16/04/008,AMIMIAWO VILLAGE,EXISTING PU,577,17442,343752
27,OGUN,16,ODEDA,04,ALAGBAGBA,009,27/16/04/009,ABAKUYAMO VILLAGE,EXISTING PU,577,17442,343753
27,OGUN,16,ODEDA,04,ALAGBAGBA,010,27/16/04/010,BALOGUN LANLOKO VILLAGE,EXISTING PU,577,17442,343754
27,OGUN,16,ODEDA,04,ALAGBAGBA,011,27/16/04/011,OJEBIYI VILLAGE,EXISTING PU,577,17442,343755
27,OGUN,16,ODEDA,04,ALAGBAGBA,012,27/16/04/012,ELEGUNMEFA VILLAGE,EXISTING PU,577,17442,343756
27,OGUN,16,ODEDA,04,ALAGBAGBA,013,27/16/04/013,"AFRICAN  CHURCH  PRY  SCHOOL , BABA PUPA II",NEW PU,577,17442,343757
27,OGUN,16,ODEDA,05,ILUGUN,001,27/16/05/001,"ST. JAMES PRY. SCH. I, ILUGUN",EXISTING PU,577,17443,343758
27,OGUN,16,ODEDA,05,ILUGUN,002,27/16/05/002,OLOFIN PRY SCHOOL,EXISTING PU,577,17443,343759
27,OGUN,16,ODEDA,05,ILUGUN,003,27/16/05/003,"ST. ANDREWS PRY SCH. I, KILA",EXISTING PU,577,17443,343760
27,OGUN,16,ODEDA,05,ILUGUN,004,27/16/05/004,OKIRI OJULE PRY. SCHOOL,EXISTING PU,577,17443,343761
27,OGUN,16,ODEDA,05,ILUGUN,005,27/16/05/005,KUGBA AJAGBE PRY. SCHOOL,EXISTING PU,577,17443,343762
27,OGUN,16,ODEDA,05,ILUGUN,006,27/16/05/006,AKONKO PRY SCHOOL,EXISTING PU,577,17443,343763
27,OGUN,16,ODEDA,05,ILUGUN,007,27/16/05/007,AKINTOYE PRY. SCHOOL,EXISTING PU,577,17443,343764
27,OGUN,16,ODEDA,05,ILUGUN,008,27/16/05/008,ONIREKE VILLAGE,EXISTING PU,577,17443,343765
27,OGUN,16,ODEDA,05,ILUGUN,009,27/16/05/009,OLOWO VILLAGE,EXISTING PU,577,17443,343766
27,OGUN,16,ODEDA,05,ILUGUN,010,27/16/05/010,ALAGBA VILLAGE,EXISTING PU,577,17443,343767
27,OGUN,16,ODEDA,05,ILUGUN,011,27/16/05/011,OLOKEMEJI PRY. SCHOOL  I,EXISTING PU,577,17443,343768
27,OGUN,16,ODEDA,05,ILUGUN,012,27/16/05/012,ADEWUSI PRY. SCHOOL,EXISTING PU,577,17443,343769
27,OGUN,16,ODEDA,05,ILUGUN,013,27/16/05/013,"O.L.G. PRY. SCHOOL, EFON ADANRI",EXISTING PU,577,17443,343770
27,OGUN,16,ODEDA,05,ILUGUN,014,27/16/05/014,DAODU VILLAGE,EXISTING PU,577,17443,343771
27,OGUN,16,ODEDA,05,ILUGUN,015,27/16/05/015,OLOSAN VILLAGE,EXISTING PU,577,17443,343772
27,OGUN,16,ODEDA,05,ILUGUN,016,27/16/05/016,"OGUNTOLU PRY SCHOOL, ITOKO FADIPE",EXISTING PU,577,17443,343773
27,OGUN,16,ODEDA,05,ILUGUN,017,27/16/05/017,"ILUGUN ILUWA BAKATARI, MODEL HEALTH CARE",NEW PU,577,17443,343774
27,OGUN,16,ODEDA,05,ILUGUN,018,27/16/05/018,"IYANA  EFON , KILA",NEW PU,577,17443,343775
27,OGUN,16,ODEDA,05,ILUGUN,019,27/16/05/019,OPEN SPACE IN FRONT OF ILUGUN LCDA,NEW PU,577,17443,343776
27,OGUN,16,ODEDA,05,ILUGUN,020,27/16/05/020,ST JAMES  PRY SCH II  ILUGUN,NEW PU,577,17443,343777
27,OGUN,16,ODEDA,05,ILUGUN,021,27/16/05/021,KILA  MARKET I,NEW PU,577,17443,343778
27,OGUN,16,ODEDA,05,ILUGUN,022,27/16/05/022,KILA MARKET II,NEW PU,577,17443,343779
27,OGUN,16,ODEDA,06,OSIELE,001,27/16/06/001,"ST. MARY'S PRY. SCH., I, OSIELE",EXISTING PU,577,17444,343780
27,OGUN,16,ODEDA,06,OSIELE,002,27/16/06/002,"ST. MARY'S PRY. SCH.,II, OSIELE",EXISTING PU,577,17444,343781
27,OGUN,16,ODEDA,06,OSIELE,003,27/16/06/003,CAMP VILLAGE,EXISTING PU,577,17444,343782
27,OGUN,16,ODEDA,06,OSIELE,004,27/16/06/004,APAKILA VILLAGE,EXISTING PU,577,17444,343783
27,OGUN,16,ODEDA,06,OSIELE,005,27/16/06/005,IDI-AKA VILLAGE,EXISTING PU,577,17444,343784
27,OGUN,16,ODEDA,06,OSIELE,006,27/16/06/006,C.P.S. IWO ALLI,EXISTING PU,577,17444,343785
27,OGUN,16,ODEDA,06,OSIELE,007,27/16/06/007,OGBOJA PRY. SCHOOL,EXISTING PU,577,17444,343786
27,OGUN,16,ODEDA,06,OSIELE,008,27/16/06/008,O.L.G. ITESI AJEGUNLE  I,EXISTING PU,577,17444,343787
27,OGUN,16,ODEDA,06,OSIELE,009,27/16/06/009,JAGUN AKINFENWA,EXISTING PU,577,17444,343788
27,OGUN,16,ODEDA,06,OSIELE,010,27/16/06/010,OPEN SPACE IN FRONT OF FCE  GATE OSIELE,NEW PU,577,17444,343789
27,OGUN,16,ODEDA,06,OSIELE,011,27/16/06/011,OPEN SPACE FRONT OF OSIELE PRIMARY HEALTH CENTRE,NEW PU,577,17444,343790
27,OGUN,16,ODEDA,06,OSIELE,012,27/16/06/012,OPEN FIELD AT IFESOWAPO ABATA COMMUNITY,NEW PU,577,17444,343791
27,OGUN,16,ODEDA,06,OSIELE,013,27/16/06/013,OPEN FIELD AT AGBETU VILLAGE,NEW PU,577,17444,343792
27,OGUN,16,ODEDA,06,OSIELE,014,27/16/06/014,"OPEN FIELD OPP SURULERE, SAWMILL",NEW PU,577,17444,343793
27,OGUN,16,ODEDA,06,OSIELE,015,27/16/06/015,OPEN FIELD AT FATOLA ESTATE,NEW PU,577,17444,343794
27,OGUN,16,ODEDA,06,OSIELE,016,27/16/06/016,SUEULERE COMMUNITY TOWN HALL,NEW PU,577,17444,343795
27,OGUN,16,ODEDA,06,OSIELE,017,27/16/06/017,OLD NITEL BUILDING I,NEW PU,577,17444,343796
27,OGUN,16,ODEDA,06,OSIELE,018,27/16/06/018,OLD NITEL BUILDING II,NEW PU,577,17444,343797
27,OGUN,16,ODEDA,06,OSIELE,019,27/16/06/019,OPEN SPACE AT WONDERLAND ESTATE,NEW PU,577,17444,343798
27,OGUN,16,ODEDA,06,OSIELE,020,27/16/06/020,FCE SCHOOL GATE II,NEW PU,577,17444,343799
27,OGUN,16,ODEDA,06,OSIELE,021,27/16/06/021,OPEN SPACE  AT ARAROMI IDERA COMMUNITY  I,NEW PU,577,17444,343800
27,OGUN,16,ODEDA,06,OSIELE,022,27/16/06/022,OPEN SPACE  AT ARAROMI IDERA COMMUNITY   II,NEW PU,577,17444,343801
27,OGUN,16,ODEDA,06,OSIELE,023,27/16/06/023,JUNCTION BESIDE ALADO BLOCK INDUSTRY VIA HARMONY ESTATE POLICE,NEW PU,577,17444,343802
27,OGUN,16,ODEDA,06,OSIELE,024,27/16/06/024,OLUJA  JUNCTION ALANCO OSIELE,NEW PU,577,17444,343803
27,OGUN,16,ODEDA,06,OSIELE,025,27/16/06/025,OPEN FIELD OPPOSITE MIN OF AGRIC LESHO,NEW PU,577,17444,343804
27,OGUN,16,ODEDA,07,OBANTOKO,001,27/16/07/001,"O.L.G. SCHOOL I, OBANTOKO  I",EXISTING PU,577,17445,343805
27,OGUN,16,ODEDA,07,OBANTOKO,002,27/16/07/002,"O.L.G. SCHOOL I, OBANTOKO  II",EXISTING PU,577,17445,343806
27,OGUN,16,ODEDA,07,OBANTOKO,003,27/16/07/003,"N.U.D. GRAM SCHOOL, OBANTOKO",EXISTING PU,577,17445,343807
27,OGUN,16,ODEDA,07,OBANTOKO,004,27/16/07/004,AKINGBADE VILLAGE,EXISTING PU,577,17445,343808
27,OGUN,16,ODEDA,07,OBANTOKO,005,27/16/07/005,ANIGILAJE VILLAGE,EXISTING PU,577,17445,343809
27,OGUN,16,ODEDA,07,OBANTOKO,006,27/16/07/006,AAYA PRY. SCHOOL,EXISTING PU,577,17445,343810
27,OGUN,16,ODEDA,07,OBANTOKO,007,27/16/07/007,AYETORO BUDO,EXISTING PU,577,17445,343811
27,OGUN,16,ODEDA,07,OBANTOKO,008,27/16/07/008,ISOLU VILLAGE,EXISTING PU,577,17445,343812
27,OGUN,16,ODEDA,07,OBANTOKO,009,27/16/07/009,AJEGUNLE FARM SETTLEMENT,EXISTING PU,577,17445,343813
27,OGUN,16,ODEDA,07,OBANTOKO,010,27/16/07/010,ILUGUN ITOKO,EXISTING PU,577,17445,343814
27,OGUN,16,ODEDA,07,OBANTOKO,011,27/16/07/011,ILUPEJU ALAGBEDE,EXISTING PU,577,17445,343815
27,OGUN,16,ODEDA,07,OBANTOKO,012,27/16/07/012,O.L.G. OBANTOKO SCHOOL II(MOREKETE),EXISTING PU,577,17445,343816
27,OGUN,16,ODEDA,07,OBANTOKO,013,27/16/07/013,AHMADIYYA EGBATEDO SCHOOL,EXISTING PU,577,17445,343817
27,OGUN,16,ODEDA,07,OBANTOKO,014,27/16/07/014,BOOTH AT ALOGI BUS STOP,EXISTING PU,577,17445,343818
27,OGUN,16,ODEDA,07,OBANTOKO,015,27/16/07/015,OPEN SPACE AT IYANBU COMMUNITY OBANTOKO,NEW PU,577,17445,343819
27,OGUN,16,ODEDA,07,OBANTOKO,016,27/16/07/016,OGO OLUWA AGBALA ITURA IYANBU,NEW PU,577,17445,343820
27,OGUN,16,ODEDA,07,OBANTOKO,017,27/16/07/017,AJANGBOHUN TOWN HALL,NEW PU,577,17445,343821
27,OGUN,16,ODEDA,07,OBANTOKO,018,27/16/07/018,COMMUNITY  PRY SCH APENA SOJOBI ELEWERAN,NEW PU,577,17445,343822
27,OGUN,16,ODEDA,07,OBANTOKO,019,27/16/07/019,OPEN SPACE AT MAAMI MARKET ELEWERAN,NEW PU,577,17445,343823
27,OGUN,16,ODEDA,07,OBANTOKO,020,27/16/07/020,AREGBE CENTRAL COMMUNITY HALL,NEW PU,577,17445,343824
27,OGUN,16,ODEDA,07,OBANTOKO,021,27/16/07/021,OPEN FIELD BESIDE NUT ESTATE IFELODUN COMMUNITY GBONAGUN,NEW PU,577,17445,343825
27,OGUN,16,ODEDA,07,OBANTOKO,022,27/16/07/022,ILERI AYO COMMUNITY TOWN HALL OSARA,NEW PU,577,17445,343826
27,OGUN,16,ODEDA,07,OBANTOKO,023,27/16/07/023,"ST MICHEAL ANGLICAN SCH, KANGUDU",NEW PU,577,17445,343827
27,OGUN,16,ODEDA,07,OBANTOKO,024,27/16/07/024,OLORUNGBEMI COMMUNITY  HALL APETE OBANTOKO,NEW PU,577,17445,343828
27,OGUN,16,ODEDA,07,OBANTOKO,025,27/16/07/025,OPEN FIELD BESIDE SHALOM BUS STOP OLORUN SOGO,NEW PU,577,17445,343829
27,OGUN,16,ODEDA,07,OBANTOKO,026,27/16/07/026,ST MICHEAL ANGLICAN SCH ANNEX ASALU OYETOLA,NEW PU,577,17445,343830
27,OGUN,16,ODEDA,07,OBANTOKO,027,27/16/07/027,COMMUNITY TOWN HALL TIRINMI,NEW PU,577,17445,343831
27,OGUN,16,ODEDA,07,OBANTOKO,028,27/16/07/028,TOWN HALL AKEPE OLUWA ESTATE,NEW PU,577,17445,343832
27,OGUN,16,ODEDA,07,OBANTOKO,029,27/16/07/029,PRIMARY HEALTH CENTRE ILUGUN ITOKO,NEW PU,577,17445,343833
27,OGUN,16,ODEDA,07,OBANTOKO,030,27/16/07/030,OPEN SPACE AT LITTI ITOKO,NEW PU,577,17445,343834
27,OGUN,16,ODEDA,07,OBANTOKO,031,27/16/07/031,OPEN FIELD AT HILL TOP ABULE ARO,NEW PU,577,17445,343835
27,OGUN,16,ODEDA,07,OBANTOKO,032,27/16/07/032,PRIMARY HEALTH CENTRE MILE 7 ALAKIRI,NEW PU,577,17445,343836
27,OGUN,16,ODEDA,07,OBANTOKO,033,27/16/07/033,AAYA PRY SCHOOL  ANNEY OSARA,NEW PU,577,17445,343837
27,OGUN,16,ODEDA,07,OBANTOKO,035,27/16/07/035,JUNCTION  IN FRONT OF TUBNIK CLINIC  AGBEONUOYE,NEW PU,577,17445,343838
27,OGUN,16,ODEDA,07,OBANTOKO,036,27/16/07/036,OPEN SPACE PAKURO OBANTOKO,NEW PU,577,17445,343839
27,OGUN,16,ODEDA,07,OBANTOKO,037,27/16/07/037,AMERICAN JUNCTION VIA ALOGI,NEW PU,577,17445,343840
27,OGUN,16,ODEDA,07,OBANTOKO,038,27/16/07/038,OPEN SPACE IN FRONT OF OBANTOKO POLICE STATION,NEW PU,577,17445,343841
27,OGUN,16,ODEDA,08,ALABATA,001,27/16/08/001,"O.L.G. PRY. SCHOOL, ALABATA",EXISTING PU,577,17446,343842
27,OGUN,16,ODEDA,08,ALABATA,002,27/16/08/002,OKIJI/MALAKA,EXISTING PU,577,17446,343843
27,OGUN,16,ODEDA,08,ALABATA,003,27/16/08/003,BALOGUN AGURODO,EXISTING PU,577,17446,343844
27,OGUN,16,ODEDA,08,ALABATA,004,27/16/08/004,ADAO VILLAGE,EXISTING PU,577,17446,343845
27,OGUN,16,ODEDA,08,ALABATA,005,27/16/08/005,TEJEOUN VILLAGE,EXISTING PU,577,17446,343846
27,OGUN,16,ODEDA,08,ALABATA,006,27/16/08/006,FAAMI VILLAGE,EXISTING PU,577,17446,343847
27,OGUN,16,ODEDA,08,ALABATA,007,27/16/08/007,ONSEMO,EXISTING PU,577,17446,343848
27,OGUN,16,ODEDA,08,ALABATA,008,27/16/08/008,O.L.G. PRY SCH ALABATA   II,NEW PU,577,17446,343849
27,OGUN,16,ODEDA,09,OBETE,001,27/16/09/001,OBETE AKANBI PRY. SCHOOL I,EXISTING PU,577,17447,343850
27,OGUN,16,ODEDA,09,OBETE,002,27/16/09/002,APOJOLA PRY. SCHOOL,EXISTING PU,577,17447,343851
27,OGUN,16,ODEDA,09,OBETE,003,27/16/09/003,MOLOGEDE VILLAGE,EXISTING PU,577,17447,343852
27,OGUN,16,ODEDA,09,OBETE,004,27/16/09/004,ABULE SET PRY. SCHOOL,EXISTING PU,577,17447,343853
27,OGUN,16,ODEDA,09,OBETE,005,27/16/09/005,SANUSI VILLAGE,EXISTING PU,577,17447,343854
27,OGUN,16,ODEDA,09,OBETE,006,27/16/09/006,LUHANI VILLAGE,EXISTING PU,577,17447,343855
27,OGUN,16,ODEDA,09,OBETE,007,27/16/09/007,OKEDI VILLAGE,EXISTING PU,577,17447,343856
27,OGUN,16,ODEDA,09,OBETE,008,27/16/09/008,AYOYO VILLAGE,EXISTING PU,577,17447,343857
27,OGUN,16,ODEDA,09,OBETE,009,27/16/09/009,ALAMUTU,EXISTING PU,577,17447,343858
27,OGUN,16,ODEDA,09,OBETE,010,27/16/09/010,ITESI LIJIGUN [APOJOLA PRY. SCH. II],EXISTING PU,577,17447,343859
27,OGUN,16,ODEDA,10,OPEJI,001,27/16/10/001,"O.L.G. SCHOOL I, OPEJI",EXISTING PU,577,17448,343860
27,OGUN,16,ODEDA,10,OPEJI,002,27/16/10/002,"O.L.G. SCHOOL I, MAWUKO",EXISTING PU,577,17448,343861
27,OGUN,16,ODEDA,10,OPEJI,003,27/16/10/003,"O.L.G. SCHOOL , BAALE OYA",EXISTING PU,577,17448,343862
27,OGUN,16,ODEDA,10,OPEJI,004,27/16/10/004,"O.L.G. SCHOOL, ADAKO",EXISTING PU,577,17448,343863
27,OGUN,16,ODEDA,10,OPEJI,005,27/16/10/005,BODE OLUDE I,EXISTING PU,577,17448,343864
27,OGUN,16,ODEDA,10,OPEJI,006,27/16/10/006,FADAGE,EXISTING PU,577,17448,343865
27,OGUN,16,ODEDA,10,OPEJI,007,27/16/10/007,IJO-AGBE VILLAGE,EXISTING PU,577,17448,343866
27,OGUN,16,ODEDA,10,OPEJI,008,27/16/10/008,"O.L.G. PRY SCHOOL, ONIGBAGBO",EXISTING PU,577,17448,343867
27,OGUN,16,ODEDA,10,OPEJI,009,27/16/10/009,LABA - OLORIN,EXISTING PU,577,17448,343868
27,OGUN,16,ODEDA,10,OPEJI,010,27/16/10/010,ELEGBAADA VILLAGE,EXISTING PU,577,17448,343869
27,OGUN,16,ODEDA,10,OPEJI,011,27/16/10/011,"BOOTH OPP. ALHAJI FASIU'S HOUSE, BODE - OLUDE",EXISTING PU,577,17448,343870
27,OGUN,16,ODEDA,10,OPEJI,012,27/16/10/012,BODE OLUDE II,EXISTING PU,577,17448,343871
27,OGUN,16,ODEDA,10,OPEJI,013,27/16/10/013,OPEN SPACE AT IFETEDO BUSSTOP OKUDUN VILLAGE,NEW PU,577,17448,343872
27,OGUN,16,ODEDA,10,OPEJI,014,27/16/10/014,OLL SCH ILUPEJU AGBAKIN ANNEX,NEW PU,577,17448,343873
27,OGUN,16,ODEDA,10,OPEJI,015,27/16/10/015,OPEN  SPACE AT OKE OLA COMMUNITY,NEW PU,577,17448,343874
27,OGUN,16,ODEDA,10,OPEJI,016,27/16/10/016,O.L.G. PRY SCHOOL AGBA AKIN EMERE BODE OLUDE,NEW PU,577,17448,343875
27,OGUN,16,ODEDA,10,OPEJI,017,27/16/10/017,PRIMARY HEALTH CENTRE BALESHI TOWN,NEW PU,577,17448,343876
27,OGUN,16,ODEDA,10,OPEJI,018,27/16/10/018,METHODIST  PRY SCH  FIJABI VIA BODEOLUDE,NEW PU,577,17448,343877
27,OGUN,16,ODEDA,10,OPEJI,019,27/16/10/019,O.L.G SCH SCHOOL OPEJI II,NEW PU,577,17448,343878
27,OGUN,17,ODOGBOLU,01,IMOSAN,001,27/17/01/001,"ST.PETERS PRIMARY SCHOOL, IMOSAN",EXISTING PU,578,17449,343879
27,OGUN,17,ODOGBOLU,01,IMOSAN,002,27/17/01/002,ST. PETER SCHOOL IMOSAN,EXISTING PU,578,17449,343880
27,OGUN,17,ODOGBOLU,01,IMOSAN,003,27/17/01/003,"AJEREGUN ROAD, FRONT EBA TUTU HOUSE, IPERIN",EXISTING PU,578,17449,343881
27,OGUN,17,ODOGBOLU,01,IMOSAN,004,27/17/01/004,ODOYANTA,EXISTING PU,578,17449,343882
27,OGUN,17,ODOGBOLU,01,IMOSAN,005,27/17/01/005,"IFESOWAPO COMPREHENSIVE HIGH SCHOOL, IMOSAN",NEW PU,578,17449,343883
27,OGUN,17,ODOGBOLU,01,IMOSAN,006,27/17/01/006,"ODOGBOLU L.G ORPHANAGE SCHOOL, IMOSAN",NEW PU,578,17449,343884
27,OGUN,17,ODOGBOLU,01,IMOSAN,007,27/17/01/007,"OPEN SPACE ODOLEWU SQUARE, BEHIND TAMCO, IMOSAN",NEW PU,578,17449,343885
27,OGUN,17,ODOGBOLU,01,IMOSAN,008,27/17/01/008,"COMMUNITY PRIMARY SCHOOL, IPERIN",NEW PU,578,17449,343886
27,OGUN,17,ODOGBOLU,01,IMOSAN,009,27/17/01/009,"OPEN SPACE PARAMOUNT ESTATE, ODOYANTA",NEW PU,578,17449,343887
27,OGUN,17,ODOGBOLU,02,IMODI,001,27/17/02/001,"RECRETATION CENTER,IMODI",EXISTING PU,578,17450,343888
27,OGUN,17,ODOGBOLU,02,IMODI,002,27/17/02/002,"ST.MATTEW PRY.SCHOOL, IMODI",EXISTING PU,578,17450,343889
27,OGUN,17,ODOGBOLU,02,IMODI,003,27/17/02/003,"OPP.IKANGBA CHURCH, IKANGBA",EXISTING PU,578,17450,343890
27,OGUN,17,ODOGBOLU,02,IMODI,004,27/17/02/004,CHRIST ANG PRY.SCH.AGORO,EXISTING PU,578,17450,343891
27,OGUN,17,ODOGBOLU,02,IMODI,005,27/17/02/005,"OPP.ST.JOHN CHURCH,ERINLU",EXISTING PU,578,17450,343892
27,OGUN,17,ODOGBOLU,02,IMODI,006,27/17/02/006,"MARKET SQUARE,IMODI",EXISTING PU,578,17450,343893
27,OGUN,17,ODOGBOLU,02,IMODI,007,27/17/02/007,MOSLEM PRY.SCH.IMODI,EXISTING PU,578,17450,343894
27,OGUN,17,ODOGBOLU,02,IMODI,008,27/17/02/008,"BLACK AND WHITE HOTEL, HOUSING ESTATE, IKANGBA",EXISTING PU,578,17450,343895
27,OGUN,17,ODOGBOLU,02,IMODI,009,27/17/02/009,"RECRETATION CENTER II, IMODI",EXISTING PU,578,17450,343896
27,OGUN,17,ODOGBOLU,02,IMODI,010,27/17/02/010,"OPP.IKANGBA CHURCH II, IKANGBA",EXISTING PU,578,17450,343897
27,OGUN,17,ODOGBOLU,02,IMODI,011,27/17/02/011,"OPP.ST.JOHN CHURCH II, ERINLU",EXISTING PU,578,17450,343898
27,OGUN,17,ODOGBOLU,02,IMODI,012,27/17/02/012,OPEN SPACE ROYAL ESTATE IMODI,NEW PU,578,17450,343899
27,OGUN,17,ODOGBOLU,02,IMODI,013,27/17/02/013,"IKANGBA COMPREHENSIVE HIGH SCHOOL, IKANGBA",NEW PU,578,17450,343900
27,OGUN,17,ODOGBOLU,02,IMODI,014,27/17/02/014,HEALTH POST AGORO,NEW PU,578,17450,343901
27,OGUN,17,ODOGBOLU,02,IMODI,015,27/17/02/015,"OPEN SPACE, HOUSIN ESTATE JUNCTION, IDOTUN",NEW PU,578,17450,343902
27,OGUN,17,ODOGBOLU,02,IMODI,016,27/17/02/016,"OPEN SPACE AYEGBAMI SQUARE, IMODI",NEW PU,578,17450,343903
27,OGUN,17,ODOGBOLU,02,IMODI,017,27/17/02/017,"OPEN SPACE IDI IROKO COMMUNITY ROAD & IKANGBA ESTATE, IKANGBA",NEW PU,578,17450,343904
27,OGUN,17,ODOGBOLU,02,IMODI,018,27/17/02/018,OPEN SPACE AJAGBANLA UNITY ESTATE ERINLU,NEW PU,578,17450,343905
27,OGUN,17,ODOGBOLU,03,OKUN-OWA,001,27/17/03/001,"ST PHILIP'S PRY SCH, OKUN OWA",EXISTING PU,578,17451,343906
27,OGUN,17,ODOGBOLU,03,OKUN-OWA,002,27/17/03/002,"MOSLEM PRY. SCHOOL, OKUN OWA",EXISTING PU,578,17451,343907
27,OGUN,17,ODOGBOLU,03,OKUN-OWA,003,27/17/03/003,"OKUN OWA TOWN HALL, OKUN OWA",EXISTING PU,578,17451,343908
27,OGUN,17,ODOGBOLU,03,OKUN-OWA,004,27/17/03/004,"ST. JUDES PRY. SCHOOL,  IJESHA IJEBU",EXISTING PU,578,17451,343909
27,OGUN,17,ODOGBOLU,03,OKUN-OWA,005,27/17/03/005,"ST. PETER'S SCHOOL, ARAROMI AKE",EXISTING PU,578,17451,343910
27,OGUN,17,ODOGBOLU,03,OKUN-OWA,006,27/17/03/006,"VIEWING CENTRE IJESHA, IJEBU",EXISTING PU,578,17451,343911
27,OGUN,17,ODOGBOLU,03,OKUN-OWA,007,27/17/03/007,ST. BANA BAS OKUN OWA,EXISTING PU,578,17451,343912
27,OGUN,17,ODOGBOLU,03,OKUN-OWA,008,27/17/03/008,BOOTH OPP OTUNBA OLUKOYA'S COMP.,EXISTING PU,578,17451,343913
27,OGUN,17,ODOGBOLU,03,OKUN-OWA,009,27/17/03/009,COMP. HIGH SCH OKUN OWA (GATE),EXISTING PU,578,17451,343914
27,OGUN,17,ODOGBOLU,03,OKUN-OWA,010,27/17/03/010,"OPEN SPACE IDI AGBON JUNCTION, OKUN OWA",NEW PU,578,17451,343915
27,OGUN,17,ODOGBOLU,03,OKUN-OWA,011,27/17/03/011,"PRY HEALTH CENTRE, ODOLOWU",NEW PU,578,17451,343916
27,OGUN,17,ODOGBOLU,04,ODOGBOLU  I,001,27/17/04/001,"ODO MARKET, ODOGBOLU",EXISTING PU,578,17452,343917
27,OGUN,17,ODOGBOLU,04,ODOGBOLU  I,002,27/17/04/002,"ITUN ORIWU, ODOGBOLU",EXISTING PU,578,17452,343918
27,OGUN,17,ODOGBOLU,04,ODOGBOLU  I,003,27/17/04/003,"IKOSA ROAD, FRONTAGE ADEYEMI HOUSE, ODOGBOLU",EXISTING PU,578,17452,343919
27,OGUN,17,ODOGBOLU,04,ODOGBOLU  I,004,27/17/04/004,"ITUN AGBON STREET, ODOGBOLU",EXISTING PU,578,17452,343920
27,OGUN,17,ODOGBOLU,04,ODOGBOLU  I,005,27/17/04/005,"IGBEPA/OPPOSITE, ST. PAUL CHURCH, ODOGBOLU",EXISTING PU,578,17452,343921
27,OGUN,17,ODOGBOLU,04,ODOGBOLU  I,006,27/17/04/006,"ODI TAMI, ODOGBOLU",EXISTING PU,578,17452,343922
27,OGUN,17,ODOGBOLU,04,ODOGBOLU  I,007,27/17/04/007,"SABO MARKET, ODOGBOLU",EXISTING PU,578,17452,343923
27,OGUN,17,ODOGBOLU,04,ODOGBOLU  I,008,27/17/04/008,"ODO ALORO QUARTERS , ODOGBOLU",EXISTING PU,578,17452,343924
27,OGUN,17,ODOGBOLU,04,ODOGBOLU  I,009,27/17/04/009,ST. MARY PRY. SCH. OGOJI,EXISTING PU,578,17452,343925
27,OGUN,17,ODOGBOLU,04,ODOGBOLU  I,010,27/17/04/010,"MOSLEM PRIMARY SCHOOL, ODOGBOLU",NEW PU,578,17452,343926
27,OGUN,17,ODOGBOLU,04,ODOGBOLU  I,011,27/17/04/011,"IGBODILE SQUARE, ODOGBOLU",NEW PU,578,17452,343927
27,OGUN,17,ODOGBOLU,04,ODOGBOLU  I,012,27/17/04/012,"ITUNWADE SQUARE, IKOSA, ODOGBOLU",NEW PU,578,17452,343928
27,OGUN,17,ODOGBOLU,05,ODOGBOLU  II,001,27/17/05/001,"ITUN OKE QUARTERS, ODOGBOLU",EXISTING PU,578,17453,343929
27,OGUN,17,ODOGBOLU,05,ODOGBOLU  II,002,27/17/05/002,"FEDERAL GOVT. COLLEGE,ODOGBOLU",EXISTING PU,578,17453,343930
27,OGUN,17,ODOGBOLU,05,ODOGBOLU  II,003,27/17/05/003,"ITUN ISOKU (BESIDE OLORUNFUNMI HOUSE), ODOGBOLU",EXISTING PU,578,17453,343931
27,OGUN,17,ODOGBOLU,05,ODOGBOLU  II,004,27/17/05/004,"UBU QUARTETRS, ODOGBOLU",EXISTING PU,578,17453,343932
27,OGUN,17,ODOGBOLU,05,ODOGBOLU  II,005,27/17/05/005,"ODOGBON QUARTERS, ODOGBOLU",EXISTING PU,578,17453,343933
27,OGUN,17,ODOGBOLU,05,ODOGBOLU  II,006,27/17/05/006,"ILODA QUARTERS, ODOGBOLU",EXISTING PU,578,17453,343934
27,OGUN,17,ODOGBOLU,05,ODOGBOLU  II,007,27/17/05/007,"EFIYAN , (FRONTAGE 1ST CHOICE PHOTO), ODOGBOLU",EXISTING PU,578,17453,343935
27,OGUN,17,ODOGBOLU,05,ODOGBOLU  II,008,27/17/05/008,"IDENA QUARTERS, ODOGBOLU",EXISTING PU,578,17453,343936
27,OGUN,17,ODOGBOLU,05,ODOGBOLU  II,009,27/17/05/009,"LOCAL GOVERNMENT MODEL PRIMARY SCHOOL, ODOGBOLU",NEW PU,578,17453,343937
27,OGUN,17,ODOGBOLU,05,ODOGBOLU  II,010,27/17/05/010,"OPEN SPACE ERI ODO SQUARE, ODOGBOLU",NEW PU,578,17453,343938
27,OGUN,17,ODOGBOLU,05,ODOGBOLU  II,011,27/17/05/011,"OPEN SPACE ODOYANGBAN QTRS, ODOGBOLU",NEW PU,578,17453,343939
27,OGUN,17,ODOGBOLU,05,ODOGBOLU  II,012,27/17/05/012,"OPEN SPACE EFIYAN, ODOGBOLU",NEW PU,578,17453,343940
27,OGUN,17,ODOGBOLU,06,AIYEPE,001,27/17/06/001,"OPPOSITE ABA CENTRAL, MOSQUE AIYEPE",EXISTING PU,578,17454,343941
27,OGUN,17,ODOGBOLU,06,AIYEPE,002,27/17/06/002,IDOBIRI MARKET AIYEPE,EXISTING PU,578,17454,343942
27,OGUN,17,ODOGBOLU,06,AIYEPE,003,27/17/06/003,HOLY TRINITY PRY SCH.AIYEPE,EXISTING PU,578,17454,343943
27,OGUN,17,ODOGBOLU,06,AIYEPE,004,27/17/06/004,"OPPOSITE MARKET ODOLOWU, MOSQUE AIYEPE",EXISTING PU,578,17454,343944
27,OGUN,17,ODOGBOLU,06,AIYEPE,005,27/17/06/005,"OPPOSITE ILAKAN MOSQUE, AIYEPE",EXISTING PU,578,17454,343945
27,OGUN,17,ODOGBOLU,06,AIYEPE,006,27/17/06/006,"ST. PAUL SCHOOL, EYINWA",EXISTING PU,578,17454,343946
27,OGUN,17,ODOGBOLU,06,AIYEPE,007,27/17/06/007,"MARKET SQUARE, ABA AIYEPE",EXISTING PU,578,17454,343947
27,OGUN,17,ODOGBOLU,06,AIYEPE,008,27/17/06/008,"FRONTAGE BADA HOUSE AGBOWA ROAD, AIYEPE",EXISTING PU,578,17454,343948
27,OGUN,17,ODOGBOLU,06,AIYEPE,009,27/17/06/009,"OPEN SPACE, ODO AYELUJA, ABA, AIYEPE",NEW PU,578,17454,343949
27,OGUN,17,ODOGBOLU,06,AIYEPE,010,27/17/06/010,"AIYEPE COMMUNITY GRAMMAR SCHOOL, AIYEPE",NEW PU,578,17454,343950
27,OGUN,17,ODOGBOLU,06,AIYEPE,011,27/17/06/011,"OPEN SPACE T-JUNCTION OLD SAGAMU / AGBOWA ROAD, AIYEPE",NEW PU,578,17454,343951
27,OGUN,17,ODOGBOLU,06,AIYEPE,012,27/17/06/012,"OPEN SPACE BACK OF SAWMILL, AIYEPE",NEW PU,578,17454,343952
27,OGUN,17,ODOGBOLU,06,AIYEPE,013,27/17/06/013,"AIYEPE COMPREHENSIVE HIGH SCHOOL, AIYEPE",NEW PU,578,17454,343953
27,OGUN,17,ODOGBOLU,06,AIYEPE,014,27/17/06/014,"OPEN SPACE BARUMI JUNCTION OLOWOPOROKU STREET, ABA , AIYEPE",NEW PU,578,17454,343954
27,OGUN,17,ODOGBOLU,07,OSOSA,001,27/17/07/001,"OBALUFON IDOMOWO  SQUARE, OSOSA",EXISTING PU,578,17455,343955
27,OGUN,17,ODOGBOLU,07,OSOSA,002,27/17/07/002,CATHOLIC SCH. OSOSA,EXISTING PU,578,17455,343956
27,OGUN,17,ODOGBOLU,07,OSOSA,003,27/17/07/003,"OSOSA TOWN HALL, OSOSA",EXISTING PU,578,17455,343957
27,OGUN,17,ODOGBOLU,07,OSOSA,004,27/17/07/004,"OSOSA MARKET/DISPENSARY, OSOSA",EXISTING PU,578,17455,343958
27,OGUN,17,ODOGBOLU,07,OSOSA,005,27/17/07/005,"OPPOSITE IJOKU MOSQUE, OSOSA",EXISTING PU,578,17455,343959
27,OGUN,17,ODOGBOLU,07,OSOSA,006,27/17/07/006,"ST. JOHN SCHOOL, OSOSA",EXISTING PU,578,17455,343960
27,OGUN,17,ODOGBOLU,07,OSOSA,007,27/17/07/007,"SABO MARKET, OSOSA",EXISTING PU,578,17455,343961
27,OGUN,17,ODOGBOLU,07,OSOSA,008,27/17/07/008,OBU OBASA SQUARE OSOSA,NEW PU,578,17455,343962
27,OGUN,17,ODOGBOLU,07,OSOSA,009,27/17/07/009,"MOSLEM PRIMARY SCHOOL, OSOSA",NEW PU,578,17455,343963
27,OGUN,17,ODOGBOLU,07,OSOSA,010,27/17/07/010,"OPEN SPACE OKE ESIN SQUARE, OSOSA",NEW PU,578,17455,343964
27,OGUN,17,ODOGBOLU,07,OSOSA,011,27/17/07/011,"OSALAKOYE SQUARE, OSOSA",NEW PU,578,17455,343965
27,OGUN,17,ODOGBOLU,07,OSOSA,012,27/17/07/012,"POLICE STATION, OSOSA",NEW PU,578,17455,343966
27,OGUN,17,ODOGBOLU,07,OSOSA,013,27/17/07/013,"OPEN SPACE ODOOWA SQUARE, OSOSA",NEW PU,578,17455,343967
27,OGUN,17,ODOGBOLU,07,OSOSA,014,27/17/07/014,"OPEN SPACE OREMEJI CLOSE, OSOSA",NEW PU,578,17455,343968
27,OGUN,17,ODOGBOLU,07,OSOSA,034,27/17/07/034,AFRICAN CHURCH NUR &PRY SCHOOL ABULE ODO ATOKUN,NEW PU,578,17455,343969
27,OGUN,17,ODOGBOLU,08,IDOWA,001,27/17/08/001,"TOWN HALL (IDOWA FRONT), IDOWA",EXISTING PU,578,17456,343970
27,OGUN,17,ODOGBOLU,08,IDOWA,002,27/17/08/002,"ILOYE MATERNITY, IDOWA",EXISTING PU,578,17456,343971
27,OGUN,17,ODOGBOLU,08,IDOWA,003,27/17/08/003,"TOWN HALL, IDOWA (BACK), IDOWA",EXISTING PU,578,17456,343972
27,OGUN,17,ODOGBOLU,08,IDOWA,004,27/17/08/004,"OPP. CHIEF OLU ADEBANJO'S HOUSE (BOOTH), IDOWA",EXISTING PU,578,17456,343973
27,OGUN,17,ODOGBOLU,08,IDOWA,005,27/17/08/005,OPEN SPACE ADEBAYO MARKET,NEW PU,578,17456,343974
27,OGUN,17,ODOGBOLU,08,IDOWA,006,27/17/08/006,COMPREHENSIVE HIGH SCH. IDOWA,NEW PU,578,17456,343975
27,OGUN,17,ODOGBOLU,08,IDOWA,007,27/17/08/007,"GENERAL HOSPITAL, IDOWA",NEW PU,578,17456,343976
27,OGUN,17,ODOGBOLU,08,IDOWA,008,27/17/08/008,"OPEN SPACE POLICE BARRACK ILOYE, IDOWA",NEW PU,578,17456,343977
27,OGUN,17,ODOGBOLU,09,IBEFUN,001,27/17/09/001,"ARAROMI IBEFUN WATER WORKS, IBEFUN",EXISTING PU,578,17457,343978
27,OGUN,17,ODOGBOLU,09,IBEFUN,002,27/17/09/002,"OWODE QUARTERS, (FRONTAGE) OSIPITAN'S HOUSE) IBEFUN",EXISTING PU,578,17457,343979
27,OGUN,17,ODOGBOLU,09,IBEFUN,003,27/17/09/003,CATHOLIC PRY. SCH. IBEFUN,EXISTING PU,578,17457,343980
27,OGUN,17,ODOGBOLU,09,IBEFUN,004,27/17/09/004,OKETUN IBEFUN,EXISTING PU,578,17457,343981
27,OGUN,17,ODOGBOLU,09,IBEFUN,005,27/17/09/005,"FRONTAGE OF MATERNITY CENTRE, (ISALE IBEFUN)",EXISTING PU,578,17457,343982
27,OGUN,17,ODOGBOLU,09,IBEFUN,006,27/17/09/006,MARKET SQUARE IBEFUN,EXISTING PU,578,17457,343983
27,OGUN,17,ODOGBOLU,09,IBEFUN,007,27/17/09/007,ANSAR-UD-DEEN PRY. SCH. IBEFUN,NEW PU,578,17457,343984
27,OGUN,17,ODOGBOLU,09,IBEFUN,008,27/17/09/008,POLICE POST ORETA,NEW PU,578,17457,343985
27,OGUN,17,ODOGBOLU,09,IBEFUN,009,27/17/09/009,"MORNING MARKET SQUARE, ISALE IBEFUN",NEW PU,578,17457,343986
27,OGUN,17,ODOGBOLU,10,ILADO,001,27/17/10/001,INFORNT OF ILADO SOCIAL CLUB SIBADEWA ILADO,EXISTING PU,578,17458,343987
27,OGUN,17,ODOGBOLU,10,ILADO,002,27/17/10/002,"ST. LUKE PRY. SCHOOL IMODI, IJASI",EXISTING PU,578,17458,343988
27,OGUN,17,ODOGBOLU,10,ILADO,003,27/17/10/003,"ODONSELU MARKET, ODONSELU",EXISTING PU,578,17458,343989
27,OGUN,17,ODOGBOLU,10,ILADO,004,27/17/10/004,ABA TIWA/ABA SOOBO,EXISTING PU,578,17458,343990
27,OGUN,17,ODOGBOLU,10,ILADO,005,27/17/10/005,AKIO,EXISTING PU,578,17458,343991
27,OGUN,17,ODOGBOLU,10,ILADO,006,27/17/10/006,ST JOHN ANGLICAN PRY SCH,NEW PU,578,17458,343992
27,OGUN,17,ODOGBOLU,10,ILADO,007,27/17/10/007,TOWN HALL IMODI-IJASI,NEW PU,578,17458,343993
27,OGUN,17,ODOGBOLU,11,OGBO/MORAIKA/ITA-EPO  I,001,27/17/11/001,"IMORU, OPPOSITE IMORU CHURCH",EXISTING PU,578,17459,343994
27,OGUN,17,ODOGBOLU,11,OGBO/MORAIKA/ITA-EPO  I,002,27/17/11/002,MOBALUFON TOWN HALL,EXISTING PU,578,17459,343995
27,OGUN,17,ODOGBOLU,11,OGBO/MORAIKA/ITA-EPO  I,003,27/17/11/003,ADEFISAN,EXISTING PU,578,17459,343996
27,OGUN,17,ODOGBOLU,11,OGBO/MORAIKA/ITA-EPO  I,004,27/17/11/004,"ATIBA, ST. JAMES PRY. SCH. ATIBA",EXISTING PU,578,17459,343997
27,OGUN,17,ODOGBOLU,11,OGBO/MORAIKA/ITA-EPO  I,005,27/17/11/005,"TOWN HALL, EGBE",EXISTING PU,578,17459,343998
27,OGUN,17,ODOGBOLU,11,OGBO/MORAIKA/ITA-EPO  I,006,27/17/11/006,UNITED PRY. SCH. OKE OWA,EXISTING PU,578,17459,343999
27,OGUN,17,ODOGBOLU,11,OGBO/MORAIKA/ITA-EPO  I,007,27/17/11/007,OPPOSITE ODO EPO CHURCH,EXISTING PU,578,17459,344000
27,OGUN,17,ODOGBOLU,11,OGBO/MORAIKA/ITA-EPO  I,008,27/17/11/008,IMAGBON STATION,EXISTING PU,578,17459,344001
27,OGUN,17,ODOGBOLU,11,OGBO/MORAIKA/ITA-EPO  I,009,27/17/11/009,FEDERAL HOUSING ESTATE IKOTO,EXISTING PU,578,17459,344002
27,OGUN,17,ODOGBOLU,11,OGBO/MORAIKA/ITA-EPO  I,010,27/17/11/010,"INFRONT OF BALE HOUSE, LATOGUN",EXISTING PU,578,17459,344003
27,OGUN,17,ODOGBOLU,11,OGBO/MORAIKA/ITA-EPO  I,011,27/17/11/011,INFRONT OF OLU OF OREGU'S HOUSE ARAROMI OREGUN,EXISTING PU,578,17459,344004
27,OGUN,17,ODOGBOLU,11,OGBO/MORAIKA/ITA-EPO  I,012,27/17/11/012,"MARKET SQUARE, IMAKA",EXISTING PU,578,17459,344005
27,OGUN,17,ODOGBOLU,11,OGBO/MORAIKA/ITA-EPO  I,013,27/17/11/013,"OPPOSITE CHURCH, EMUREN",EXISTING PU,578,17459,344006
27,OGUN,17,ODOGBOLU,11,OGBO/MORAIKA/ITA-EPO  I,014,27/17/11/014,LUMODAN IMAGBON,EXISTING PU,578,17459,344007
27,OGUN,17,ODOGBOLU,11,OGBO/MORAIKA/ITA-EPO  I,015,27/17/11/015,"O'DUA COMP. HIG SCHOOL, IMORU",NEW PU,578,17459,344008
27,OGUN,17,ODOGBOLU,11,OGBO/MORAIKA/ITA-EPO  I,016,27/17/11/016,OPEN SPACE ISOPE SQUARE MOBALUFON,NEW PU,578,17459,344009
27,OGUN,17,ODOGBOLU,11,OGBO/MORAIKA/ITA-EPO  I,017,27/17/11/017,OPEN SPACE MOBALUFON WEST MORAIKA,NEW PU,578,17459,344010
27,OGUN,17,ODOGBOLU,11,OGBO/MORAIKA/ITA-EPO  I,018,27/17/11/018,ADEFISAN MARKET,NEW PU,578,17459,344011
27,OGUN,17,ODOGBOLU,11,OGBO/MORAIKA/ITA-EPO  I,019,27/17/11/019,MOSLEM PRY SCH. ITANRIN,NEW PU,578,17459,344012
27,OGUN,17,ODOGBOLU,11,OGBO/MORAIKA/ITA-EPO  I,020,27/17/11/020,ATIBA TOWN HALL SQUARE,NEW PU,578,17459,344013
27,OGUN,17,ODOGBOLU,11,OGBO/MORAIKA/ITA-EPO  I,021,27/17/11/021,"OPEN SPACE POWER LINE, ATIBA",NEW PU,578,17459,344014
27,OGUN,17,ODOGBOLU,11,OGBO/MORAIKA/ITA-EPO  I,022,27/17/11/022,"OPEN SPACE IBAGBA SQUARE, EGBE",NEW PU,578,17459,344015
27,OGUN,17,ODOGBOLU,11,OGBO/MORAIKA/ITA-EPO  I,023,27/17/11/023,"OPEN SPACE EYINFUN SQUARE, EGBE",NEW PU,578,17459,344016
27,OGUN,17,ODOGBOLU,11,OGBO/MORAIKA/ITA-EPO  I,024,27/17/11/024,"HOLY TRINITY HEALTH CENTRE ,IKOTO",NEW PU,578,17459,344017
27,OGUN,17,ODOGBOLU,11,OGBO/MORAIKA/ITA-EPO  I,025,27/17/11/025,"OPEN SPACE OGUNLADE ESTATE JUNCTION, OKE OWA",NEW PU,578,17459,344018
27,OGUN,17,ODOGBOLU,11,OGBO/MORAIKA/ITA-EPO  I,026,27/17/11/026,"ST JOSEPH CATHOLIC PRY SCH. F.H. ESTATE, IKOTO",NEW PU,578,17459,344019
27,OGUN,17,ODOGBOLU,11,OGBO/MORAIKA/ITA-EPO  I,027,27/17/11/027,"ST JAMES PRY. SCHOOL, LATOGUN",NEW PU,578,17459,344020
27,OGUN,17,ODOGBOLU,11,OGBO/MORAIKA/ITA-EPO  I,028,27/17/11/028,"OPEN SPACE T-JUNCTION OGUNYEMI STREET, OREGUN",NEW PU,578,17459,344021
27,OGUN,17,ODOGBOLU,12,ALA/IGBILE,001,27/17/12/001,"OPPOSITE ALUKO MOSQUE, AKA",EXISTING PU,578,17460,344022
27,OGUN,17,ODOGBOLU,12,ALA/IGBILE,002,27/17/12/002,"TOWN HALL ALA, FRONT",EXISTING PU,578,17460,344023
27,OGUN,17,ODOGBOLU,12,ALA/IGBILE,003,27/17/12/003,"FRONTAGE MATERNITY, ILOFA/IWAYE IGBILE",EXISTING PU,578,17460,344024
27,OGUN,17,ODOGBOLU,12,ALA/IGBILE,004,27/17/12/004,SIFOLU/OWODE IGBILE,EXISTING PU,578,17460,344025
27,OGUN,17,ODOGBOLU,12,ALA/IGBILE,005,27/17/12/005,INFRONT OF OLORILU'S HOUSE OKE-ORUNDUN,EXISTING PU,578,17460,344026
27,OGUN,17,ODOGBOLU,12,ALA/IGBILE,006,27/17/12/006,ARAROMI SQUARE ALA,EXISTING PU,578,17460,344027
27,OGUN,17,ODOGBOLU,12,ALA/IGBILE,007,27/17/12/007,"TOWN HALL, ALL BACK",EXISTING PU,578,17460,344028
27,OGUN,17,ODOGBOLU,13,JOBORE/IBIDO/IKISE,001,27/17/13/001,"ST. MICHAEL PRY. SCHOOL, JOBORE",EXISTING PU,578,17461,344029
27,OGUN,17,ODOGBOLU,13,JOBORE/IBIDO/IKISE,002,27/17/13/002,"OLORUNSOGO TOWN HALL, IBIDO",EXISTING PU,578,17461,344030
27,OGUN,17,ODOGBOLU,13,JOBORE/IBIDO/IKISE,003,27/17/13/003,"FRONTAGE JAMES HOUSE, IKISE",EXISTING PU,578,17461,344031
27,OGUN,17,ODOGBOLU,13,JOBORE/IBIDO/IKISE,004,27/17/13/004,"TOWN HALL, JOBORE",NEW PU,578,17461,344032
27,OGUN,17,ODOGBOLU,14,OMU,001,27/17/14/001,"Z.I. PRY. SCHOOL OKE, OYINBO OMU",EXISTING PU,578,17462,344033
27,OGUN,17,ODOGBOLU,14,OMU,002,27/17/14/002,"U.N.A. PRY. SCHOOL, OMU",EXISTING PU,578,17462,344034
27,OGUN,17,ODOGBOLU,14,OMU,003,27/17/14/003,"SAINT PAUL SCHOOL, OMU",EXISTING PU,578,17462,344035
27,OGUN,17,ODOGBOLU,14,OMU,004,27/17/14/004,"OPPOSITE MOTA MOSQUE, OMU",EXISTING PU,578,17462,344036
27,OGUN,17,ODOGBOLU,14,OMU,005,27/17/14/005,"FRONTAGE OLISA HOUSE, OMU",EXISTING PU,578,17462,344037
27,OGUN,17,ODOGBOLU,14,OMU,006,27/17/14/006,OPPOSITE IRETE MOSQUE,EXISTING PU,578,17462,344038
27,OGUN,17,ODOGBOLU,14,OMU,007,27/17/14/007,"BESIDE ITA ALE MARKET, OMU",EXISTING PU,578,17462,344039
27,OGUN,17,ODOGBOLU,14,OMU,008,27/17/14/008,"FRONTAGE OGUNLANA HOUSE, DEGORUNSE",EXISTING PU,578,17462,344040
27,OGUN,17,ODOGBOLU,14,OMU,009,27/17/14/009,"IGBODILE/AYEGBAMI, OMU",EXISTING PU,578,17462,344041
27,OGUN,17,ODOGBOLU,14,OMU,010,27/17/14/010,"FRONTAGE ONANIYI'S HOUSE, OMU",EXISTING PU,578,17462,344042
27,OGUN,17,ODOGBOLU,14,OMU,011,27/17/14/011,"Z.I  PRIMARY SCHOOL, OMU",NEW PU,578,17462,344043
27,OGUN,17,ODOGBOLU,14,OMU,012,27/17/14/012,IFESOWAPO DAILY RETAIL MARKET,NEW PU,578,17462,344044
27,OGUN,17,ODOGBOLU,15,OGBO/MORAIKA/ITA EPO II,001,27/17/15/001,IMAWEJE TOWN HALL,EXISTING PU,578,17463,344045
27,OGUN,17,ODOGBOLU,15,OGBO/MORAIKA/ITA EPO II,002,27/17/15/002,"OPPOSITE CHURCH, IDAGBO",EXISTING PU,578,17463,344046
27,OGUN,17,ODOGBOLU,15,OGBO/MORAIKA/ITA EPO II,003,27/17/15/003,"OPPOSITE IBIDO, OGBO CHURCH",EXISTING PU,578,17463,344047
27,OGUN,17,ODOGBOLU,15,OGBO/MORAIKA/ITA EPO II,004,27/17/15/004,TASCE IJAGUN BUS-STOP,EXISTING PU,578,17463,344048
27,OGUN,17,ODOGBOLU,15,OGBO/MORAIKA/ITA EPO II,005,27/17/15/005,ISANYA OGBO MATERNITY,EXISTING PU,578,17463,344049
27,OGUN,17,ODOGBOLU,15,OGBO/MORAIKA/ITA EPO II,006,27/17/15/006,MARKET SQUARE OKELAMUREN,EXISTING PU,578,17463,344050
27,OGUN,17,ODOGBOLU,15,OGBO/MORAIKA/ITA EPO II,007,27/17/15/007,ABAPAWA,EXISTING PU,578,17463,344051
27,OGUN,17,ODOGBOLU,15,OGBO/MORAIKA/ITA EPO II,008,27/17/15/008,"ARAROMI UNITED PRY. SCHOOL, IMAWEJE",NEW PU,578,17463,344052
27,OGUN,17,ODOGBOLU,15,OGBO/MORAIKA/ITA EPO II,009,27/17/15/009,"OPEN SPACE OPP. TRANSFORMER, IMAWEJE",NEW PU,578,17463,344053
27,OGUN,17,ODOGBOLU,15,OGBO/MORAIKA/ITA EPO II,010,27/17/15/010,"TOWN HALL,  IJELE",NEW PU,578,17463,344054
27,OGUN,17,ODOGBOLU,15,OGBO/MORAIKA/ITA EPO II,011,27/17/15/011,"TOWN HALL ,ILUPEJU",NEW PU,578,17463,344055
27,OGUN,17,ODOGBOLU,15,OGBO/MORAIKA/ITA EPO II,012,27/17/15/012,OPEN SPACE ODO AGAMEGI,NEW PU,578,17463,344056
27,OGUN,17,ODOGBOLU,15,OGBO/MORAIKA/ITA EPO II,013,27/17/15/013,TOWN HALL IKOFA,NEW PU,578,17463,344057
27,OGUN,18,OGUN WATER SIDE,01,IWOPIN,001,27/18/01/001,"L.G. SCHOOL, IWOPIN",EXISTING PU,579,17464,344058
27,OGUN,18,OGUN WATER SIDE,01,IWOPIN,002,27/18/01/002,"ST. MARY'S PRY. SCHOOL, OLOJU META",EXISTING PU,579,17464,344059
27,OGUN,18,OGUN WATER SIDE,01,IWOPIN,003,27/18/01/003,"FISHERIES OFFICE, EHINDI",EXISTING PU,579,17464,344060
27,OGUN,18,OGUN WATER SIDE,01,IWOPIN,004,27/18/01/004,"L.G. SCHOOL, IMOSIRI",EXISTING PU,579,17464,344061
27,OGUN,18,OGUN WATER SIDE,01,IWOPIN,005,27/18/01/005,EBUTE ILAMO SQUARE,EXISTING PU,579,17464,344062
27,OGUN,18,OGUN WATER SIDE,01,IWOPIN,006,27/18/01/006,"I.P.R.C. PRY. SCHOOL, IWOPIN",EXISTING PU,579,17464,344063
27,OGUN,18,OGUN WATER SIDE,01,IWOPIN,007,27/18/01/007,"L.G. SCHOOL, IMEKI",EXISTING PU,579,17464,344064
27,OGUN,18,OGUN WATER SIDE,01,IWOPIN,008,27/18/01/008,"TOWN HALL, IWOPIN",EXISTING PU,579,17464,344065
27,OGUN,18,OGUN WATER SIDE,01,IWOPIN,009,27/18/01/009,"ST PETER'S ANGLICAN PRY SCHOOL, IWOPIN",NEW PU,579,17464,344066
27,OGUN,18,OGUN WATER SIDE,01,IWOPIN,010,27/18/01/010,"OPEN SPACE AT KOREDE MARKET, IWOPIN",NEW PU,579,17464,344067
27,OGUN,18,OGUN WATER SIDE,01,IWOPIN,011,27/18/01/011,COMMUNITY PRIMARY SCHOOL AIYEGBAMI,NEW PU,579,17464,344068
27,OGUN,18,OGUN WATER SIDE,01,IWOPIN,012,27/18/01/012,"ST. KIZITO HIGH SCHOOL, IWOPIN",NEW PU,579,17464,344069
27,OGUN,18,OGUN WATER SIDE,01,IWOPIN,013,27/18/01/013,OLD L.G DISPENSARY HEALTH CENTRE,NEW PU,579,17464,344070
27,OGUN,18,OGUN WATER SIDE,02,ONI,001,27/18/02/001,"L.G SCH, ONI I",EXISTING PU,579,17465,344071
27,OGUN,18,OGUN WATER SIDE,02,ONI,002,27/18/02/002,L.G SCH. ONI II,EXISTING PU,579,17465,344072
27,OGUN,18,OGUN WATER SIDE,02,ONI,003,27/18/02/003,"ST PETER'S PRY SCH, OLOGBUN",EXISTING PU,579,17465,344073
27,OGUN,18,OGUN WATER SIDE,02,ONI,004,27/18/02/004,"L.G SCH, AKILA",EXISTING PU,579,17465,344074
27,OGUN,18,OGUN WATER SIDE,02,ONI,005,27/18/02/005,ORITA OMO SQUARE,EXISTING PU,579,17465,344075
27,OGUN,18,OGUN WATER SIDE,02,ONI,006,27/18/02/006,"L.G SCH, ALO",EXISTING PU,579,17465,344076
27,OGUN,18,OGUN WATER SIDE,02,ONI,007,27/18/02/007,"ST PETERS PRY SCH, ORIYANRIN",EXISTING PU,579,17465,344077
27,OGUN,18,OGUN WATER SIDE,02,ONI,008,27/18/02/008,"DEMOLU QUARTERS, ONI",EXISTING PU,579,17465,344078
27,OGUN,18,OGUN WATER SIDE,02,ONI,009,27/18/02/009,"MATERNITY CENTRE, ONI",EXISTING PU,579,17465,344079
27,OGUN,18,OGUN WATER SIDE,02,ONI,010,27/18/02/010,"OPEN SPACE OPP, BALOGUN BELLO'S HOUSE",EXISTING PU,579,17465,344080
27,OGUN,18,OGUN WATER SIDE,02,ONI,011,27/18/02/011,OPEN SPACE OPP. AWONUGA'S HOUSE,EXISTING PU,579,17465,344081
27,OGUN,18,OGUN WATER SIDE,02,ONI,012,27/18/02/012,"L.G SCHOOL MALOFE, ONI",NEW PU,579,17465,344082
27,OGUN,18,OGUN WATER SIDE,03,IBIADE,001,27/18/03/001,TEBUWO SQUARE,EXISTING PU,579,17466,344083
27,OGUN,18,OGUN WATER SIDE,03,IBIADE,002,27/18/03/002,"ST. MICH. PRY SCHOOL, IBIADE",EXISTING PU,579,17466,344084
27,OGUN,18,OGUN WATER SIDE,03,IBIADE,003,27/18/03/003,TOSO SQUARE,EXISTING PU,579,17466,344085
27,OGUN,18,OGUN WATER SIDE,03,IBIADE,004,27/18/03/004,TOGBUNRI SQUARE,EXISTING PU,579,17466,344086
27,OGUN,18,OGUN WATER SIDE,03,IBIADE,005,27/18/03/005,TAYOKU SQUARE,EXISTING PU,579,17466,344087
27,OGUN,18,OGUN WATER SIDE,03,IBIADE,006,27/18/03/006,TIPETU SQUARE,EXISTING PU,579,17466,344088
27,OGUN,18,OGUN WATER SIDE,03,IBIADE,007,27/18/03/007,"L.G. SCHOOL, IBIADE I",EXISTING PU,579,17466,344089
27,OGUN,18,OGUN WATER SIDE,03,IBIADE,008,27/18/03/008,"L.G. SCHOOL, IBIADE II",EXISTING PU,579,17466,344090
27,OGUN,18,OGUN WATER SIDE,03,IBIADE,009,27/18/03/009,ARAROMI QUARTERS,EXISTING PU,579,17466,344091
27,OGUN,18,OGUN WATER SIDE,03,IBIADE,010,27/18/03/010,L.G. SCHOOL FARM SETTLEMENT,EXISTING PU,579,17466,344092
27,OGUN,18,OGUN WATER SIDE,03,IBIADE,011,27/18/03/011,(OPEN SPACE) ZION IBIADE,EXISTING PU,579,17466,344093
27,OGUN,18,OGUN WATER SIDE,03,IBIADE,012,27/18/03/012,OPEN SPACE OPP. ODULAJA'S HOUSE,EXISTING PU,579,17466,344094
27,OGUN,18,OGUN WATER SIDE,03,IBIADE,013,27/18/03/013,"HEALTH CENTRE, IBIADE (GEN. HOSPITAL ROAD)",EXISTING PU,579,17466,344095
27,OGUN,18,OGUN WATER SIDE,04,LUKOGBE/ILUSIN,001,27/18/04/001,L.G. SCHOOL LUKOGBE  I,EXISTING PU,579,17467,344096
27,OGUN,18,OGUN WATER SIDE,04,LUKOGBE/ILUSIN,002,27/18/04/002,L.G. SCHOOL LUKOGBE  II,EXISTING PU,579,17467,344097
27,OGUN,18,OGUN WATER SIDE,04,LUKOGBE/ILUSIN,003,27/18/04/003,ITUN MELEKUN LOKULA,EXISTING PU,579,17467,344098
27,OGUN,18,OGUN WATER SIDE,04,LUKOGBE/ILUSIN,004,27/18/04/004,L.G. SCHOOL ILUSIN  I,EXISTING PU,579,17467,344099
27,OGUN,18,OGUN WATER SIDE,04,LUKOGBE/ILUSIN,005,27/18/04/005,L.G. SCHOOL ILUSIN  II,EXISTING PU,579,17467,344100
27,OGUN,18,OGUN WATER SIDE,04,LUKOGBE/ILUSIN,006,27/18/04/006,ILUSIN ZION,EXISTING PU,579,17467,344101
27,OGUN,18,OGUN WATER SIDE,04,LUKOGBE/ILUSIN,007,27/18/04/007,F.S.P. MARKET AGBURE,EXISTING PU,579,17467,344102
27,OGUN,18,OGUN WATER SIDE,04,LUKOGBE/ILUSIN,008,27/18/04/008,L.G. SCHOOL ARAFIN,EXISTING PU,579,17467,344103
27,OGUN,18,OGUN WATER SIDE,04,LUKOGBE/ILUSIN,009,27/18/04/009,LABOUR CAMP,EXISTING PU,579,17467,344104
27,OGUN,18,OGUN WATER SIDE,04,LUKOGBE/ILUSIN,010,27/18/04/010,ST. JOHN'S PRY. SCH. AGODO,EXISTING PU,579,17467,344105
27,OGUN,18,OGUN WATER SIDE,04,LUKOGBE/ILUSIN,011,27/18/04/011,LABOUR CAMP  I,EXISTING PU,579,17467,344106
27,OGUN,18,OGUN WATER SIDE,04,LUKOGBE/ILUSIN,012,27/18/04/012,LABOUR CAMP  II,EXISTING PU,579,17467,344107
27,OGUN,18,OGUN WATER SIDE,04,LUKOGBE/ILUSIN,013,27/18/04/013,LABOUR CAMP  III,EXISTING PU,579,17467,344108
27,OGUN,18,OGUN WATER SIDE,04,LUKOGBE/ILUSIN,014,27/18/04/014,APATAL ODUNI JUNCTION,EXISTING PU,579,17467,344109
27,OGUN,18,OGUN WATER SIDE,04,LUKOGBE/ILUSIN,015,27/18/04/015,BAGBE CAMP,EXISTING PU,579,17467,344110
27,OGUN,18,OGUN WATER SIDE,04,LUKOGBE/ILUSIN,016,27/18/04/016,"HEALTH CENTRE, AGBURE",NEW PU,579,17467,344111
27,OGUN,18,OGUN WATER SIDE,05,ABIGI,001,27/18/05/001,MOSLEM PAY SCHOOL ABIGI  I,EXISTING PU,579,17468,344112
27,OGUN,18,OGUN WATER SIDE,05,ABIGI,002,27/18/05/002,MOSLEM PAY SCHOOL ABIGI II,EXISTING PU,579,17468,344113
27,OGUN,18,OGUN WATER SIDE,05,ABIGI,003,27/18/05/003,ST. THOMAS PRY. SCHOOL I ABIGI,EXISTING PU,579,17468,344114
27,OGUN,18,OGUN WATER SIDE,05,ABIGI,004,27/18/05/004,ST. THOMAS PRY. SCHOOL II ABIGI,EXISTING PU,579,17468,344115
27,OGUN,18,OGUN WATER SIDE,05,ABIGI,005,27/18/05/005,MARKET SQUARE SQUARE ABIGI  I,EXISTING PU,579,17468,344116
27,OGUN,18,OGUN WATER SIDE,05,ABIGI,006,27/18/05/006,MARKET SQUARE ABIGI  II,EXISTING PU,579,17468,344117
27,OGUN,18,OGUN WATER SIDE,05,ABIGI,007,27/18/05/007,L.G. SCHOOL ITA-OGUN,EXISTING PU,579,17468,344118
27,OGUN,18,OGUN WATER SIDE,05,ABIGI,008,27/18/05/008,ITATIKELI JUNCTION,EXISTING PU,579,17468,344119
27,OGUN,18,OGUN WATER SIDE,05,ABIGI,009,27/18/05/009,"L.G. SCHOOL, ITA-OUT",EXISTING PU,579,17468,344120
27,OGUN,18,OGUN WATER SIDE,05,ABIGI,010,27/18/05/010,IGBAFO  I,EXISTING PU,579,17468,344121
27,OGUN,18,OGUN WATER SIDE,05,ABIGI,011,27/18/05/011,IGBAFO  II,EXISTING PU,579,17468,344122
27,OGUN,18,OGUN WATER SIDE,05,ABIGI,012,27/18/05/012,NPC OFFICE ABIGI,EXISTING PU,579,17468,344123
27,OGUN,18,OGUN WATER SIDE,05,ABIGI,013,27/18/05/013,AYEGBAMI QUARTERS,EXISTING PU,579,17468,344124
27,OGUN,18,OGUN WATER SIDE,05,ABIGI,014,27/18/05/014,PELEBE AT OKO-IGBO,EXISTING PU,579,17468,344125
27,OGUN,18,OGUN WATER SIDE,05,ABIGI,015,27/18/05/015,"L.G SCHOOL (II),ITA OGUN",NEW PU,579,17468,344126
27,OGUN,18,OGUN WATER SIDE,06,EFIRE,001,27/18/06/001,ILE-ONA NEAR OLD  CENTRAL  MOSQUE,EXISTING PU,579,17469,344127
27,OGUN,18,OGUN WATER SIDE,06,EFIRE,002,27/18/06/002,IFELO DUN UNITED PRY. SCHOOL,EXISTING PU,579,17469,344128
27,OGUN,18,OGUN WATER SIDE,06,EFIRE,003,27/18/06/003,ONA ERI QUARTER'S,EXISTING PU,579,17469,344129
27,OGUN,18,OGUN WATER SIDE,06,EFIRE,004,27/18/06/004,UBIKU CAMP,EXISTING PU,579,17469,344130
27,OGUN,18,OGUN WATER SIDE,06,EFIRE,005,27/18/06/005,L.G. SCHOOL BOLOUNDURO,EXISTING PU,579,17469,344131
27,OGUN,18,OGUN WATER SIDE,06,EFIRE,006,27/18/06/006,CALABAR CAMP  I,EXISTING PU,579,17469,344132
27,OGUN,18,OGUN WATER SIDE,06,EFIRE,007,27/18/06/007,CALABAR CAMP  II,EXISTING PU,579,17469,344133
27,OGUN,18,OGUN WATER SIDE,06,EFIRE,008,27/18/06/008,AJE BAMIDELE,EXISTING PU,579,17469,344134
27,OGUN,18,OGUN WATER SIDE,06,EFIRE,009,27/18/06/009,ONADA SQUARE,EXISTING PU,579,17469,344135
27,OGUN,18,OGUN WATER SIDE,06,EFIRE,010,27/18/06/010,LEREN CAMP,EXISTING PU,579,17469,344136
27,OGUN,18,OGUN WATER SIDE,06,EFIRE,011,27/18/06/011,SUNBARE'S CAMP [JEREMIAH],EXISTING PU,579,17469,344137
27,OGUN,18,OGUN WATER SIDE,07,AYEDE/LOMIRO,001,27/18/07/001,"R.C.M. SCHOOL, AYEDE",EXISTING PU,579,17470,344138
27,OGUN,18,OGUN WATER SIDE,07,AYEDE/LOMIRO,002,27/18/07/002,"ST. LUKE'S SCHOOL, LUWODO",EXISTING PU,579,17470,344139
27,OGUN,18,OGUN WATER SIDE,07,AYEDE/LOMIRO,003,27/18/07/003,"ST. PAUL'S SCHOOL, IYODAN",EXISTING PU,579,17470,344140
27,OGUN,18,OGUN WATER SIDE,07,AYEDE/LOMIRO,004,27/18/07/004,"ST. JOHN'S SCHOOL, AJEGUNLE",EXISTING PU,579,17470,344141
27,OGUN,18,OGUN WATER SIDE,07,AYEDE/LOMIRO,005,27/18/07/005,"C.M.S SCHOOL, LOMIRO",EXISTING PU,579,17470,344142
27,OGUN,18,OGUN WATER SIDE,07,AYEDE/LOMIRO,006,27/18/07/006,"HEALTH CENTRE, LOFOLUWA",EXISTING PU,579,17470,344143
27,OGUN,18,OGUN WATER SIDE,07,AYEDE/LOMIRO,007,27/18/07/007,"L.G. SCHOOL, IDOBILAYO",EXISTING PU,579,17470,344144
27,OGUN,18,OGUN WATER SIDE,07,AYEDE/LOMIRO,008,27/18/07/008,"L.G. SCHOOL, IPAI KEMORE",EXISTING PU,579,17470,344145
27,OGUN,18,OGUN WATER SIDE,07,AYEDE/LOMIRO,009,27/18/07/009,OLOLA CAMP,EXISTING PU,579,17470,344146
27,OGUN,18,OGUN WATER SIDE,07,AYEDE/LOMIRO,010,27/18/07/010,"ST. MICH. PRY SCHOOL, LIGUN",EXISTING PU,579,17470,344147
27,OGUN,18,OGUN WATER SIDE,07,AYEDE/LOMIRO,011,27/18/07/011,LAPETI BAALE'S QUARTERS,EXISTING PU,579,17470,344148
27,OGUN,18,OGUN WATER SIDE,07,AYEDE/LOMIRO,012,27/18/07/012,"ST. ANDREW'S ANGLICAN PRIMARY SCHOOL, AYEDE",NEW PU,579,17470,344149
27,OGUN,18,OGUN WATER SIDE,07,AYEDE/LOMIRO,013,27/18/07/013,"LOMIRO TOWN HALL, LOMIRO",NEW PU,579,17470,344150
27,OGUN,18,OGUN WATER SIDE,07,AYEDE/LOMIRO,014,27/18/07/014,"C.M.S SCHOOL  (II), LOMIRO",NEW PU,579,17470,344151
27,OGUN,18,OGUN WATER SIDE,08,AYILA/ITEBU,001,27/18/08/001,ST. PHILLIP'S PRY. SCHOOL,EXISTING PU,579,17471,344152
27,OGUN,18,OGUN WATER SIDE,08,AYILA/ITEBU,002,27/18/08/002,"ST. JOHN'S PRY. SCHOOL, AYILA  I",EXISTING PU,579,17471,344153
27,OGUN,18,OGUN WATER SIDE,08,AYILA/ITEBU,003,27/18/08/003,"ST. JOHN'S PRY SCH, AYILA II",EXISTING PU,579,17471,344154
27,OGUN,18,OGUN WATER SIDE,08,AYILA/ITEBU,004,27/18/08/004,"ST. JOSEPH R.C.M. SCHOOL, AYILA",EXISTING PU,579,17471,344155
27,OGUN,18,OGUN WATER SIDE,08,AYILA/ITEBU,005,27/18/08/005,"ST. JOSEPH R.C.M. SCHOOL, AYILA",EXISTING PU,579,17471,344156
27,OGUN,18,OGUN WATER SIDE,08,AYILA/ITEBU,006,27/18/08/006,"ST. DAVID PRY. SCHOOL, AYE TUMARE",EXISTING PU,579,17471,344157
27,OGUN,18,OGUN WATER SIDE,08,AYILA/ITEBU,007,27/18/08/007,"ST. MARKS SCHOOL, ITEBU",EXISTING PU,579,17471,344158
27,OGUN,18,OGUN WATER SIDE,08,AYILA/ITEBU,008,27/18/08/008,DOLUKE QUARTERS,EXISTING PU,579,17471,344159
27,OGUN,18,OGUN WATER SIDE,08,AYILA/ITEBU,009,27/18/08/009,AGO-AJAYE QUARTERS,EXISTING PU,579,17471,344160
27,OGUN,18,OGUN WATER SIDE,09,MAKUN/IROKUN,001,27/18/09/001,"L.G. SCHOOL, MAKUN OMI",EXISTING PU,579,17472,344161
27,OGUN,18,OGUN WATER SIDE,09,MAKUN/IROKUN,002,27/18/09/002,MOHA VILLAGE SQUARE,EXISTING PU,579,17472,344162
27,OGUN,18,OGUN WATER SIDE,09,MAKUN/IROKUN,003,27/18/09/003,"L.G. SCHOOL, EBA",EXISTING PU,579,17472,344163
27,OGUN,18,OGUN WATER SIDE,09,MAKUN/IROKUN,004,27/18/09/004,"L.G. SCHOOL, IROKUN",EXISTING PU,579,17472,344164
27,OGUN,18,OGUN WATER SIDE,09,MAKUN/IROKUN,005,27/18/09/005,"L.G. SCHOOL, IGBO-EDU",EXISTING PU,579,17472,344165
27,OGUN,18,OGUN WATER SIDE,09,MAKUN/IROKUN,006,27/18/09/006,"L.G. SCHOOL, IROKUN",EXISTING PU,579,17472,344166
27,OGUN,18,OGUN WATER SIDE,09,MAKUN/IROKUN,007,27/18/09/007,"MATERNITY CENTRE, MAKUN-OMI",EXISTING PU,579,17472,344167
27,OGUN,18,OGUN WATER SIDE,09,MAKUN/IROKUN,008,27/18/09/008,ARIYAN VILLAGE SQUARE,EXISTING PU,579,17472,344168
27,OGUN,18,OGUN WATER SIDE,09,MAKUN/IROKUN,009,27/18/09/009,ASEPH CAMP IGBO-EDU  I,EXISTING PU,579,17472,344169
27,OGUN,18,OGUN WATER SIDE,09,MAKUN/IROKUN,010,27/18/09/010,ASEPH CAMP IGBO-EDU  II,EXISTING PU,579,17472,344170
27,OGUN,18,OGUN WATER SIDE,09,MAKUN/IROKUN,011,27/18/09/011,"NEAR CHIEF TAYO AJAYI'S HOUSE, MAKUN",EXISTING PU,579,17472,344171
27,OGUN,18,OGUN WATER SIDE,09,MAKUN/IROKUN,012,27/18/09/012,"TOWN HALL, IMAKUN",NEW PU,579,17472,344172
27,OGUN,18,OGUN WATER SIDE,10,ODE-OMI,001,27/18/10/001,"L.G. SCHOOL, ODE-OMI  I",EXISTING PU,579,17473,344173
27,OGUN,18,OGUN WATER SIDE,10,ODE-OMI,002,27/18/10/002,"L.G. SCHOOL, IGBOSERE",EXISTING PU,579,17473,344174
27,OGUN,18,OGUN WATER SIDE,10,ODE-OMI,003,27/18/10/003,"L.G. SCHOOL, AWODIKORA",EXISTING PU,579,17473,344175
27,OGUN,18,OGUN WATER SIDE,10,ODE-OMI,004,27/18/10/004,"L.G. SCHOOL, OKUN ILETE",EXISTING PU,579,17473,344176
27,OGUN,18,OGUN WATER SIDE,10,ODE-OMI,005,27/18/10/005,L.G. SCHOOL OKUN ALEFON,EXISTING PU,579,17473,344177
27,OGUN,18,OGUN WATER SIDE,10,ODE-OMI,006,27/18/10/006,"RICE MILL, BARIKEN",EXISTING PU,579,17473,344178
27,OGUN,18,OGUN WATER SIDE,10,ODE-OMI,007,27/18/10/007,OKUN ISEKUN,EXISTING PU,579,17473,344179
27,OGUN,18,OGUN WATER SIDE,10,ODE-OMI,008,27/18/10/008,OPEN SPACE AT ILETE,EXISTING PU,579,17473,344180
27,OGUN,18,OGUN WATER SIDE,10,ODE-OMI,009,27/18/10/009,OPEN SPACE AT IGBESERE,EXISTING PU,579,17473,344181
27,OGUN,18,OGUN WATER SIDE,10,ODE-OMI,010,27/18/10/010,"HEALTH CENTRE, ODE-OMI",NEW PU,579,17473,344182
27,OGUN,18,OGUN WATER SIDE,10,ODE-OMI,011,27/18/10/011,"TOWN HALL, ODE - OMI",NEW PU,579,17473,344183
27,OGUN,19,REMO NORTH,01,AYEGBAMI,001,27/19/01/001,OPEN SPACE AT AGO ARO JUNCTION  I,EXISTING PU,580,17474,344184
27,OGUN,19,REMO NORTH,01,AYEGBAMI,002,27/19/01/002,OPEN SPACE AT AGO ARO JUNCTION  II,EXISTING PU,580,17474,344185
27,OGUN,19,REMO NORTH,01,AYEGBAMI,003,27/19/01/003,OPEN SPACE AT IDI-ABA,EXISTING PU,580,17474,344186
27,OGUN,19,REMO NORTH,01,AYEGBAMI,004,27/19/01/004,"ST. PETERS SCHOOL, AYEGBAMI ISARA",EXISTING PU,580,17474,344187
27,OGUN,19,REMO NORTH,01,AYEGBAMI,005,27/19/01/005,OPEN SPACE AT ALL WELL (AT OMO OLOWO) I,EXISTING PU,580,17474,344188
27,OGUN,19,REMO NORTH,01,AYEGBAMI,006,27/19/01/006,OPEN SPACE AT ALL WELL (AT OMO OLOWO) II,EXISTING PU,580,17474,344189
27,OGUN,19,REMO NORTH,01,AYEGBAMI,007,27/19/01/007,OPEN SPACE AT ARAROMI MIDWAY  I,EXISTING PU,580,17474,344190
27,OGUN,19,REMO NORTH,01,AYEGBAMI,008,27/19/01/008,OPEN SPACE AT ARAROMI MIDWAY  II,EXISTING PU,580,17474,344191
27,OGUN,19,REMO NORTH,01,AYEGBAMI,009,27/19/01/009,OPEN SPACE ATLEMO (AT ITALE),EXISTING PU,580,17474,344192
27,OGUN,19,REMO NORTH,01,AYEGBAMI,010,27/19/01/010,OPEN SPACE AT ALAGOMEJI,EXISTING PU,580,17474,344193
27,OGUN,19,REMO NORTH,01,AYEGBAMI,011,27/19/01/011,OPEN SPACE AT IFEPE MID-WAY,EXISTING PU,580,17474,344194
27,OGUN,19,REMO NORTH,01,AYEGBAMI,012,27/19/01/012,"OPEN SPACE AT AYEGBAMI (TOKOTAYA), ISARA",EXISTING PU,580,17474,344195
27,OGUN,19,REMO NORTH,01,AYEGBAMI,013,27/19/01/013,"OPEN SPACE AT OLOPOMEWA, ISARA",EXISTING PU,580,17474,344196
27,OGUN,19,REMO NORTH,01,AYEGBAMI,014,27/19/01/014,"OPEN SPACE AT MOTOYE, ISARA",EXISTING PU,580,17474,344197
27,OGUN,19,REMO NORTH,01,AYEGBAMI,015,27/19/01/015,OPEN SPACE AT EREDO,EXISTING PU,580,17474,344198
27,OGUN,19,REMO NORTH,01,AYEGBAMI,016,27/19/01/016,OPEN SPACE AT SAREPAWO,EXISTING PU,580,17474,344199
27,OGUN,19,REMO NORTH,01,AYEGBAMI,017,27/19/01/017,"OPEN SPACE FRONT OF MATERNITY CENTRE, MADA",NEW PU,580,17474,344200
27,OGUN,19,REMO NORTH,02,IGAN/AJINA,001,27/19/02/001,OPEN SPACE AT OLIWO JUNCTION  I,EXISTING PU,580,17475,344201
27,OGUN,19,REMO NORTH,02,IGAN/AJINA,002,27/19/02/002,OPEN SPACE ATOLIWO JUNCTION  II,EXISTING PU,580,17475,344202
27,OGUN,19,REMO NORTH,02,IGAN/AJINA,003,27/19/02/003,"AJINA SQUARE  I, ISARA",EXISTING PU,580,17475,344203
27,OGUN,19,REMO NORTH,02,IGAN/AJINA,004,27/19/02/004,"AJINA SQUARE  II, ISARA",EXISTING PU,580,17475,344204
27,OGUN,19,REMO NORTH,02,IGAN/AJINA,005,27/19/02/005,OPEN SPACE AT JABATA  I,EXISTING PU,580,17475,344205
27,OGUN,19,REMO NORTH,02,IGAN/AJINA,006,27/19/02/006,OPEN SPACE AT JABATA  II,EXISTING PU,580,17475,344206
27,OGUN,19,REMO NORTH,02,IGAN/AJINA,007,27/19/02/007,OPEN SPACE AT JABATA  III,EXISTING PU,580,17475,344207
27,OGUN,19,REMO NORTH,02,IGAN/AJINA,008,27/19/02/008,OPEN SPACE AT ITA POKE,EXISTING PU,580,17475,344208
27,OGUN,19,REMO NORTH,02,IGAN/AJINA,009,27/19/02/009,OPEN SPACE ATAGO ARO,EXISTING PU,580,17475,344209
27,OGUN,19,REMO NORTH,02,IGAN/AJINA,010,27/19/02/010,OPEN SPACE AT MAJAAGO,EXISTING PU,580,17475,344210
27,OGUN,19,REMO NORTH,02,IGAN/AJINA,011,27/19/02/011,OPEN SPACE FRONT OF MAJAAGO'S PALACE,EXISTING PU,580,17475,344211
27,OGUN,19,REMO NORTH,02,IGAN/AJINA,012,27/19/02/012,"OPEN SPACE AT ILE AWO, OPP. GEN. HOSPITAL",EXISTING PU,580,17475,344212
27,OGUN,19,REMO NORTH,02,IGAN/AJINA,013,27/19/02/013,OPEN SPACE AT ITA OLIMO,EXISTING PU,580,17475,344213
27,OGUN,19,REMO NORTH,02,IGAN/AJINA,014,27/19/02/014,OPEN SPACE AT ERINLA MIDWAY,EXISTING PU,580,17475,344214
27,OGUN,19,REMO NORTH,02,IGAN/AJINA,015,27/19/02/015,OPEN SPACE AT POKE,EXISTING PU,580,17475,344215
27,OGUN,19,REMO NORTH,02,IGAN/AJINA,016,27/19/02/016,"OPEN SPACE AT MADOGA, STREET",EXISTING PU,580,17475,344216
27,OGUN,19,REMO NORTH,03,MOBORODE/OKE-OLA,001,27/19/03/001,"OPEN SPACE AT OKE OLA, MID WAY  I",EXISTING PU,580,17476,344217
27,OGUN,19,REMO NORTH,03,MOBORODE/OKE-OLA,002,27/19/03/002,"OPEN SPACE AT OKE OLA, MID WAY  II",EXISTING PU,580,17476,344218
27,OGUN,19,REMO NORTH,03,MOBORODE/OKE-OLA,003,27/19/03/003,"A.U.D. SCHOOL, ISARA  I",EXISTING PU,580,17476,344219
27,OGUN,19,REMO NORTH,03,MOBORODE/OKE-OLA,004,27/19/03/004,"A.U.D. SCHOOL, ISARA  II",EXISTING PU,580,17476,344220
27,OGUN,19,REMO NORTH,03,MOBORODE/OKE-OLA,005,27/19/03/005,"WESLEY SCHOOL, ISARA  I",EXISTING PU,580,17476,344221
27,OGUN,19,REMO NORTH,03,MOBORODE/OKE-OLA,006,27/19/03/006,"WESLEY SCHOOL, ISARA  II",EXISTING PU,580,17476,344222
27,OGUN,19,REMO NORTH,03,MOBORODE/OKE-OLA,007,27/19/03/007,OPEN SPACE AT OBALENDE JUNCTION,EXISTING PU,580,17476,344223
27,OGUN,19,REMO NORTH,03,MOBORODE/OKE-OLA,008,27/19/03/008,"OPEN SPACE AT IDI-OBI, OBALENDE",EXISTING PU,580,17476,344224
27,OGUN,19,REMO NORTH,03,MOBORODE/OKE-OLA,009,27/19/03/009,OPEN SPACE AT IMORISA MID-WAY,EXISTING PU,580,17476,344225
27,OGUN,19,REMO NORTH,03,MOBORODE/OKE-OLA,010,27/19/03/010,L.G SCHOOL AGETA,NEW PU,580,17476,344226
27,OGUN,19,REMO NORTH,04,ODOFIN/IMAGBO/PETEKUN/DAWARA,001,27/19/04/001,L.G. SCHOOL ODO  I,EXISTING PU,580,17477,344227
27,OGUN,19,REMO NORTH,04,ODOFIN/IMAGBO/PETEKUN/DAWARA,002,27/19/04/002,L.G. SCHOOL ODO  II,EXISTING PU,580,17477,344228
27,OGUN,19,REMO NORTH,04,ODOFIN/IMAGBO/PETEKUN/DAWARA,003,27/19/04/003,L.G. SCHOOL JOWOJE,EXISTING PU,580,17477,344229
27,OGUN,19,REMO NORTH,04,ODOFIN/IMAGBO/PETEKUN/DAWARA,004,27/19/04/004,L.G. SCHOOL GBASEMO,EXISTING PU,580,17477,344230
27,OGUN,19,REMO NORTH,04,ODOFIN/IMAGBO/PETEKUN/DAWARA,005,27/19/04/005,L.G. SCHOOL IMAGBON,EXISTING PU,580,17477,344231
27,OGUN,19,REMO NORTH,04,ODOFIN/IMAGBO/PETEKUN/DAWARA,006,27/19/04/006,"L.G. SCHOOL, ELUJU",EXISTING PU,580,17477,344232
27,OGUN,19,REMO NORTH,04,ODOFIN/IMAGBO/PETEKUN/DAWARA,007,27/19/04/007,OLOPARUN VILLAGE SQUARE,EXISTING PU,580,17477,344233
27,OGUN,19,REMO NORTH,04,ODOFIN/IMAGBO/PETEKUN/DAWARA,008,27/19/04/008,EGUNFOYE VILLAGE SQUARE I,EXISTING PU,580,17477,344234
27,OGUN,19,REMO NORTH,04,ODOFIN/IMAGBO/PETEKUN/DAWARA,009,27/19/04/009,EGUNFOYE VILLAGE SQUARE II,EXISTING PU,580,17477,344235
27,OGUN,19,REMO NORTH,04,ODOFIN/IMAGBO/PETEKUN/DAWARA,010,27/19/04/010,LAGBAN PRY. SCHOOL,EXISTING PU,580,17477,344236
27,OGUN,19,REMO NORTH,04,ODOFIN/IMAGBO/PETEKUN/DAWARA,011,27/19/04/011,OPEN SPACE AT IRESI VILLAGE,EXISTING PU,580,17477,344237
27,OGUN,19,REMO NORTH,04,ODOFIN/IMAGBO/PETEKUN/DAWARA,012,27/19/04/012,OPEN SPACE AT PETEKU LISA VILLAGE I,EXISTING PU,580,17477,344238
27,OGUN,19,REMO NORTH,04,ODOFIN/IMAGBO/PETEKUN/DAWARA,013,27/19/04/013,OPEN SPACE AT PETEKU LISA VILLAGE II,EXISTING PU,580,17477,344239
27,OGUN,19,REMO NORTH,04,ODOFIN/IMAGBO/PETEKUN/DAWARA,014,27/19/04/014,DEYORUWA,EXISTING PU,580,17477,344240
27,OGUN,19,REMO NORTH,04,ODOFIN/IMAGBO/PETEKUN/DAWARA,015,27/19/04/015,OPEN SPACE AT DAWARA,EXISTING PU,580,17477,344241
27,OGUN,19,REMO NORTH,04,ODOFIN/IMAGBO/PETEKUN/DAWARA,016,27/19/04/016,OPEN SPACE AT OPEKERE,EXISTING PU,580,17477,344242
27,OGUN,19,REMO NORTH,04,ODOFIN/IMAGBO/PETEKUN/DAWARA,017,27/19/04/017,OPEN SPACE AT ALAGBE,EXISTING PU,580,17477,344243
27,OGUN,19,REMO NORTH,04,ODOFIN/IMAGBO/PETEKUN/DAWARA,018,27/19/04/018,OPEN SPACE AT OLIWO,EXISTING PU,580,17477,344244
27,OGUN,19,REMO NORTH,05,ILARA,001,27/19/05/001,"UNITED SCHOOL, ILARA  I",EXISTING PU,580,17478,344245
27,OGUN,19,REMO NORTH,05,ILARA,002,27/19/05/002,"UNITED SCHOOL, ILARA  II",EXISTING PU,580,17478,344246
27,OGUN,19,REMO NORTH,05,ILARA,003,27/19/05/003,"OPEN SPACE AT AYEGBAMI ST. MIDDLE  I, ILARA",EXISTING PU,580,17478,344247
27,OGUN,19,REMO NORTH,05,ILARA,004,27/19/05/004,"OPEN SPACE AT AYEGBAMI ST. MIDDLE  II, ILARA",EXISTING PU,580,17478,344248
27,OGUN,19,REMO NORTH,05,ILARA,005,27/19/05/005,OPEN SPACE AT J. JUNCTION ILARA  I,EXISTING PU,580,17478,344249
27,OGUN,19,REMO NORTH,05,ILARA,006,27/19/05/006,OPEN SPACE AT J. JUNCTION ILARA  II,EXISTING PU,580,17478,344250
27,OGUN,19,REMO NORTH,05,ILARA,007,27/19/05/007,"OPEN SPACE FRONT OF MTN MAST, ILARA",NEW PU,580,17478,344251
27,OGUN,19,REMO NORTH,05,ILARA,008,27/19/05/008,"OPEN SPACE AT ARAROMI, ILARA",NEW PU,580,17478,344252
27,OGUN,19,REMO NORTH,05,ILARA,009,27/19/05/009,"OPEN SPACE AT OBAOLUAYE, ILARA",NEW PU,580,17478,344253
27,OGUN,19,REMO NORTH,06,AKAKA,001,27/19/06/001,"UNITED SCHOOL, AKAKA  I",EXISTING PU,580,17479,344254
27,OGUN,19,REMO NORTH,06,AKAKA,002,27/19/06/002,"UNITED SCHOOL, AKAKA  II",EXISTING PU,580,17479,344255
27,OGUN,19,REMO NORTH,06,AKAKA,003,27/19/06/003,AFONLADE VILLAGE SQUARE I,EXISTING PU,580,17479,344256
27,OGUN,19,REMO NORTH,06,AKAKA,004,27/19/06/004,AFONLADE VILLAGE SQUARE II,EXISTING PU,580,17479,344257
27,OGUN,19,REMO NORTH,06,AKAKA,005,27/19/06/005,SALU VILLAGE SQUARE,EXISTING PU,580,17479,344258
27,OGUN,19,REMO NORTH,06,AKAKA,006,27/19/06/006,"UNITED SCHOOL, AKE AMURE",EXISTING PU,580,17479,344259
27,OGUN,19,REMO NORTH,06,AKAKA,007,27/19/06/007,OPEN SPACE FRONT MATERNITY CENTRE AKAKA,EXISTING PU,580,17479,344260
27,OGUN,19,REMO NORTH,06,AKAKA,008,27/19/06/008,OPEN SPACE AT AGORIGO,EXISTING PU,580,17479,344261
27,OGUN,19,REMO NORTH,06,AKAKA,009,27/19/06/009,OPEN SPACE AT ABORO,EXISTING PU,580,17479,344262
27,OGUN,19,REMO NORTH,06,AKAKA,010,27/19/06/010,OPEN SPACE AT ABEAYIKA,EXISTING PU,580,17479,344263
27,OGUN,19,REMO NORTH,06,AKAKA,011,27/19/06/011,"ABULE BALOGUN, VILLAGE SQUARE",EXISTING PU,580,17479,344264
27,OGUN,19,REMO NORTH,07,IPARA,001,27/19/07/001,MARKET SQUARE IPARA  I,EXISTING PU,580,17480,344265
27,OGUN,19,REMO NORTH,07,IPARA,002,27/19/07/002,MARKET SQUARE IPARA  II,EXISTING PU,580,17480,344266
27,OGUN,19,REMO NORTH,07,IPARA,003,27/19/07/003,LOCAL GOVT. SCH. IPARA  I,EXISTING PU,580,17480,344267
27,OGUN,19,REMO NORTH,07,IPARA,004,27/19/07/004,LOCAL GOVT. SCH. IPARA  II,EXISTING PU,580,17480,344268
27,OGUN,19,REMO NORTH,07,IPARA,005,27/19/07/005,UNITED SCH. IPARA  I,EXISTING PU,580,17480,344269
27,OGUN,19,REMO NORTH,07,IPARA,006,27/19/07/006,UNITED SCH. IPARA  II,EXISTING PU,580,17480,344270
27,OGUN,19,REMO NORTH,07,IPARA,007,27/19/07/007,OPEN SPACE AT ABULE SONOYI,EXISTING PU,580,17480,344271
27,OGUN,19,REMO NORTH,07,IPARA,008,27/19/07/008,OPEN SPACE AT AYEGBAMI-IPARA I,EXISTING PU,580,17480,344272
27,OGUN,19,REMO NORTH,07,IPARA,009,27/19/07/009,OPEN SPACE AT AYEGBAMI-IPARA II,EXISTING PU,580,17480,344273
27,OGUN,19,REMO NORTH,07,IPARA,010,27/19/07/010,COMMUNITY HIGH SCHOOL IPARA,NEW PU,580,17480,344274
27,OGUN,19,REMO NORTH,08,ORILE-OKO,001,27/19/08/001,"ANGLICAN SCHOOL, ISAN",EXISTING PU,580,17481,344275
27,OGUN,19,REMO NORTH,08,ORILE-OKO,002,27/19/08/002,"L.G. SCHOOL, OKODELOKUN",EXISTING PU,580,17481,344276
27,OGUN,19,REMO NORTH,08,ORILE-OKO,003,27/19/08/003,"L.G. SCHOOL, ATOBA",EXISTING PU,580,17481,344277
27,OGUN,19,REMO NORTH,08,ORILE-OKO,004,27/19/08/004,UNITED HALL AZANA,EXISTING PU,580,17481,344278
27,OGUN,19,REMO NORTH,08,ORILE-OKO,005,27/19/08/005,AJEGUNLE VILLAGE SQUARE,EXISTING PU,580,17481,344279
27,OGUN,19,REMO NORTH,08,ORILE-OKO,006,27/19/08/006,ARAROMI MARKET SQUARE,EXISTING PU,580,17481,344280
27,OGUN,19,REMO NORTH,08,ORILE-OKO,007,27/19/08/007,OPEN SPACE AT OGUNMUYIWA VILLAGE,EXISTING PU,580,17481,344281
27,OGUN,19,REMO NORTH,08,ORILE-OKO,008,27/19/08/008,KAJOLA VILLAGE SQUARE,EXISTING PU,580,17481,344282
27,OGUN,19,REMO NORTH,08,ORILE-OKO,009,27/19/08/009,OLIWO VILLAGE SQUARE,EXISTING PU,580,17481,344283
27,OGUN,19,REMO NORTH,09,ODE  I,001,27/19/09/001,"XT. CHURCH SCHOOL, ODO  I",EXISTING PU,580,17482,344284
27,OGUN,19,REMO NORTH,09,ODE  I,002,27/19/09/002,"XT. CHURCH SCHOOL, ODO  II",EXISTING PU,580,17482,344285
27,OGUN,19,REMO NORTH,09,ODE  I,003,27/19/09/003,ODE REMO TOWN HALL  I,EXISTING PU,580,17482,344286
27,OGUN,19,REMO NORTH,09,ODE  I,004,27/19/09/004,ODE REMO TOWN HALL  II,EXISTING PU,580,17482,344287
27,OGUN,19,REMO NORTH,09,ODE  I,005,27/19/09/005,NLOKU MARKET  SQURAE  I,EXISTING PU,580,17482,344288
27,OGUN,19,REMO NORTH,09,ODE  I,006,27/19/09/006,NLOKU MARKET  SQURAE  II,EXISTING PU,580,17482,344289
27,OGUN,19,REMO NORTH,09,ODE  I,007,27/19/09/007,OPEN SPACE FRONT OF MATERNITY CENTRE  I,EXISTING PU,580,17482,344290
27,OGUN,19,REMO NORTH,09,ODE  I,008,27/19/09/008,OPEN SPACE FRONT OF MATERNITY CENTRE  II,EXISTING PU,580,17482,344291
27,OGUN,19,REMO NORTH,09,ODE  I,009,27/19/09/009,ODE REMO HIGH SCH.  I,EXISTING PU,580,17482,344292
27,OGUN,19,REMO NORTH,09,ODE  I,010,27/19/09/010,ODE REMO HIGH SCH.  II,EXISTING PU,580,17482,344293
27,OGUN,19,REMO NORTH,09,ODE  I,011,27/19/09/011,AJINA SQUARE  I,EXISTING PU,580,17482,344294
27,OGUN,19,REMO NORTH,09,ODE  I,012,27/19/09/012,AJINA SQUARE  II,EXISTING PU,580,17482,344295
27,OGUN,19,REMO NORTH,09,ODE  I,013,27/19/09/013,OPEN SPACE AT ITAMARO  I,EXISTING PU,580,17482,344296
27,OGUN,19,REMO NORTH,09,ODE  I,014,27/19/09/014,OPEN SPACE AT ITAMARO  II,EXISTING PU,580,17482,344297
27,OGUN,19,REMO NORTH,09,ODE  I,015,27/19/09/015,AJINA SQUARE,EXISTING PU,580,17482,344298
27,OGUN,19,REMO NORTH,10,ODE  II,001,27/19/10/001,"A.U.D. SCHOOL, ODE  I",EXISTING PU,580,17483,344299
27,OGUN,19,REMO NORTH,10,ODE  II,002,27/19/10/002,"A.U.D. SCHOOL, ODE  II",EXISTING PU,580,17483,344300
27,OGUN,19,REMO NORTH,10,ODE  II,003,27/19/10/003,"WESLEY SCHOOL, ODE I",EXISTING PU,580,17483,344301
27,OGUN,19,REMO NORTH,10,ODE  II,004,27/19/10/004,"WESLEY SCHOOL, ODE II",EXISTING PU,580,17483,344302
27,OGUN,19,REMO NORTH,10,ODE  II,005,27/19/10/005,OPEN SPACE AT ITUN-ODE/IGODO NEAR ASIRU'S MOSQUE,EXISTING PU,580,17483,344303
27,OGUN,19,REMO NORTH,10,ODE  II,006,27/19/10/006,AGBERO MARKET SQUARE  I,EXISTING PU,580,17483,344304
27,OGUN,19,REMO NORTH,10,ODE  II,007,27/19/10/007,AGBERO MARKET SQUARE  II,EXISTING PU,580,17483,344305
27,OGUN,19,REMO NORTH,10,ODE  II,008,27/19/10/008,OKE-OLA (NEAR ADERANGA'S HOUSE) I,EXISTING PU,580,17483,344306
27,OGUN,19,REMO NORTH,10,ODE  II,009,27/19/10/009,OKE-OLA (NEAR ADERANGA'S HOUSE) II,EXISTING PU,580,17483,344307
27,OGUN,19,REMO NORTH,10,ODE  II,010,27/19/10/010,OPEN SPACE AT MARIDAN STREET ADEBONYI I,EXISTING PU,580,17483,344308
27,OGUN,19,REMO NORTH,10,ODE  II,011,27/19/10/011,OPEN SPACE AT MARIDAN STREET ADEBONYI II,EXISTING PU,580,17483,344309
27,OGUN,19,REMO NORTH,10,ODE  II,012,27/19/10/012,OPEN SPACE AT MARIDAN STREET ADEBONYI III,EXISTING PU,580,17483,344310
27,OGUN,19,REMO NORTH,10,ODE  II,013,27/19/10/013,OPEN SPACE AT ITA OLISA NEAR BALOGUN'S MOSQUE,EXISTING PU,580,17483,344311
27,OGUN,19,REMO NORTH,10,ODE  II,014,27/19/10/014,OPEN SPACE AT ITA OLISA,EXISTING PU,580,17483,344312
27,OGUN,19,REMO NORTH,10,ODE  II,015,27/19/10/015,AGBERO MARKET SQUARE III,EXISTING PU,580,17483,344313
27,OGUN,19,REMO NORTH,10,ODE  II,016,27/19/10/016,OPEN SPACE AT OKE-OLA III,EXISTING PU,580,17483,344314
27,OGUN,19,REMO NORTH,10,ODE  II,017,27/19/10/017,MUSLIM PRY.SCH.OLOMOWEWE ODE,NEW PU,580,17483,344315
27,OGUN,20,SAGAMU,01,OKO/EPE/ITULA  I,001,27/20/01/001,OPEN SPACE AT SAGAMU ROUND ABOUT,EXISTING PU,581,17484,344316
27,OGUN,20,SAGAMU,01,OKO/EPE/ITULA  I,002,27/20/01/002,"WESLEY SCHOOL, OKO  I",EXISTING PU,581,17484,344317
27,OGUN,20,SAGAMU,01,OKO/EPE/ITULA  I,003,27/20/01/003,"WESLEY SCHOOL, OKO  II",EXISTING PU,581,17484,344318
27,OGUN,20,SAGAMU,01,OKO/EPE/ITULA  I,004,27/20/01/004,OPEN SPACE AT OLD OJA ALE EPE I,EXISTING PU,581,17484,344319
27,OGUN,20,SAGAMU,01,OKO/EPE/ITULA  I,005,27/20/01/005,OPEN SPACE NEAR NURSERY SCHOOL EJIIRO I,EXISTING PU,581,17484,344320
27,OGUN,20,SAGAMU,01,OKO/EPE/ITULA  I,006,27/20/01/006,SOYINDO WESLEY SCHOOL  I,EXISTING PU,581,17484,344321
27,OGUN,20,SAGAMU,01,OKO/EPE/ITULA  I,007,27/20/01/007,A.U.D. SCHOOL OKO  I,EXISTING PU,581,17484,344322
27,OGUN,20,SAGAMU,01,OKO/EPE/ITULA  I,008,27/20/01/008,"OPEN SPACE @ ARAROMI JUNCTION PHASE 1, ALONG SAGAMU-IKENNE ROAD",NEW PU,581,17484,344323
27,OGUN,20,SAGAMU,01,OKO/EPE/ITULA  I,009,27/20/01/009,"OPEN SPACE @ ORIJE JUNCTION, HARMONY JOINT COMMUNITY",NEW PU,581,17484,344324
27,OGUN,20,SAGAMU,01,OKO/EPE/ITULA  I,010,27/20/01/010,REMO SECONDARY SCHOOL,NEW PU,581,17484,344325
27,OGUN,20,SAGAMU,01,OKO/EPE/ITULA  I,011,27/20/01/011,OPEN SPACE @ARAROMI PHASE II ORION ACADEMY,NEW PU,581,17484,344326
27,OGUN,20,SAGAMU,02,OKO/EPE/ITULA  II,001,27/20/02/001,OPEN SPACE NEAR ALADO PALACE,EXISTING PU,581,17485,344327
27,OGUN,20,SAGAMU,02,OKO/EPE/ITULA  II,002,27/20/02/002,OWONIFARI'S HOUSE OPPOSITE  I,EXISTING PU,581,17485,344328
27,OGUN,20,SAGAMU,02,OKO/EPE/ITULA  II,003,27/20/02/003,ST. COLLUMCILE SCHOOL  I,EXISTING PU,581,17485,344329
27,OGUN,20,SAGAMU,02,OKO/EPE/ITULA  II,004,27/20/02/004,OPEN SPACE BESIDE K & S CHURCH  OROKUTA,EXISTING PU,581,17485,344330
27,OGUN,20,SAGAMU,02,OKO/EPE/ITULA  II,005,27/20/02/005,OPEN SPACE AT DEGORUNSEN JUNCTION I,EXISTING PU,581,17485,344331
27,OGUN,20,SAGAMU,02,OKO/EPE/ITULA  II,006,27/20/02/006,OPEN SPACE AT DEGORUNSEN UPPER,EXISTING PU,581,17485,344332
27,OGUN,20,SAGAMU,02,OKO/EPE/ITULA  II,007,27/20/02/007,OPEN SPACE AT IGA LOSI/AKARIGBO,EXISTING PU,581,17485,344333
27,OGUN,20,SAGAMU,02,OKO/EPE/ITULA  II,008,27/20/02/008,OPEN SPACE AT AJINA/ISOKUN ST. JUNCTION,EXISTING PU,581,17485,344334
27,OGUN,20,SAGAMU,02,OKO/EPE/ITULA  II,009,27/20/02/009,"OPEN SPACE NEAR K & S CHURCH, AINA OJOKUN",EXISTING PU,581,17485,344335
27,OGUN,20,SAGAMU,02,OKO/EPE/ITULA  II,010,27/20/02/010,OPEN SPACE OPP. LOWA IBU'S PALACE,EXISTING PU,581,17485,344336
27,OGUN,20,SAGAMU,02,OKO/EPE/ITULA  II,011,27/20/02/011,OPEN SPACE OPPOSITE IPOJI PALACE,EXISTING PU,581,17485,344337
27,OGUN,20,SAGAMU,02,OKO/EPE/ITULA  II,012,27/20/02/012,OPEN SPACE AT MABADEJE JUNCTION  I,EXISTING PU,581,17485,344338
27,OGUN,20,SAGAMU,02,OKO/EPE/ITULA  II,013,27/20/02/013,OPEN SPACE AT ADIEWOCAOT-BAKARE JUNCTION,NEW PU,581,17485,344339
27,OGUN,20,SAGAMU,02,OKO/EPE/ITULA  II,014,27/20/02/014,"OPEN SPACE BESIDE AIYEPE POLICE  STATION, SHAKURA",NEW PU,581,17485,344340
27,OGUN,20,SAGAMU,02,OKO/EPE/ITULA  II,015,27/20/02/015,OPEN SPACE AT SOLA SOBOWALE JUNCTION BESIDE TRANSFORMER,NEW PU,581,17485,344341
27,OGUN,20,SAGAMU,02,OKO/EPE/ITULA  II,016,27/20/02/016,"OPEN SPACE BESIDE SAKURA PALACE BY THE TRANSFORMER,SAKURA",NEW PU,581,17485,344342
27,OGUN,20,SAGAMU,02,OKO/EPE/ITULA  II,017,27/20/02/017,OPEN SPACE AIYEPE JUNCTION,NEW PU,581,17485,344343
27,OGUN,20,SAGAMU,03,AYEGBAMI/IJOKUN,001,27/20/03/001,OPEN SPACE BESIDE ODEKUN,EXISTING PU,581,17486,344344
27,OGUN,20,SAGAMU,03,AYEGBAMI/IJOKUN,002,27/20/03/002,OPEN SPACE FRONTAGE OF JEBE'S,EXISTING PU,581,17486,344345
27,OGUN,20,SAGAMU,03,AYEGBAMI/IJOKUN,003,27/20/03/003,OPEN SPACE NEAR OLOKO'S,EXISTING PU,581,17486,344346
27,OGUN,20,SAGAMU,03,AYEGBAMI/IJOKUN,004,27/20/03/004,OPEN SPACE AT KAMIYO STREET (MIDWAY),EXISTING PU,581,17486,344347
27,OGUN,20,SAGAMU,03,AYEGBAMI/IJOKUN,005,27/20/03/005,OPEN SPACE AT SODE,EXISTING PU,581,17486,344348
27,OGUN,20,SAGAMU,03,AYEGBAMI/IJOKUN,006,27/20/03/006,OPEN SPACE NEAR AWOSANYA,EXISTING PU,581,17486,344349
27,OGUN,20,SAGAMU,03,AYEGBAMI/IJOKUN,007,27/20/03/007,ST. PAUL'S SCHOOL IJOKUN,EXISTING PU,581,17486,344350
27,OGUN,20,SAGAMU,03,AYEGBAMI/IJOKUN,008,27/20/03/008,OPEN SPACE NEAR OLD GARAGE IJOKUN,EXISTING PU,581,17486,344351
27,OGUN,20,SAGAMU,03,AYEGBAMI/IJOKUN,009,27/20/03/009,OPEN SPACE AT MASUNKUNMO JUNCTION BY THE COMMUNICATION MAST,NEW PU,581,17486,344352
27,OGUN,20,SAGAMU,03,AYEGBAMI/IJOKUN,010,27/20/03/010,OPEN SPACE JEBE STREET END,NEW PU,581,17486,344353
27,OGUN,20,SAGAMU,03,AYEGBAMI/IJOKUN,011,27/20/03/011,OPEN SPACE BESIDE AKEREDOLU  YOUTH WATER PROJECT,NEW PU,581,17486,344354
27,OGUN,20,SAGAMU,03,AYEGBAMI/IJOKUN,012,27/20/03/012,"OPEN SPACE BY RAINBOW/OGUNSOLA STREET JUNCTION, EHINGBETI",NEW PU,581,17486,344355
27,OGUN,20,SAGAMU,03,AYEGBAMI/IJOKUN,013,27/20/03/013,"AFRICAN CHURCH PRY SCH, APELOGUN SAGAMU",NEW PU,581,17486,344356
27,OGUN,20,SAGAMU,03,AYEGBAMI/IJOKUN,014,27/20/03/014,ST PAUL SCHOOL AIYEPE,NEW PU,581,17486,344357
27,OGUN,20,SAGAMU,03,AYEGBAMI/IJOKUN,015,27/20/03/015,OPEN SPACE AT END BABATUNDE AWOSANYA STREET,NEW PU,581,17486,344358
27,OGUN,20,SAGAMU,04,SABO 1,001,27/20/04/001,OPEN SPACE AT JOHNSON OGUNSOLA CAR WASH,EXISTING PU,581,17487,344359
27,OGUN,20,SAGAMU,04,SABO 1,002,27/20/04/002,OPEN SPACE AT DAN-TAJIRA I,EXISTING PU,581,17487,344360
27,OGUN,20,SAGAMU,04,SABO 1,003,27/20/04/003,OPEN SPACE AT DAN-TAJIRA  UPPER,EXISTING PU,581,17487,344361
27,OGUN,20,SAGAMU,04,SABO 1,004,27/20/04/004,OPEN SPACE OPPOSITE OLORI ILU PALACE,EXISTING PU,581,17487,344362
27,OGUN,20,SAGAMU,04,SABO 1,005,27/20/04/005,OPEN SPACE BESIDE OLUWAKEMI'S MOSQUE,EXISTING PU,581,17487,344363
27,OGUN,20,SAGAMU,04,SABO 1,006,27/20/04/006,"OPEN SPACE AT GBASEMO STREET, MIDWAY",EXISTING PU,581,17487,344364
27,OGUN,20,SAGAMU,04,SABO 1,007,27/20/04/007,"OPEN SPACE AT BURAIMO STREET, MIDWAY",EXISTING PU,581,17487,344365
27,OGUN,20,SAGAMU,04,SABO 1,008,27/20/04/008,OPEN SPACE OPPOSITE MERCY HOSPITAL,EXISTING PU,581,17487,344366
27,OGUN,20,SAGAMU,04,SABO 1,009,27/20/04/009,OPEN SPACE NEAR G.R.A. BEGINNING I,EXISTING PU,581,17487,344367
27,OGUN,20,SAGAMU,04,SABO 1,010,27/20/04/010,OPEN SPACE AT MOSINMI,EXISTING PU,581,17487,344368
27,OGUN,20,SAGAMU,04,SABO 1,011,27/20/04/011,"OPEN SPACE AT OKULAJA STREET, MIDWAY",EXISTING PU,581,17487,344369
27,OGUN,20,SAGAMU,04,SABO 1,012,27/20/04/012,OPEN SPACE NEAR MRS OKUBOTE HOUSE,EXISTING PU,581,17487,344370
27,OGUN,20,SAGAMU,04,SABO 1,013,27/20/04/013,OPEN SPACE NEAR JUBRIL BALOGUN STREET,EXISTING PU,581,17487,344371
27,OGUN,20,SAGAMU,04,SABO 1,014,27/20/04/014,OPEN SPACE AT KAARA TRAILER PARK I,EXISTING PU,581,17487,344372
27,OGUN,20,SAGAMU,04,SABO 1,015,27/20/04/015,OPEN SPACE AT FAKOYA STREET MIDWAY,EXISTING PU,581,17487,344373
27,OGUN,20,SAGAMU,04,SABO 1,016,27/20/04/016,OPPOSITE STAR-LIGHT,EXISTING PU,581,17487,344374
27,OGUN,20,SAGAMU,04,SABO 1,017,27/20/04/017,"OPEN SPACE @ KAWEFUNMI JUNCTION, GRA QUARTERS",NEW PU,581,17487,344375
27,OGUN,20,SAGAMU,04,SABO 1,018,27/20/04/018,"OPEN SPACE @ BOSS JUNCTION, GRA ROAD SABO",NEW PU,581,17487,344376
27,OGUN,20,SAGAMU,04,SABO 1,019,27/20/04/019,OPEN SPACE @ SABO GRA HEALTH CENTRE,NEW PU,581,17487,344377
27,OGUN,20,SAGAMU,04,SABO 1,020,27/20/04/020,OPEN SPACE AT OLODO JUNCTION SABO,NEW PU,581,17487,344378
27,OGUN,20,SAGAMU,04,SABO 1,021,27/20/04/021,"OPEN SPACE @ ADEMOSU STREET, BESIDE COMMUNICATION MAST, SABO",NEW PU,581,17487,344379
27,OGUN,20,SAGAMU,04,SABO 1,022,27/20/04/022,"OPEN SPACE @ KOLAWOLE JUNCTION, OPPOSITE AA RANO PETROL STATION, AKARIGBO ROAD, SABO",NEW PU,581,17487,344380
27,OGUN,20,SAGAMU,04,SABO 1,023,27/20/04/023,"OPEN SPACE @ KAARA TRAILER PARK II, AKARIGBO ROAD",NEW PU,581,17487,344381
27,OGUN,20,SAGAMU,04,SABO 1,024,27/20/04/024,OPEN SPACE @ BISUGA JUNCTION BESIDE TRANSFORMER,NEW PU,581,17487,344382
27,OGUN,20,SAGAMU,04,SABO 1,025,27/20/04/025,OPEN SPACE @ NELSON OGUNLESI,NEW PU,581,17487,344383
27,OGUN,20,SAGAMU,04,SABO 1,026,27/20/04/026,"INFRONT OF WAPCO SECOND GATE,POWERLINE",NEW PU,581,17487,344384
27,OGUN,20,SAGAMU,04,SABO 1,027,27/20/04/027,"OPEN SPACE @ SABITU JUNCTION,SABO",NEW PU,581,17487,344385
27,OGUN,20,SAGAMU,04,SABO 1,028,27/20/04/028,OPEN  SPACE @ ADENUSI STREET SABO,NEW PU,581,17487,344386
27,OGUN,20,SAGAMU,04,SABO 1,029,27/20/04/029,OPEN SPACE AT AWOFALA STREET OKE ODO SABO,NEW PU,581,17487,344387
27,OGUN,20,SAGAMU,04,SABO 1,030,27/20/04/030,OPEN SPACE OPPOSITE GRA QUARTERS,NEW PU,581,17487,344388
27,OGUN,20,SAGAMU,04,SABO 1,031,27/20/04/031,OPEN SPACE ALAUSA JUNCTION ISOSO GRA PHASE I,NEW PU,581,17487,344389
27,OGUN,20,SAGAMU,04,SABO 1,032,27/20/04/032,"OPEN SPACE OBAFEMI AWOLOWO AV,GRA PHASE I",NEW PU,581,17487,344390
27,OGUN,20,SAGAMU,04,SABO 1,033,27/20/04/033,"OPEN SPACE @AWOFELA STR,SABO",NEW PU,581,17487,344391
27,OGUN,20,SAGAMU,04,SABO 1,034,27/20/04/034,OPEN SPACE @OLODO ROUNDABOUT SABO END,NEW PU,581,17487,344392
27,OGUN,20,SAGAMU,05,SABO II,001,27/20/05/001,OPEN SPACE OPPOSITE KINGS CROWN HOTEL,EXISTING PU,581,17488,344393
27,OGUN,20,SAGAMU,05,SABO II,002,27/20/05/002,OPEN SPACE NEAR SERIKI,EXISTING PU,581,17488,344394
27,OGUN,20,SAGAMU,05,SABO II,003,27/20/05/003,L.G SCHOOL I SABO I,EXISTING PU,581,17488,344395
27,OGUN,20,SAGAMU,05,SABO II,004,27/20/05/004,OPEN SPACE NEAR AGURA ROAD UPPER,EXISTING PU,581,17488,344396
27,OGUN,20,SAGAMU,05,SABO II,005,27/20/05/005,MARKET SQUARE ODE-LEMO ROAD I,EXISTING PU,581,17488,344397
27,OGUN,20,SAGAMU,05,SABO II,006,27/20/05/006,OPEN SPACE NEAR AGURA ROAD END,EXISTING PU,581,17488,344398
27,OGUN,20,SAGAMU,05,SABO II,007,27/20/05/007,OPP. NURSERY SCHOOL ODUJOKO I,EXISTING PU,581,17488,344399
27,OGUN,20,SAGAMU,05,SABO II,008,27/20/05/008,OPEN SPACE AT SODE LANE UPPER,EXISTING PU,581,17488,344400
27,OGUN,20,SAGAMU,05,SABO II,009,27/20/05/009,MUSLIM  HIGH SCHOOL I,EXISTING PU,581,17488,344401
27,OGUN,20,SAGAMU,05,SABO II,010,27/20/05/010,"OPEN SPACE NEAR TEMIDIRE SCHOOL, SABO",EXISTING PU,581,17488,344402
27,OGUN,20,SAGAMU,05,SABO II,011,27/20/05/011,OPEN SPACE AT ODI OLOWO / AKARIGBO STREET,EXISTING PU,581,17488,344403
27,OGUN,20,SAGAMU,05,SABO II,012,27/20/05/012,OPEN SPACE AT ONIGBALE STREET,EXISTING PU,581,17488,344404
27,OGUN,20,SAGAMU,05,SABO II,013,27/20/05/013,REMO DIVISIONAL HIGH SCHOOL I,EXISTING PU,581,17488,344405
27,OGUN,20,SAGAMU,05,SABO II,014,27/20/05/014,BUCKNORS HOUSE BY NEPA I,EXISTING PU,581,17488,344406
27,OGUN,20,SAGAMU,05,SABO II,015,27/20/05/015,OPEN SPACE AT TAIWO GORIOLA,EXISTING PU,581,17488,344407
27,OGUN,20,SAGAMU,05,SABO II,016,27/20/05/016,"OPEN SPACE NEAR AGURA ROAD MIDDLE,(IGBELEFUN)",EXISTING PU,581,17488,344408
27,OGUN,20,SAGAMU,05,SABO II,017,27/20/05/017,OPEN SPACE AT LAGA JUNCTION,NEW PU,581,17488,344409
27,OGUN,20,SAGAMU,05,SABO II,018,27/20/05/018,"OPEN SPACE AT OKO IGBO JUNCTION, ABIJAWUTA, ATOYO BESIDE TRANSFORMER",NEW PU,581,17488,344410
27,OGUN,20,SAGAMU,05,SABO II,019,27/20/05/019,OPEN SPACE AT ONIKOYI ROUND ABOUT,NEW PU,581,17488,344411
27,OGUN,20,SAGAMU,05,SABO II,020,27/20/05/020,OPEN SPACE HAPPY DAY JUNCTION,NEW PU,581,17488,344412
27,OGUN,20,SAGAMU,05,SABO II,021,27/20/05/021,"OPEN SPACE AT COMMUNITY CENTER,LISOKU ROAD, IBELEFU",NEW PU,581,17488,344413
27,OGUN,20,SAGAMU,05,SABO II,022,27/20/05/022,OPEN SPACE ITA MERIN COMMUNITY HALL,NEW PU,581,17488,344414
27,OGUN,20,SAGAMU,05,SABO II,023,27/20/05/023,"OPEN SPACE AT AYODELE JUNCTION OPP TRANSFORMER, IBELEFU ADEBOKU",NEW PU,581,17488,344415
27,OGUN,20,SAGAMU,05,SABO II,024,27/20/05/024,"OPEN SPACE @ HEALTH  CENTRE JUNCTION, POWERLINE ARUBA",NEW PU,581,17488,344416
27,OGUN,20,SAGAMU,05,SABO II,025,27/20/05/025,"OPEN SPACE @ CEMENTRY JUNCTION, ATOYO",NEW PU,581,17488,344417
27,OGUN,20,SAGAMU,05,SABO II,026,27/20/05/026,OPEN SPACE @OGINNI COMMUNITY (PROPOSED HEALTH CENTRE),NEW PU,581,17488,344418
27,OGUN,20,SAGAMU,05,SABO II,027,27/20/05/027,OPEN SPACE @ ATOYO EGBE - ISOPO BESIDE TRANSFORMER,NEW PU,581,17488,344419
27,OGUN,20,SAGAMU,05,SABO II,028,27/20/05/028,"OPEN  SPACE @ MARKET SQUARE,  IBELEFUN SIMPATA, ALONG ODE - LEMO ROAD",NEW PU,581,17488,344420
27,OGUN,20,SAGAMU,05,SABO II,029,27/20/05/029,"OPEN SPACE AT ELEYOWO MARKET, ELEYOWO",NEW PU,581,17488,344421
27,OGUN,20,SAGAMU,05,SABO II,030,27/20/05/030,OPEN SPACE AT ONIGBALE END,NEW PU,581,17488,344422
27,OGUN,20,SAGAMU,06,ISOKUN / OYEBAJO,001,27/20/06/001,"OPEN SPACE NEAR AGOLO, CENTRAL MOSQUE",EXISTING PU,581,17489,344423
27,OGUN,20,SAGAMU,06,ISOKUN / OYEBAJO,002,27/20/06/002,ST. PAUL'S SCHOOL ALAGBE,EXISTING PU,581,17489,344424
27,OGUN,20,SAGAMU,06,ISOKUN / OYEBAJO,003,27/20/06/003,OPEN SPACE AT ALAGBONMEFA I,EXISTING PU,581,17489,344425
27,OGUN,20,SAGAMU,06,ISOKUN / OYEBAJO,004,27/20/06/004,RANIKAN QUARTERS I,EXISTING PU,581,17489,344426
27,OGUN,20,SAGAMU,06,ISOKUN / OYEBAJO,005,27/20/06/005,OPEN SPACE AT IRAYE STREET,EXISTING PU,581,17489,344427
27,OGUN,20,SAGAMU,06,ISOKUN / OYEBAJO,006,27/20/06/006,METHODIST COLLEGE I,EXISTING PU,581,17489,344428
27,OGUN,20,SAGAMU,06,ISOKUN / OYEBAJO,007,27/20/06/007,OPEN SPACE AT OGUNLANA ARAROMI JUNCTION I,EXISTING PU,581,17489,344429
27,OGUN,20,SAGAMU,06,ISOKUN / OYEBAJO,008,27/20/06/008,AJEGUNLE / AKARINGBO STREET,EXISTING PU,581,17489,344430
27,OGUN,20,SAGAMU,06,ISOKUN / OYEBAJO,009,27/20/06/009,OPEN SPACE @ SABINTU/AJEGUNLE JUNCTION.,NEW PU,581,17489,344431
27,OGUN,20,SAGAMU,06,ISOKUN / OYEBAJO,010,27/20/06/010,METHODIST COMPHRENSIVE COLLEGE SECOND GATE,NEW PU,581,17489,344432
27,OGUN,20,SAGAMU,06,ISOKUN / OYEBAJO,011,27/20/06/011,OPEN SPACE @OYEBAJO/BARUWA JUNCTION,NEW PU,581,17489,344433
27,OGUN,20,SAGAMU,06,ISOKUN / OYEBAJO,012,27/20/06/012,OPEN SPACE @ OYEBAJO MIDWAY BY ONIMALE LANE.,NEW PU,581,17489,344434
27,OGUN,20,SAGAMU,06,ISOKUN / OYEBAJO,013,27/20/06/013,OPEN SPACE @OWOLEWA JUNCTION.,NEW PU,581,17489,344435
27,OGUN,20,SAGAMU,06,ISOKUN / OYEBAJO,014,27/20/06/014,OPEN SPACE AT ITUNOKE ROUNDABOUT,NEW PU,581,17489,344436
27,OGUN,20,SAGAMU,07,IJAGBA,001,27/20/07/001,L.G. SCHOOL I,EXISTING PU,581,17490,344437
27,OGUN,20,SAGAMU,07,IJAGBA,002,27/20/07/002,L.G. SCHOOL II,EXISTING PU,581,17490,344438
27,OGUN,20,SAGAMU,07,IJAGBA,003,27/20/07/003,OPEN SPACE OPPOSITE OF ILE- IFA,EXISTING PU,581,17490,344439
27,OGUN,20,SAGAMU,07,IJAGBA,004,27/20/07/004,OPEN SPACE NEAR AFINJU BABALAWO STREET,EXISTING PU,581,17490,344440
27,OGUN,20,SAGAMU,07,IJAGBA,005,27/20/07/005,OPEN SPACE NEAR LEGUNSEN PALACE,EXISTING PU,581,17490,344441
27,OGUN,20,SAGAMU,07,IJAGBA,006,27/20/07/006,ONIJAGBAS PALACE,EXISTING PU,581,17490,344442
27,OGUN,20,SAGAMU,07,IJAGBA,007,27/20/07/007,OPEN SPACE AT ITA IJAGBA JUNCTION,EXISTING PU,581,17490,344443
27,OGUN,20,SAGAMU,07,IJAGBA,008,27/20/07/008,ONIRERE OPPOSITE NO. 30,EXISTING PU,581,17490,344444
27,OGUN,20,SAGAMU,07,IJAGBA,009,27/20/07/009,"L.G SCHOOL II, IJAGBA",NEW PU,581,17490,344445
27,OGUN,20,SAGAMU,08,LATAWA,001,27/20/08/001,OPEN SPACE AT LATAWA PALACE I,EXISTING PU,581,17491,344446
27,OGUN,20,SAGAMU,08,LATAWA,002,27/20/08/002,OPEN SPACE NEAR OGUNMEKUN STREET,EXISTING PU,581,17491,344447
27,OGUN,20,SAGAMU,08,LATAWA,003,27/20/08/003,OPEN SPACE AT LATAWA SQUARE I,EXISTING PU,581,17491,344448
27,OGUN,20,SAGAMU,08,LATAWA,004,27/20/08/004,OPEN SPACE NEAR ARAROMI BAKERY,EXISTING PU,581,17491,344449
27,OGUN,20,SAGAMU,08,LATAWA,005,27/20/08/005,OPEN SPACE NEAR MECHANIC SITE /KAJOLA,EXISTING PU,581,17491,344450
27,OGUN,20,SAGAMU,08,LATAWA,006,27/20/08/006,U.A.M.C. ELEJA I,EXISTING PU,581,17491,344451
27,OGUN,20,SAGAMU,08,LATAWA,007,27/20/08/007,U.A.M.C. ELEJA II,EXISTING PU,581,17491,344452
27,OGUN,20,SAGAMU,08,LATAWA,008,27/20/08/008,OPEN SPACE AT BOLAJI STREET AJEGUNLE,EXISTING PU,581,17491,344453
27,OGUN,20,SAGAMU,09,ODE -LEMO,001,27/20/09/001,ST. JOHN'S PRY. SCHOOL ODE - LEMO,EXISTING PU,581,17492,344454
27,OGUN,20,SAGAMU,09,ODE -LEMO,002,27/20/09/002,OPEN SPACE NEAR LEMO,EXISTING PU,581,17492,344455
27,OGUN,20,SAGAMU,09,ODE -LEMO,003,27/20/09/003,OPEN SPACE NEAR BABA IJO,EXISTING PU,581,17492,344456
27,OGUN,20,SAGAMU,09,ODE -LEMO,004,27/20/09/004,A.U.D. SCHOOL ODE - LEMO I,EXISTING PU,581,17492,344457
27,OGUN,20,SAGAMU,09,ODE -LEMO,005,27/20/09/005,A.U.D. SCHOOL ODE - LEMO II,EXISTING PU,581,17492,344458
27,OGUN,20,SAGAMU,09,ODE -LEMO,006,27/20/09/006,OPEN SPACE AT ILE - AJE MARKET ODE,EXISTING PU,581,17492,344459
27,OGUN,20,SAGAMU,09,ODE -LEMO,007,27/20/09/007,OPEN SPACE ITA MERIN SQUARE,EXISTING PU,581,17492,344460
27,OGUN,20,SAGAMU,09,ODE -LEMO,008,27/20/09/008,ST. PAUL'S SCHOOL IGBOLOLO,EXISTING PU,581,17492,344461
27,OGUN,20,SAGAMU,09,ODE -LEMO,009,27/20/09/009,ST. PAUL'S SCHOOL EMUREN I,EXISTING PU,581,17492,344462
27,OGUN,20,SAGAMU,09,ODE -LEMO,010,27/20/09/010,ITUN ELEMUREN STREET I,EXISTING PU,581,17492,344463
27,OGUN,20,SAGAMU,09,ODE -LEMO,011,27/20/09/011,OPEN SPACE AT MARKET SQUARE I,EXISTING PU,581,17492,344464
27,OGUN,20,SAGAMU,09,ODE -LEMO,012,27/20/09/012,OPEN SPACE AT EMUREN MARKET SQUARE II,EXISTING PU,581,17492,344465
27,OGUN,20,SAGAMU,09,ODE -LEMO,013,27/20/09/013,OPEN SPACE AT OKE-AYO JUNCTION BY WATERBOHOLE,NEW PU,581,17492,344466
27,OGUN,20,SAGAMU,09,ODE -LEMO,014,27/20/09/014,OPEN SPACE AT OKESELU BY COMMUNITY WATER BOREHOLE,NEW PU,581,17492,344467
27,OGUN,20,SAGAMU,09,ODE -LEMO,015,27/20/09/015,OPEN SPACE AT OKE- AROBI JUNCTION BY TRANSFORMER,NEW PU,581,17492,344468
27,OGUN,20,SAGAMU,09,ODE -LEMO,016,27/20/09/016,OPEN SPACE AT IGANKE JUNCTION EMUREN BY ADRON HOMES,NEW PU,581,17492,344469
27,OGUN,20,SAGAMU,10,OGIJO/ LIKOSI,001,27/20/10/001,ST . PAUL'S SCHOOL IGBODE,EXISTING PU,581,17493,344470
27,OGUN,20,SAGAMU,10,OGIJO/ LIKOSI,002,27/20/10/002,OPEN SPACE AT OSIGBOYEDE VILLAGE I,EXISTING PU,581,17493,344471
27,OGUN,20,SAGAMU,10,OGIJO/ LIKOSI,003,27/20/10/003,ST. MICHAEL R.C.M. FAKALE,EXISTING PU,581,17493,344472
27,OGUN,20,SAGAMU,10,OGIJO/ LIKOSI,004,27/20/10/004,U.A.M.C. SCHOOL IRAYE,EXISTING PU,581,17493,344473
27,OGUN,20,SAGAMU,10,OGIJO/ LIKOSI,005,27/20/10/005,ST. FRANCIS SCHOOL IGBOSORO,EXISTING PU,581,17493,344474
27,OGUN,20,SAGAMU,10,OGIJO/ LIKOSI,006,27/20/10/006,ST. JOHN SCHOOL OGIJO I,EXISTING PU,581,17493,344475
27,OGUN,20,SAGAMU,10,OGIJO/ LIKOSI,007,27/20/10/007,ST. JOHN SCHOOL OGIJO II,EXISTING PU,581,17493,344476
27,OGUN,20,SAGAMU,10,OGIJO/ LIKOSI,008,27/20/10/008,OPEN SPACE FRONT LISA'S HOUSE,EXISTING PU,581,17493,344477
27,OGUN,20,SAGAMU,10,OGIJO/ LIKOSI,009,27/20/10/009,WESLEY SCHOOL EREFUN,EXISTING PU,581,17493,344478
27,OGUN,20,SAGAMU,10,OGIJO/ LIKOSI,010,27/20/10/010,OPEN SPACE OPPOSITE CATHOLIC ABAFON,EXISTING PU,581,17493,344479
27,OGUN,20,SAGAMU,10,OGIJO/ LIKOSI,011,27/20/10/011,L.G SCHOOL IGBAGA,EXISTING PU,581,17493,344480
27,OGUN,20,SAGAMU,10,OGIJO/ LIKOSI,012,27/20/10/012,MOSIMI VILLAGE,EXISTING PU,581,17493,344481
27,OGUN,20,SAGAMU,10,OGIJO/ LIKOSI,013,27/20/10/013,L.G. SCHOOL ITA - MERIN,EXISTING PU,581,17493,344482
27,OGUN,20,SAGAMU,10,OGIJO/ LIKOSI,014,27/20/10/014,A.U.D. SCHOOL IMUSHIN - OGIJO,EXISTING PU,581,17493,344483
27,OGUN,20,SAGAMU,10,OGIJO/ LIKOSI,015,27/20/10/015,EYIN EGBE VILLAGE,EXISTING PU,581,17493,344484
27,OGUN,20,SAGAMU,10,OGIJO/ LIKOSI,016,27/20/10/016,WESLEY SCHOOL SOTUNBO,EXISTING PU,581,17493,344485
27,OGUN,20,SAGAMU,10,OGIJO/ LIKOSI,017,27/20/10/017,C.A.C. SCHOOL OGIJO I,EXISTING PU,581,17493,344486
27,OGUN,20,SAGAMU,10,OGIJO/ LIKOSI,018,27/20/10/018,EWU OLOJA PRIMARY SCHOOL,EXISTING PU,581,17493,344487
27,OGUN,20,SAGAMU,10,OGIJO/ LIKOSI,019,27/20/10/019,L.G SCHOOL AJAREGUN I,EXISTING PU,581,17493,344488
27,OGUN,20,SAGAMU,10,OGIJO/ LIKOSI,020,27/20/10/020,"OPEN SPACE BESIDE TRANSFORMER, ASSOCIATION AVENUE AGODO",NEW PU,581,17493,344489
27,OGUN,20,SAGAMU,10,OGIJO/ LIKOSI,021,27/20/10/021,OPEN SPACE AT ONIBURUKU JUNCTION OPP CDA ELECTRIFICATION PROJECT,NEW PU,581,17493,344490
27,OGUN,20,SAGAMU,10,OGIJO/ LIKOSI,022,27/20/10/022,OPEN SPACE @ GASLINE EYITA,NEW PU,581,17493,344491
27,OGUN,20,SAGAMU,10,OGIJO/ LIKOSI,023,27/20/10/023,"OPEN SPACE @ROUND ABOUT ONIJAGUN, OGIJO",NEW PU,581,17493,344492
27,OGUN,20,SAGAMU,10,OGIJO/ LIKOSI,024,27/20/10/024,IDIAGBALUMO OGEDE,NEW PU,581,17493,344493
27,OGUN,20,SAGAMU,10,OGIJO/ LIKOSI,025,27/20/10/025,BESIDE ORIOKUTA PALACE,NEW PU,581,17493,344494
27,OGUN,20,SAGAMU,10,OGIJO/ LIKOSI,026,27/20/10/026,OPEN SPACE AT IGBO OGIJO,NEW PU,581,17493,344495
27,OGUN,20,SAGAMU,10,OGIJO/ LIKOSI,027,27/20/10/027,"IMORO OGIJO COMMUNITY PRY SCHOOL, OGIJO",NEW PU,581,17493,344496
27,OGUN,20,SAGAMU,10,OGIJO/ LIKOSI,028,27/20/10/028,OPEN SPACE @ OKADA PARK OSHODI - OKE,NEW PU,581,17493,344497
27,OGUN,20,SAGAMU,10,OGIJO/ LIKOSI,029,27/20/10/029,OPEN SPACE BESIDE PZ ESTATE TRANSFORMER,NEW PU,581,17493,344498
27,OGUN,20,SAGAMU,10,OGIJO/ LIKOSI,030,27/20/10/030,"AROGUNRE-MELUFEN JUNCTION BESIDE TRANSFORMER, MELUFEN",NEW PU,581,17493,344499
27,OGUN,20,SAGAMU,10,OGIJO/ LIKOSI,031,27/20/10/031,IDOMOGUN TOWN HALL OGIJO,NEW PU,581,17493,344500
27,OGUN,20,SAGAMU,10,OGIJO/ LIKOSI,032,27/20/10/032,"OGIJO COMMUNITY HIGH SCHOOL, OGIJO",NEW PU,581,17493,344501
27,OGUN,20,SAGAMU,10,OGIJO/ LIKOSI,033,27/20/10/033,HALEN JUNCTION NASFAT OGIJO,NEW PU,581,17493,344502
27,OGUN,20,SAGAMU,10,OGIJO/ LIKOSI,034,27/20/10/034,ONAFOWOKAN ESTATE ITAOLIWO(OGIJO),NEW PU,581,17493,344503
27,OGUN,20,SAGAMU,10,OGIJO/ LIKOSI,035,27/20/10/035,"OPEN SPACE INFRONT OF AGBOWA COMMUNITY MARKET, AGBOWA EREFUN",NEW PU,581,17493,344504
27,OGUN,20,SAGAMU,10,OGIJO/ LIKOSI,036,27/20/10/036,OPEN SPACE AT MIRACLE JUNCTION OPP COMMUNICATION MAST,NEW PU,581,17493,344505
27,OGUN,20,SAGAMU,10,OGIJO/ LIKOSI,037,27/20/10/037,OPEN SPACE OKE OKO GAS LINE,NEW PU,581,17493,344506
27,OGUN,20,SAGAMU,10,OGIJO/ LIKOSI,038,27/20/10/038,"OPEN SPACE @ POWERLINE JUNCTION PHONIX, OGIJO",NEW PU,581,17493,344507
27,OGUN,20,SAGAMU,10,OGIJO/ LIKOSI,039,27/20/10/039,"OPEN SPACE @ ITA - SANNI BUS STOP, OGIJO",NEW PU,581,17493,344508
27,OGUN,20,SAGAMU,10,OGIJO/ LIKOSI,040,27/20/10/040,"OLOORODE MARKET, ERIYO-AGA OPP NNPC GASLINE",NEW PU,581,17493,344509
27,OGUN,20,SAGAMU,10,OGIJO/ LIKOSI,041,27/20/10/041,"OPEN SPACE AT ORI OKE JUNCTION, BESIDE TRANSFORMER, ERIYO",NEW PU,581,17493,344510
27,OGUN,20,SAGAMU,10,OGIJO/ LIKOSI,042,27/20/10/042,"OPEN SPACE @ ARIGBABU JUNCTION, MOSINMI",NEW PU,581,17493,344511
27,OGUN,20,SAGAMU,10,OGIJO/ LIKOSI,043,27/20/10/043,MAGBON ELEPETE JUNCTION,NEW PU,581,17493,344512
27,OGUN,20,SAGAMU,10,OGIJO/ LIKOSI,044,27/20/10/044,EREKO JUNCTION OGIJO,NEW PU,581,17493,344513
27,OGUN,20,SAGAMU,10,OGIJO/ LIKOSI,045,27/20/10/045,"IJAGBA COMMUNITY HIGH SCHOOL, SOTUNBO",NEW PU,581,17493,344514
27,OGUN,20,SAGAMU,10,OGIJO/ LIKOSI,046,27/20/10/046,"OPEN SPACE @ OLUWASEYI SQUARE, POWERLINE EYITA-MORO ODO KEKERE",NEW PU,581,17493,344515
27,OGUN,20,SAGAMU,10,OGIJO/ LIKOSI,047,27/20/10/047,"OPEN SPACE @ MALATORI JUNCTION, OGIJO",NEW PU,581,17493,344516
27,OGUN,20,SAGAMU,10,OGIJO/ LIKOSI,048,27/20/10/048,"OPEN SPACE AT MOSHOOD ODUNSI-ALH IMAM YUNUS JUNCTION, ALASE",NEW PU,581,17493,344517
27,OGUN,20,SAGAMU,10,OGIJO/ LIKOSI,049,27/20/10/049,"OPEN SPACE AT DELORD, BESIDE TRANSFORMER, OKE IBU",NEW PU,581,17493,344518
27,OGUN,20,SAGAMU,10,OGIJO/ LIKOSI,050,27/20/10/050,OPEN SPACE @ LIKOSI MARKET,NEW PU,581,17493,344519
27,OGUN,20,SAGAMU,10,OGIJO/ LIKOSI,051,27/20/10/051,"OPEN SPACE @ IYANA TIPPER JUNCTION, EWU-OLOJA",NEW PU,581,17493,344520
27,OGUN,20,SAGAMU,10,OGIJO/ LIKOSI,052,27/20/10/052,"OPEN SPACE @ LIKOSI OLD SOLDIER BUS STOP, GOD PASS THEM DEJUWOGBO, POWERLINE.",NEW PU,581,17493,344521
27,OGUN,20,SAGAMU,10,OGIJO/ LIKOSI,053,27/20/10/053,"OPEN SPACE @ ILARA JUNCTION, OGIJO",NEW PU,581,17493,344522
27,OGUN,20,SAGAMU,10,OGIJO/ LIKOSI,054,27/20/10/054,"OPEN SPACE @ OKE - OKO/OGEDE SQUARE, BESIDE TRANSFORMER, OGIJO",NEW PU,581,17493,344523
27,OGUN,20,SAGAMU,10,OGIJO/ LIKOSI,055,27/20/10/055,ESCOBAR BUS STOP JUNCTION (OGIJO),NEW PU,581,17493,344524
27,OGUN,20,SAGAMU,10,OGIJO/ LIKOSI,056,27/20/10/056,OPEN SPACE AT ALH TEMIASUNWO NITOSI ILE OLOWO JUNCTION,NEW PU,581,17493,344525
27,OGUN,20,SAGAMU,11,SURULERE,001,27/20/11/001,WESLEY SCHOOL MAKUN I,EXISTING PU,581,17494,344526
27,OGUN,20,SAGAMU,11,SURULERE,002,27/20/11/002,Z. I. SCHOOL MAKUN I,EXISTING PU,581,17494,344527
27,OGUN,20,SAGAMU,11,SURULERE,003,27/20/11/003,OPEN SPACE AT AKOREDE MIDWAY,EXISTING PU,581,17494,344528
27,OGUN,20,SAGAMU,11,SURULERE,004,27/20/11/004,OPEN SPACE AT AKOREDE UPPER,EXISTING PU,581,17494,344529
27,OGUN,20,SAGAMU,11,SURULERE,005,27/20/11/005,A.U.D. SCHOOL MAKUN,EXISTING PU,581,17494,344530
27,OGUN,20,SAGAMU,11,SURULERE,006,27/20/11/006,SOKOYA MEMORIAL SCHOOL I,EXISTING PU,581,17494,344531
27,OGUN,20,SAGAMU,11,SURULERE,007,27/20/11/007,OPEN SPACE AT AKOREDE LOWER,EXISTING PU,581,17494,344532
27,OGUN,20,SAGAMU,11,SURULERE,008,27/20/11/008,AKOREDE JUNCTION,EXISTING PU,581,17494,344533
27,OGUN,20,SAGAMU,11,SURULERE,009,27/20/11/009,"OPEN SPACE @ OSOTUNSEN/AKOGUN OKEOWO SQUARE, EWUGA.",NEW PU,581,17494,344534
27,OGUN,20,SAGAMU,11,SURULERE,010,27/20/11/010,MAKUN HIGH SCHOOL SNR SECTION,NEW PU,581,17494,344535
27,OGUN,20,SAGAMU,11,SURULERE,011,27/20/11/011,A.U.D SCHOOL MAKUN,NEW PU,581,17494,344536
27,OGUN,20,SAGAMU,11,SURULERE,012,27/20/11/012,WESLEY SCHOOL MAKUN II,NEW PU,581,17494,344537
27,OGUN,20,SAGAMU,11,SURULERE,013,27/20/11/013,Z.I SCHOOL MAKUN II,NEW PU,581,17494,344538
27,OGUN,20,SAGAMU,11,SURULERE,014,27/20/11/014,OPEN SPACE AT APENA SOKOYA,NEW PU,581,17494,344539
27,OGUN,20,SAGAMU,11,SURULERE,015,27/20/11/015,"OPEN SPACE @ MEDITOP HOSPITAL JUNCTION, ISALE OJUMELE",NEW PU,581,17494,344540
27,OGUN,20,SAGAMU,11,SURULERE,016,27/20/11/016,OPEN SPACE AKOREDE MIDWAY II,NEW PU,581,17494,344541
27,OGUN,20,SAGAMU,11,SURULERE,017,27/20/11/017,OPEN SPACE AT AKOREDE PHASE II,NEW PU,581,17494,344542
27,OGUN,20,SAGAMU,11,SURULERE,018,27/20/11/018,OPEN SPACE AT IWERA,NEW PU,581,17494,344543
27,OGUN,20,SAGAMU,12,ISOTE,001,27/20/12/001,OPEN SPACE OPP DAODU'S HOUSE I,EXISTING PU,581,17495,344544
27,OGUN,20,SAGAMU,12,ISOTE,002,27/20/12/002,"OPEN SPACE OPP. AGBON OLUWOTEDO, STREET",EXISTING PU,581,17495,344545
27,OGUN,20,SAGAMU,12,ISOTE,003,27/20/12/003,OPEN SPACE AT RADELU ISOTE JUNCTION,EXISTING PU,581,17495,344546
27,OGUN,20,SAGAMU,12,ISOTE,004,27/20/12/004,OPEN SPACE AT EWUSI HOUSE,EXISTING PU,581,17495,344547
27,OGUN,20,SAGAMU,12,ISOTE,005,27/20/12/005,OPEN SPACE AT ISOTE STREET MIDWAY,EXISTING PU,581,17495,344548
27,OGUN,20,SAGAMU,12,ISOTE,006,27/20/12/006,OPEN SPACE AT OYEKAN HOUSE,EXISTING PU,581,17495,344549
27,OGUN,20,SAGAMU,12,ISOTE,007,27/20/12/007,OPEN SPACE AT ODIOLOWO/ OLUKOKUN,EXISTING PU,581,17495,344550
27,OGUN,20,SAGAMU,12,ISOTE,008,27/20/12/008,OPEN SPACE AT OSISANYA ST. MIDWAY,EXISTING PU,581,17495,344551
27,OGUN,20,SAGAMU,13,SIMAWA / IWELEPE,001,27/20/13/001,ST. PAUL'S SCHOOL SIMAWE,EXISTING PU,581,17496,344552
27,OGUN,20,SAGAMU,13,SIMAWA / IWELEPE,002,27/20/13/002,OPEN SPACE AT EWU BOUN,EXISTING PU,581,17496,344553
27,OGUN,20,SAGAMU,13,SIMAWA / IWELEPE,003,27/20/13/003,OPEN SPACE AT ALAWUIN VILLAGE,EXISTING PU,581,17496,344554
27,OGUN,20,SAGAMU,13,SIMAWA / IWELEPE,004,27/20/13/004,ST PAUL'S SCHOOL IWELEPE,EXISTING PU,581,17496,344555
27,OGUN,20,SAGAMU,13,SIMAWA / IWELEPE,005,27/20/13/005,OPEN SPACE AT OYELEKE SETTLEMENT,EXISTING PU,581,17496,344556
27,OGUN,20,SAGAMU,13,SIMAWA / IWELEPE,006,27/20/13/006,L.G. SCHOOL KAMIYI,EXISTING PU,581,17496,344557
27,OGUN,20,SAGAMU,13,SIMAWA / IWELEPE,007,27/20/13/007,ST. PAUL'S SCHOOL AYETORO,EXISTING PU,581,17496,344558
27,OGUN,20,SAGAMU,13,SIMAWA / IWELEPE,008,27/20/13/008,ST. PAUL'S SCHOOL OKE -ATE,EXISTING PU,581,17496,344559
27,OGUN,20,SAGAMU,13,SIMAWA / IWELEPE,009,27/20/13/009,OPEN SPACE AT EWU OSI,EXISTING PU,581,17496,344560
27,OGUN,20,SAGAMU,13,SIMAWA / IWELEPE,010,27/20/13/010,L.G. AGUNFOYE,EXISTING PU,581,17496,344561
27,OGUN,20,SAGAMU,13,SIMAWA / IWELEPE,011,27/20/13/011,OPEN SPACE AT EWU DODO,EXISTING PU,581,17496,344562
27,OGUN,20,SAGAMU,13,SIMAWA / IWELEPE,012,27/20/13/012,OPEN SPACE AT EGBEJODA /ARAROMI JUNCTION,EXISTING PU,581,17496,344563
27,OGUN,20,SAGAMU,13,SIMAWA / IWELEPE,013,27/20/13/013,OPEN SPACE AT ASUNORA,EXISTING PU,581,17496,344564
27,OGUN,20,SAGAMU,13,SIMAWA / IWELEPE,014,27/20/13/014,OPEN SPACE AT EWU BALE,EXISTING PU,581,17496,344565
27,OGUN,20,SAGAMU,13,SIMAWA / IWELEPE,015,27/20/13/015,OPEN SPACE AT MECHANIC VILLAGE,EXISTING PU,581,17496,344566
27,OGUN,20,SAGAMU,13,SIMAWA / IWELEPE,016,27/20/13/016,OPEN SPACE AT EWU BOUN II,EXISTING PU,581,17496,344567
27,OGUN,20,SAGAMU,13,SIMAWA / IWELEPE,017,27/20/13/017,OPEN SPACE AT OBADORE MARKET SIMAWA,NEW PU,581,17496,344568
27,OGUN,20,SAGAMU,13,SIMAWA / IWELEPE,018,27/20/13/018,COMMUNITY SQUARE IGBO-IWAJU VILLAGE SIMAWA,NEW PU,581,17496,344569
27,OGUN,20,SAGAMU,13,SIMAWA / IWELEPE,019,27/20/13/019,OPEN SPACE AT COMMUNITY HALL IGBEPA,NEW PU,581,17496,344570
27,OGUN,20,SAGAMU,13,SIMAWA / IWELEPE,020,27/20/13/020,OPEN SPACE @ OLOGBUN-WONPORI MARKET SIMAWA,NEW PU,581,17496,344571
27,OGUN,20,SAGAMU,13,SIMAWA / IWELEPE,021,27/20/13/021,OPEN SPACE EWU OLOJA  JUNCTION SIMAWA,NEW PU,581,17496,344572
27,OGUN,20,SAGAMU,13,SIMAWA / IWELEPE,022,27/20/13/022,OPEN SPACE IPA/SOSO JUNCTION SIMAWA,NEW PU,581,17496,344573
27,OGUN,20,SAGAMU,13,SIMAWA / IWELEPE,023,27/20/13/023,OPEN SPACE@APPLE TEE JUNCTION APELE MAKUN SAGAMU,NEW PU,581,17496,344574
27,OGUN,20,SAGAMU,13,SIMAWA / IWELEPE,024,27/20/13/024,OPEN SPACE AT OJU ODUWA IGE COMMUNITY JUNCTION SAGAMU,NEW PU,581,17496,344575
27,OGUN,20,SAGAMU,13,SIMAWA / IWELEPE,025,27/20/13/025,OPEN SPACE AREKE COMMUNITY,NEW PU,581,17496,344576
27,OGUN,20,SAGAMU,14,AGBOWA,001,27/20/14/001,OPEN SPACE AT WANPONRIN COURT,EXISTING PU,581,17497,344577
27,OGUN,20,SAGAMU,14,AGBOWA,002,27/20/14/002,OPEN SPACE AT RASUSI COMPOUND,EXISTING PU,581,17497,344578
27,OGUN,20,SAGAMU,14,AGBOWA,003,27/20/14/003,OPEN SPACE AT OKE - AGBAWO NEAR AWOYEMI,EXISTING PU,581,17497,344579
27,OGUN,20,SAGAMU,14,AGBOWA,004,27/20/14/004,ST. PAUL'S SCHOOL MAKUN,EXISTING PU,581,17497,344580
27,OGUN,20,SAGAMU,14,AGBOWA,005,27/20/14/005,OPEN SPACE AT OGURO ST. MIDWAY,EXISTING PU,581,17497,344581
27,OGUN,20,SAGAMU,14,AGBOWA,006,27/20/14/006,OPEN SPACE AT KAJOLA ST. UPPER,EXISTING PU,581,17497,344582
27,OGUN,20,SAGAMU,14,AGBOWA,007,27/20/14/007,OPEN SPACE AT AJEBO LANE,EXISTING PU,581,17497,344583
27,OGUN,20,SAGAMU,14,AGBOWA,008,27/20/14/008,OPEN SPACE AT OUR MOTHER'S PLACE,EXISTING PU,581,17497,344584
27,OGUN,20,SAGAMU,14,AGBOWA,009,27/20/14/009,OPEN SPACE IN FRONT OF SHEU TIJANI,EXISTING PU,581,17497,344585
27,OGUN,20,SAGAMU,14,AGBOWA,010,27/20/14/010,OPEN SPACE AT TIPPER'S GARAGE,EXISTING PU,581,17497,344586
27,OGUN,20,SAGAMU,14,AGBOWA,011,27/20/14/011,OPEN SPACE NEAR SAGAMU MODEL SCHOOL,EXISTING PU,581,17497,344587
27,OGUN,20,SAGAMU,14,AGBOWA,012,27/20/14/012,OPEN SPACE AT BESIDE DALOF HOTEL,EXISTING PU,581,17497,344588
27,OGUN,20,SAGAMU,14,AGBOWA,013,27/20/14/013,OPEN SPACE AT ARAROMI STREET MAKUN,EXISTING PU,581,17497,344589
27,OGUN,20,SAGAMU,14,AGBOWA,014,27/20/14/014,OPEN SPACE BEHIND SOPOIKI'S HOUSE,EXISTING PU,581,17497,344590
27,OGUN,20,SAGAMU,14,AGBOWA,015,27/20/14/015,OPEN SPACE NEAR AWOLOWO MARKET,EXISTING PU,581,17497,344591
27,OGUN,20,SAGAMU,14,AGBOWA,016,27/20/14/016,OPEN SPACE @ AJAKA SECOND ROUND ABOUT.,NEW PU,581,17497,344592
27,OGUN,20,SAGAMU,14,AGBOWA,017,27/20/14/017,"OPEN SPACE @ ODIJA SQUARE BEHIND NEPA OFFICE MAKUN, SAGAMU",NEW PU,581,17497,344593
27,OGUN,20,SAGAMU,14,AGBOWA,018,27/20/14/018,"OPEN SPACE @IJEBU ODE MOTOR PARK, EXPRESS JUNCTION SAGAMU",NEW PU,581,17497,344594
27,OGUN,20,SAGAMU,14,AGBOWA,019,27/20/14/019,"OPEN SPACE @ REMO POLY JUNCTION, EWU - OLIWO SAGAMU",NEW PU,581,17497,344595
27,OGUN,20,SAGAMU,14,AGBOWA,020,27/20/14/020,ST PAUL SCHOOL ANGLICAN SCHOOL II MAKUN,NEW PU,581,17497,344596
27,OGUN,20,SAGAMU,14,AGBOWA,021,27/20/14/021,OPEN SPACE AT MULERUWA/KEKEREIFA JUNCTION AGBOWA SAGAMU,NEW PU,581,17497,344597
27,OGUN,20,SAGAMU,14,AGBOWA,022,27/20/14/022,OPEN SPACE @ KAJOLA JUNCTION,NEW PU,581,17497,344598
27,OGUN,20,SAGAMU,14,AGBOWA,023,27/20/14/023,OPEN SPACE @ ADENIJI STREET NEAR COMMUNICATION MAST,NEW PU,581,17497,344599
27,OGUN,20,SAGAMU,14,AGBOWA,024,27/20/14/024,OPEN SPACE AT OMOBOWALE ELESHI END POWERLINE AJAKA,NEW PU,581,17497,344600
27,OGUN,20,SAGAMU,14,AGBOWA,025,27/20/14/025,OPEN SPACE AT DAVID SHOMEFUN GENESIS JUNCTION EWU OLIWO,NEW PU,581,17497,344601
27,OGUN,20,SAGAMU,14,AGBOWA,026,27/20/14/026,OTUNBA GBENGA DANIEL MODEL SCHOOL,NEW PU,581,17497,344602
27,OGUN,20,SAGAMU,14,AGBOWA,027,27/20/14/027,OPEN SPACE AT ORI-APATA EWU OLIWO,NEW PU,581,17497,344603
27,OGUN,20,SAGAMU,14,AGBOWA,028,27/20/14/028,OPEN SPACE EWU OLIWO WHITE HOUSE JUNCTION,NEW PU,581,17497,344604
27,OGUN,20,SAGAMU,14,AGBOWA,029,27/20/14/029,OPEN SPACE END ORI APATA EWO OLIWO,NEW PU,581,17497,344605
27,OGUN,20,SAGAMU,15,IBIDO/ITUWA/ALARA,001,27/20/15/001,TOWN HALL I,EXISTING PU,581,17498,344606
27,OGUN,20,SAGAMU,15,IBIDO/ITUWA/ALARA,002,27/20/15/002,OPEN SPACE AT OSORIBIYA COURT,EXISTING PU,581,17498,344607
27,OGUN,20,SAGAMU,15,IBIDO/ITUWA/ALARA,003,27/20/15/003,OPEN SPACE AT AGBOWA,EXISTING PU,581,17498,344608
27,OGUN,20,SAGAMU,15,IBIDO/ITUWA/ALARA,004,27/20/15/004,OPEN SPACE AT IRAYE UPPER,EXISTING PU,581,17498,344609
27,OGUN,20,SAGAMU,15,IBIDO/ITUWA/ALARA,005,27/20/15/005,OPEN SPACE AT IRAYE LOWER,EXISTING PU,581,17498,344610
27,OGUN,20,SAGAMU,15,IBIDO/ITUWA/ALARA,006,27/20/15/006,OPEN SPACE AT ITUN ALARA,EXISTING PU,581,17498,344611
27,OGUN,20,SAGAMU,15,IBIDO/ITUWA/ALARA,007,27/20/15/007,OPEN SPACE AT IBIDO SQUARE,EXISTING PU,581,17498,344612
27,OGUN,20,SAGAMU,15,IBIDO/ITUWA/ALARA,008,27/20/15/008,TOWN HALL II,NEW PU,581,17498,344613
27,OGUN,20,SAGAMU,15,IBIDO/ITUWA/ALARA,009,27/20/15/009,"OPEN SPACE @ ITUN-MODE JUNCTION IBIDO,SAGAMU",NEW PU,581,17498,344614
